normalized_source_url,source_url,first_manifest
https://brooklynmuseum.org/opencollection/objects/2600,https://www.brooklynmuseum.org/opencollection/objects/2600,data/desktop_scenes_batch2/manifest.csv
https://collection.cooperhewitt.org/view/objects/asitem/id/100081,https://collection.cooperhewitt.org/view/objects/asitem/id/100081,data/desktop_scenes_batch2/manifest.csv
https://collection.cooperhewitt.org/view/objects/asitem/id/229914,https://collection.cooperhewitt.org/view/objects/asitem/id/229914,data/desktop_scenes_batch2/manifest.csv
https://commons.wikimedia.org/w/index.php?curid=144373431,https://commons.wikimedia.org/w/index.php?curid=144373431,data/desktop_scenes_batch2/manifest.csv
https://commons.wikimedia.org/w/index.php?curid=148028498,https://commons.wikimedia.org/w/index.php?curid=148028498,data/desktop_scenes_batch2/manifest.csv
https://commons.wikimedia.org/w/index.php?curid=167035392,https://commons.wikimedia.org/w/index.php?curid=167035392,data/desktop_scenes_batch2/manifest.csv
https://commons.wikimedia.org/w/index.php?curid=186476339,https://commons.wikimedia.org/w/index.php?curid=186476339,data/desktop_scenes_batch2/manifest.csv
https://commons.wikimedia.org/w/index.php?curid=189822871,https://commons.wikimedia.org/w/index.php?curid=189822871,data/desktop_scenes_batch2/manifest.csv
https://commons.wikimedia.org/w/index.php?curid=194107403,https://commons.wikimedia.org/w/index.php?curid=194107403,data/desktop_scenes_batch2/manifest.csv
https://commons.wikimedia.org/w/index.php?curid=194107406,https://commons.wikimedia.org/w/index.php?curid=194107406,data/desktop_scenes_batch2/manifest.csv
https://commons.wikimedia.org/w/index.php?curid=21360540,https://commons.wikimedia.org/w/index.php?curid=21360540,data/desktop_scenes_batch2/manifest.csv
https://commons.wikimedia.org/w/index.php?curid=65777613,https://commons.wikimedia.org/w/index.php?curid=65777613,data/desktop_scenes_batch2/manifest.csv
https://commons.wikimedia.org/w/index.php?curid=65777618,https://commons.wikimedia.org/w/index.php?curid=65777618,data/desktop_scenes_batch2/manifest.csv
https://commons.wikimedia.org/w/index.php?curid=74863128,https://commons.wikimedia.org/w/index.php?curid=74863128,data/desktop_scenes_batch2/manifest.csv
https://commons.wikimedia.org/wiki/File:A_Family_in_a_Beach_Chalet_(10291198964).jpg,https://commons.wikimedia.org/wiki/File:A_Family_in_a_Beach_Chalet_(10291198964).jpg,data/desktop_scenes/manifest.csv
https://commons.wikimedia.org/wiki/File:A_brunch_at_Capel_Manor_College_Gardens_Enfield_London_England.jpg,https://commons.wikimedia.org/wiki/File:A_brunch_at_Capel_Manor_College_Gardens_Enfield_London_England.jpg,data/desktop_scenes/manifest.csv
https://commons.wikimedia.org/wiki/File:Abbotsford_House_Study_Room.jpg,https://commons.wikimedia.org/wiki/File:Abbotsford_House_Study_Room.jpg,data/desktop_scenes_batch3/manifest.csv
https://commons.wikimedia.org/wiki/File:American_bee_journal_(1881)_(17492211973).jpg,https://commons.wikimedia.org/wiki/File:American_bee_journal_(1881)_(17492211973).jpg,data/desktop_scenes/manifest.csv
https://commons.wikimedia.org/wiki/File:American_bee_journal_(1881)_(17924900618).jpg,https://commons.wikimedia.org/wiki/File:American_bee_journal_(1881)_(17924900618).jpg,data/desktop_scenes/manifest.csv
https://commons.wikimedia.org/wiki/File:Bitcoin_Suisse_HQ_desk.jpg,https://commons.wikimedia.org/wiki/File:Bitcoin_Suisse_HQ_desk.jpg,data/desktop_scenes_batch3/manifest.csv
"https://commons.wikimedia.org/wiki/File:Building_the_nation_-_events_in_the_history_of_the_United_States,_from_the_Revolution_to_the_beginning_of_the_war_between_the_states_(1883)_(14578319897).jpg","https://commons.wikimedia.org/wiki/File:Building_the_nation_-_events_in_the_history_of_the_United_States,_from_the_Revolution_to_the_beginning_of_the_war_between_the_states_(1883)_(14578319897).jpg",data/desktop_scenes/manifest.csv
https://commons.wikimedia.org/wiki/File:Bullet_proof_glass_at_NPHS_front_desk.jpg,https://commons.wikimedia.org/wiki/File:Bullet_proof_glass_at_NPHS_front_desk.jpg,data/desktop_scenes_batch4/manifest.csv
https://commons.wikimedia.org/wiki/File:Burr_Walnut_Davenport_front_right_side.jpg,https://commons.wikimedia.org/wiki/File:Burr_Walnut_Davenport_front_right_side.jpg,data/desktop_scenes_batch4/manifest.csv
https://commons.wikimedia.org/wiki/File:Computer_Room_Desk_2008.jpg,https://commons.wikimedia.org/wiki/File:Computer_Room_Desk_2008.jpg,data/desktop_scenes_batch4/manifest.csv
https://commons.wikimedia.org/wiki/File:Crowds_of_people_in_North_Terrace_for_the_visit_of_the_Prince_of_Wales(GN13838).jpg,https://commons.wikimedia.org/wiki/File:Crowds_of_people_in_North_Terrace_for_the_visit_of_the_Prince_of_Wales(GN13838).jpg,data/desktop_scenes/manifest.csv
https://commons.wikimedia.org/wiki/File:D%26D_Game_1.jpg,https://commons.wikimedia.org/wiki/File:D%26D_Game_1.jpg,data/desktop_scenes_batch3/manifest.csv
https://commons.wikimedia.org/wiki/File:Design_for_a_Bookcase_with_Writing_Desk_MET_DP801963.jpg,https://commons.wikimedia.org/wiki/File:Design_for_a_Bookcase_with_Writing_Desk_MET_DP801963.jpg,data/desktop_scenes_batch3/manifest.csv
https://commons.wikimedia.org/wiki/File:Desk_MET_41810.jpg,https://commons.wikimedia.org/wiki/File:Desk_MET_41810.jpg,data/desktop_scenes_batch5/manifest.csv
https://commons.wikimedia.org/wiki/File:Desk_MET_41830.jpg,https://commons.wikimedia.org/wiki/File:Desk_MET_41830.jpg,data/desktop_scenes_batch5/manifest.csv
https://commons.wikimedia.org/wiki/File:Desk_MET_8570.jpg,https://commons.wikimedia.org/wiki/File:Desk_MET_8570.jpg,data/desktop_scenes_batch5/manifest.csv
https://commons.wikimedia.org/wiki/File:Desk_MET_ADA3901.jpg,https://commons.wikimedia.org/wiki/File:Desk_MET_ADA3901.jpg,data/desktop_scenes_batch3/manifest.csv
https://commons.wikimedia.org/wiki/File:Desk_MET_DT11195.jpg,https://commons.wikimedia.org/wiki/File:Desk_MET_DT11195.jpg,data/desktop_scenes_batch3/manifest.csv
https://commons.wikimedia.org/wiki/File:Desk_MET_DT235353.jpg,https://commons.wikimedia.org/wiki/File:Desk_MET_DT235353.jpg,data/desktop_scenes_batch3/manifest.csv
https://commons.wikimedia.org/wiki/File:Desktop_workspace_in_transition_2008.jpg,https://commons.wikimedia.org/wiki/File:Desktop_workspace_in_transition_2008.jpg,sample_run/manifest.csv
https://commons.wikimedia.org/wiki/File:EFTA00000884_-_Computer_workstation_featuring_a_laptop_keyboard_mouse_and_multiple_monitors_on_a_light-colored_desk.jpg,https://commons.wikimedia.org/wiki/File:EFTA00000884_-_Computer_workstation_featuring_a_laptop_keyboard_mouse_and_multiple_monitors_on_a_light-colored_desk.jpg,data/desktop_scenes/manifest.csv
"https://commons.wikimedia.org/wiki/File:Executive_Desk,_1921.jpg","https://commons.wikimedia.org/wiki/File:Executive_Desk,_1921.jpg",data/desktop_scenes_batch4/manifest.csv
https://commons.wikimedia.org/wiki/File:George-peabody-library.jpg,https://commons.wikimedia.org/wiki/File:George-peabody-library.jpg,data/desktop_scenes_batch3/manifest.csv
https://commons.wikimedia.org/wiki/File:Homes_and_their_decoration_(1903)_(14784402143).jpg,https://commons.wikimedia.org/wiki/File:Homes_and_their_decoration_(1903)_(14784402143).jpg,data/desktop_scenes/manifest.csv
"https://commons.wikimedia.org/wiki/File:Hydration_break_jugs_at_Bishop%27s_Stortford_Cricket_Club,_Hertfordshire.jpg","https://commons.wikimedia.org/wiki/File:Hydration_break_jugs_at_Bishop%27s_Stortford_Cricket_Club,_Hertfordshire.jpg",data/desktop_scenes_batch3/manifest.csv
https://commons.wikimedia.org/wiki/File:Illustration_r%C3%A9daction_professionnelle.jpg,https://commons.wikimedia.org/wiki/File:Illustration_r%C3%A9daction_professionnelle.jpg,data/desktop_scenes_batch5/manifest.csv
"https://commons.wikimedia.org/wiki/File:Joinery_workbench_2_-_19c_-_Technical_museum,_Nizhny_Novgorod.jpg","https://commons.wikimedia.org/wiki/File:Joinery_workbench_2_-_19c_-_Technical_museum,_Nizhny_Novgorod.jpg",data/desktop_scenes_batch3/manifest.csv
"https://commons.wikimedia.org/wiki/File:Kitchen_with_island,_New_Orleans_2007.jpg","https://commons.wikimedia.org/wiki/File:Kitchen_with_island,_New_Orleans_2007.jpg",data/desktop_scenes_batch3/manifest.csv
https://commons.wikimedia.org/wiki/File:Laptop_and_coffee_on_a_desk.jpg,https://commons.wikimedia.org/wiki/File:Laptop_and_coffee_on_a_desk.jpg,sample_run/manifest.csv
https://commons.wikimedia.org/wiki/File:Messy_translator_desk_with_mini_neko.jpg,https://commons.wikimedia.org/wiki/File:Messy_translator_desk_with_mini_neko.jpg,data/desktop_scenes_batch6/manifest.csv
https://commons.wikimedia.org/wiki/File:Middle-aged_businesswoman_typing_on_laptop_at_home_office.jpg,https://commons.wikimedia.org/wiki/File:Middle-aged_businesswoman_typing_on_laptop_at_home_office.jpg,data/desktop_scenes/manifest.csv
https://commons.wikimedia.org/wiki/File:Oto_godfrey-multi_screen_studio.jpg,https://commons.wikimedia.org/wiki/File:Oto_godfrey-multi_screen_studio.jpg,data/desktop_scenes_batch4/manifest.csv
https://commons.wikimedia.org/wiki/File:Palamuse_kihelkonnakooli_klassiruum.jpg,https://commons.wikimedia.org/wiki/File:Palamuse_kihelkonnakooli_klassiruum.jpg,data/desktop_scenes_batch3/manifest.csv
"https://commons.wikimedia.org/wiki/File:Paperless_work_desk_with_an_iPad,_iMac_and_a_MacBook.jpg","https://commons.wikimedia.org/wiki/File:Paperless_work_desk_with_an_iPad,_iMac_and_a_MacBook.jpg",data/desktop_scenes_batch3/manifest.csv
https://commons.wikimedia.org/wiki/File:PensacolaWentworthAug2008WentworthDesk.jpg,https://commons.wikimedia.org/wiki/File:PensacolaWentworthAug2008WentworthDesk.jpg,data/desktop_scenes_batch3/manifest.csv
https://commons.wikimedia.org/wiki/File:Preparing_fresh_fruit_for_a_smoothie_in_a_bright_kitchen_space_with_colorful_ingredients_spread_across_a_countertop.jpg,https://commons.wikimedia.org/wiki/File:Preparing_fresh_fruit_for_a_smoothie_in_a_bright_kitchen_space_with_colorful_ingredients_spread_across_a_countertop.jpg,data/desktop_scenes/manifest.csv
https://commons.wikimedia.org/wiki/File:President_Barack_Obama.jpg,https://commons.wikimedia.org/wiki/File:President_Barack_Obama.jpg,data/desktop_scenes_batch5/manifest.csv
https://commons.wikimedia.org/wiki/File:Press_Gallery_desk_MoAD.jpg,https://commons.wikimedia.org/wiki/File:Press_Gallery_desk_MoAD.jpg,data/desktop_scenes_batch4/manifest.csv
https://commons.wikimedia.org/wiki/File:RPG-2009-Berlin-2.jpg,https://commons.wikimedia.org/wiki/File:RPG-2009-Berlin-2.jpg,data/desktop_scenes_batch3/manifest.csv
https://commons.wikimedia.org/wiki/File:Resolute_desk_in_Taft_study.jpg,https://commons.wikimedia.org/wiki/File:Resolute_desk_in_Taft_study.jpg,data/desktop_scenes_batch3/manifest.csv
https://commons.wikimedia.org/wiki/File:Rolltop_desk_MET_DP106652.jpg,https://commons.wikimedia.org/wiki/File:Rolltop_desk_MET_DP106652.jpg,data/desktop_scenes_batch3/manifest.csv
https://commons.wikimedia.org/wiki/File:S.D._Butcher%27s_pioneer_history_of_Custer_County_-_and_short_sketches_of_early_days_in_Nebraska_(1901)_(14760386201).jpg,https://commons.wikimedia.org/wiki/File:S.D._Butcher%27s_pioneer_history_of_Custer_County_-_and_short_sketches_of_early_days_in_Nebraska_(1901)_(14760386201).jpg,data/desktop_scenes/manifest.csv
"https://commons.wikimedia.org/wiki/File:The_Lottery_(BM_1850,1109.45).jpg","https://commons.wikimedia.org/wiki/File:The_Lottery_(BM_1850,1109.45).jpg",data/desktop_scenes/manifest.csv
https://commons.wikimedia.org/wiki/File:Woman_capturing_a_selfie_while_enjoying_breakfast_and_working_on_a_laptop.jpg,https://commons.wikimedia.org/wiki/File:Woman_capturing_a_selfie_while_enjoying_breakfast_and_working_on_a_laptop.jpg,data/desktop_scenes/manifest.csv
https://commons.wikimedia.org/wiki/File:Woman_in_professional_attire_typing_on_laptop_with_handcuffs_on_desk_near_coffee_cup_in_modern_office_setting.jpg,https://commons.wikimedia.org/wiki/File:Woman_in_professional_attire_typing_on_laptop_with_handcuffs_on_desk_near_coffee_cup_in_modern_office_setting.jpg,data/desktop_scenes/manifest.csv
https://commons.wikimedia.org/wiki/File:Working_on_my_laptop.jpg,https://commons.wikimedia.org/wiki/File:Working_on_my_laptop.jpg,data/desktop_scenes_batch5/manifest.csv
https://commons.wikimedia.org/wiki/File:Young_woman_enjoying_breakfast_while_reading_a_book_at_a_cozy_home_workspace.jpg,https://commons.wikimedia.org/wiki/File:Young_woman_enjoying_breakfast_while_reading_a_book_at_a_cozy_home_workspace.jpg,data/desktop_scenes/manifest.csv
https://flickr.com/photos/-ebelien-/46207610471,https://www.flickr.com/photos/-ebelien-/46207610471,data/desktop_scenes_batch3/manifest.csv
https://flickr.com/photos/10019047@N05/7173254720,https://www.flickr.com/photos/10019047@N05/7173254720,data/desktop_scenes_batch2/manifest.csv
https://flickr.com/photos/100477236@N02/14785039607,https://www.flickr.com/photos/100477236@N02/14785039607,data/desktop_scenes_batch2/manifest.csv
https://flickr.com/photos/101237052@N02/9663862199,https://www.flickr.com/photos/101237052@N02/9663862199,data/desktop_scenes_batch3/manifest.csv
https://flickr.com/photos/101291927@N05/19259821829,https://www.flickr.com/photos/101291927@N05/19259821829,data/desktop_scenes_batch2/manifest.csv
https://flickr.com/photos/101332430@N03/9677861633,https://www.flickr.com/photos/101332430@N03/9677861633,data/desktop_scenes/manifest.csv
https://flickr.com/photos/101332430@N03/9722218847,https://www.flickr.com/photos/101332430@N03/9722218847,data/desktop_scenes_batch5/manifest.csv
https://flickr.com/photos/10154402@N03/29301984823,https://www.flickr.com/photos/10154402@N03/29301984823,data/desktop_scenes_batch5/manifest.csv
https://flickr.com/photos/10154402@N03/29302022243,https://www.flickr.com/photos/10154402@N03/29302022243,data/desktop_scenes_batch3/manifest.csv
https://flickr.com/photos/10154402@N03/49196451178,https://www.flickr.com/photos/10154402@N03/49196451178,data/desktop_scenes_batch5/manifest.csv
https://flickr.com/photos/10154402@N03/49210936753,https://www.flickr.com/photos/10154402@N03/49210936753,data/desktop_scenes_batch5/manifest.csv
https://flickr.com/photos/10154402@N03/49211642482,https://www.flickr.com/photos/10154402@N03/49211642482,data/desktop_scenes_batch5/manifest.csv
https://flickr.com/photos/10154402@N03/49215074697,https://www.flickr.com/photos/10154402@N03/49215074697,data/desktop_scenes_batch5/manifest.csv
https://flickr.com/photos/10154402@N03/49230661281,https://www.flickr.com/photos/10154402@N03/49230661281,data/desktop_scenes_batch5/manifest.csv
https://flickr.com/photos/10154402@N03/49236154742,https://www.flickr.com/photos/10154402@N03/49236154742,data/desktop_scenes_batch5/manifest.csv
https://flickr.com/photos/10154402@N03/49241153607,https://www.flickr.com/photos/10154402@N03/49241153607,data/desktop_scenes_batch5/manifest.csv
https://flickr.com/photos/10154402@N03/49748271306,https://www.flickr.com/photos/10154402@N03/49748271306,data/desktop_scenes_batch5/manifest.csv
https://flickr.com/photos/10154402@N03/49767949392,https://www.flickr.com/photos/10154402@N03/49767949392,data/desktop_scenes_batch5/manifest.csv
https://flickr.com/photos/10154402@N03/49768967483,https://www.flickr.com/photos/10154402@N03/49768967483,data/desktop_scenes_batch5/manifest.csv
https://flickr.com/photos/10154402@N03/49774299367,https://www.flickr.com/photos/10154402@N03/49774299367,data/desktop_scenes_batch5/manifest.csv
https://flickr.com/photos/10154402@N03/49791740207,https://www.flickr.com/photos/10154402@N03/49791740207,data/desktop_scenes_batch5/manifest.csv
https://flickr.com/photos/10154402@N03/49799091238,https://www.flickr.com/photos/10154402@N03/49799091238,data/desktop_scenes_batch5/manifest.csv
https://flickr.com/photos/101561334@N08/10324947756,https://www.flickr.com/photos/101561334@N08/10324947756,data/desktop_scenes_batch3/manifest.csv
https://flickr.com/photos/101561334@N08/13136030914,https://www.flickr.com/photos/101561334@N08/13136030914,data/desktop_scenes_batch3/manifest.csv
https://flickr.com/photos/101592688@N07/14664113462,https://www.flickr.com/photos/101592688@N07/14664113462,data/desktop_scenes_batch2/manifest.csv
https://flickr.com/photos/10184732@N03/2406213837,https://www.flickr.com/photos/10184732@N03/2406213837,data/desktop_scenes_batch2/manifest.csv
https://flickr.com/photos/10209031@N08/4232946477,https://www.flickr.com/photos/10209031@N08/4232946477,data/desktop_scenes_batch2/manifest.csv
https://flickr.com/photos/10271343@N00/2885687985,https://www.flickr.com/photos/10271343@N00/2885687985,data/desktop_scenes_batch2/manifest.csv
https://flickr.com/photos/10295241@N02/12165904053,https://www.flickr.com/photos/10295241@N02/12165904053,data/desktop_scenes_batch2/manifest.csv
https://flickr.com/photos/10361931@N06/4268896936,https://www.flickr.com/photos/10361931@N06/4268896936,data/desktop_scenes_batch2/manifest.csv
https://flickr.com/photos/10393601@N08/2671792679,https://www.flickr.com/photos/10393601@N08/2671792679,data/desktop_scenes_batch2/manifest.csv
https://flickr.com/photos/10419299@N06/3546665606,https://www.flickr.com/photos/10419299@N06/3546665606,data/desktop_scenes_batch3/manifest.csv
https://flickr.com/photos/10419299@N06/5639386309,https://www.flickr.com/photos/10419299@N06/5639386309,data/desktop_scenes_batch4/manifest.csv
https://flickr.com/photos/10419299@N06/5639959596,https://www.flickr.com/photos/10419299@N06/5639959596,data/desktop_scenes_batch5/manifest.csv
https://flickr.com/photos/10485077@N06/51303551763,https://www.flickr.com/photos/10485077@N06/51303551763,data/desktop_scenes_batch2/manifest.csv
https://flickr.com/photos/104963192@N04/11186316844,https://www.flickr.com/photos/104963192@N04/11186316844,data/desktop_scenes_batch3/manifest.csv
https://flickr.com/photos/10542402@N06/8614158558,https://www.flickr.com/photos/10542402@N06/8614158558,data/desktop_scenes_batch3/manifest.csv
https://flickr.com/photos/10559879@N00/2311645075,https://www.flickr.com/photos/10559879@N00/2311645075,data/desktop_scenes_batch2/manifest.csv
https://flickr.com/photos/10559879@N00/2426694855,https://www.flickr.com/photos/10559879@N00/2426694855,data/desktop_scenes_batch2/manifest.csv
https://flickr.com/photos/10559879@N00/2475211335,https://www.flickr.com/photos/10559879@N00/2475211335,data/desktop_scenes_batch2/manifest.csv
https://flickr.com/photos/10559879@N00/2475215415,https://www.flickr.com/photos/10559879@N00/2475215415,data/desktop_scenes_batch2/manifest.csv
https://flickr.com/photos/10559879@N00/2476030384,https://www.flickr.com/photos/10559879@N00/2476030384,data/desktop_scenes_batch2/manifest.csv
https://flickr.com/photos/10559879@N00/2476031058,https://www.flickr.com/photos/10559879@N00/2476031058,data/desktop_scenes_batch2/manifest.csv
https://flickr.com/photos/10559879@N00/2589205355,https://www.flickr.com/photos/10559879@N00/2589205355,data/desktop_scenes_batch2/manifest.csv
https://flickr.com/photos/10559879@N00/2589212961,https://www.flickr.com/photos/10559879@N00/2589212961,data/desktop_scenes_batch2/manifest.csv
https://flickr.com/photos/10559879@N00/2590042528,https://www.flickr.com/photos/10559879@N00/2590042528,data/desktop_scenes_batch2/manifest.csv
https://flickr.com/photos/10559879@N00/2590043224,https://www.flickr.com/photos/10559879@N00/2590043224,data/desktop_scenes_batch2/manifest.csv
https://flickr.com/photos/10559879@N00/2590049354,https://www.flickr.com/photos/10559879@N00/2590049354,data/desktop_scenes_batch2/manifest.csv
https://flickr.com/photos/10559879@N00/2590052550,https://www.flickr.com/photos/10559879@N00/2590052550,data/desktop_scenes_batch2/manifest.csv
https://flickr.com/photos/10559879@N00/2911640772,https://www.flickr.com/photos/10559879@N00/2911640772,data/desktop_scenes_batch2/manifest.csv
https://flickr.com/photos/10559879@N00/3105996935,https://www.flickr.com/photos/10559879@N00/3105996935,data/desktop_scenes_batch2/manifest.csv
https://flickr.com/photos/10559879@N00/3106834290,https://www.flickr.com/photos/10559879@N00/3106834290,data/desktop_scenes_batch2/manifest.csv
https://flickr.com/photos/10559879@N00/3106835074,https://www.flickr.com/photos/10559879@N00/3106835074,data/desktop_scenes_batch2/manifest.csv
https://flickr.com/photos/10559879@N00/3106837398,https://www.flickr.com/photos/10559879@N00/3106837398,data/desktop_scenes_batch2/manifest.csv
https://flickr.com/photos/10559879@N00/3483473308,https://www.flickr.com/photos/10559879@N00/3483473308,data/desktop_scenes_batch2/manifest.csv
https://flickr.com/photos/10559879@N00/3483475208,https://www.flickr.com/photos/10559879@N00/3483475208,data/desktop_scenes_batch2/manifest.csv
https://flickr.com/photos/10559879@N00/4165410135,https://www.flickr.com/photos/10559879@N00/4165410135,data/desktop_scenes_batch2/manifest.csv
https://flickr.com/photos/10559879@N00/4165414625,https://www.flickr.com/photos/10559879@N00/4165414625,data/desktop_scenes_batch2/manifest.csv
https://flickr.com/photos/10559879@N00/4198677183,https://www.flickr.com/photos/10559879@N00/4198677183,data/desktop_scenes_batch2/manifest.csv
https://flickr.com/photos/10559879@N00/4199432242,https://www.flickr.com/photos/10559879@N00/4199432242,data/desktop_scenes_batch2/manifest.csv
https://flickr.com/photos/10559879@N00/4248821701,https://www.flickr.com/photos/10559879@N00/4248821701,data/desktop_scenes_batch2/manifest.csv
https://flickr.com/photos/10559879@N00/4631992198,https://www.flickr.com/photos/10559879@N00/4631992198,data/desktop_scenes_batch2/manifest.csv
https://flickr.com/photos/10559879@N00/4702577609,https://www.flickr.com/photos/10559879@N00/4702577609,data/desktop_scenes_batch2/manifest.csv
https://flickr.com/photos/105673978@N08/22610950701,https://www.flickr.com/photos/105673978@N08/22610950701,data/desktop_scenes_batch2/manifest.csv
https://flickr.com/photos/10670915@N05/4291291239,https://www.flickr.com/photos/10670915@N05/4291291239,data/desktop_scenes_batch2/manifest.csv
https://flickr.com/photos/106788179@N03/49253896593,https://www.flickr.com/photos/106788179@N03/49253896593,data/desktop_scenes_batch3/manifest.csv
https://flickr.com/photos/10710442@N08/3966284346,https://www.flickr.com/photos/10710442@N08/3966284346,data/desktop_scenes_batch2/manifest.csv
https://flickr.com/photos/109731265@N05/17193606939,https://www.flickr.com/photos/109731265@N05/17193606939,data/desktop_scenes/manifest.csv
https://flickr.com/photos/11032799@N06/1022229238,https://www.flickr.com/photos/11032799@N06/1022229238,data/desktop_scenes_batch2/manifest.csv
https://flickr.com/photos/110486723@N02/11190960456,https://www.flickr.com/photos/110486723@N02/11190960456,data/desktop_scenes_batch5/manifest.csv
https://flickr.com/photos/110500004@N07/20102626859,https://www.flickr.com/photos/110500004@N07/20102626859,data/desktop_scenes_batch3/manifest.csv
https://flickr.com/photos/11091003@N02/4362473233,https://www.flickr.com/photos/11091003@N02/4362473233,data/desktop_scenes_batch2/manifest.csv
https://flickr.com/photos/11121568@N06/2581218229,https://www.flickr.com/photos/11121568@N06/2581218229,data/desktop_scenes_batch2/manifest.csv
https://flickr.com/photos/11121785@N00/121601422,https://www.flickr.com/photos/11121785@N00/121601422,data/desktop_scenes_batch2/manifest.csv
https://flickr.com/photos/11121785@N00/127226260,https://www.flickr.com/photos/11121785@N00/127226260,data/desktop_scenes_batch2/manifest.csv
https://flickr.com/photos/11121785@N00/133891501,https://www.flickr.com/photos/11121785@N00/133891501,data/desktop_scenes_batch2/manifest.csv
https://flickr.com/photos/11211909@N00/7292211132,https://www.flickr.com/photos/11211909@N00/7292211132,data/desktop_scenes_batch2/manifest.csv
https://flickr.com/photos/113026679@N03/32445827472,https://www.flickr.com/photos/113026679@N03/32445827472,data/desktop_scenes_batch3/manifest.csv
https://flickr.com/photos/11399912@N00/306498869,https://www.flickr.com/photos/11399912@N00/306498869,data/desktop_scenes_batch2/manifest.csv
https://flickr.com/photos/11433049@N02/22315969466,https://www.flickr.com/photos/11433049@N02/22315969466,data/desktop_scenes_batch2/manifest.csv
https://flickr.com/photos/11537264@N00/52240584,https://www.flickr.com/photos/11537264@N00/52240584,data/desktop_scenes_batch2/manifest.csv
https://flickr.com/photos/118508034@N04/12726158724,https://www.flickr.com/photos/118508034@N04/12726158724,data/desktop_scenes_batch5/manifest.csv
https://flickr.com/photos/11946169@N00/16197041882,https://www.flickr.com/photos/11946169@N00/16197041882,data/desktop_scenes_batch2/manifest.csv
https://flickr.com/photos/11946169@N00/26448368991,https://www.flickr.com/photos/11946169@N00/26448368991,data/desktop_scenes_batch2/manifest.csv
https://flickr.com/photos/119903731@N02/13369028814,https://www.flickr.com/photos/119903731@N02/13369028814,data/desktop_scenes_batch5/manifest.csv
https://flickr.com/photos/120262924@N05/13134024614,https://www.flickr.com/photos/120262924@N05/13134024614,data/desktop_scenes_batch4/manifest.csv
https://flickr.com/photos/12357841@N02/27274453873,https://www.flickr.com/photos/12357841@N02/27274453873,data/desktop_scenes_batch2/manifest.csv
https://flickr.com/photos/123982963@N04/26744928945,https://www.flickr.com/photos/123982963@N04/26744928945,data/desktop_scenes_batch2/manifest.csv
https://flickr.com/photos/124594841@N03/14446402422,https://www.flickr.com/photos/124594841@N03/14446402422,data/desktop_scenes_batch2/manifest.csv
https://flickr.com/photos/12477719@N00/1402908778,https://www.flickr.com/photos/12477719@N00/1402908778,data/desktop_scenes_batch2/manifest.csv
https://flickr.com/photos/12492388@N06/5172474634,https://www.flickr.com/photos/12492388@N06/5172474634,data/desktop_scenes_batch2/manifest.csv
https://flickr.com/photos/12502065@N00/341291054,https://www.flickr.com/photos/12502065@N00/341291054,data/desktop_scenes/manifest.csv
https://flickr.com/photos/125167502@N02/46206050671,https://www.flickr.com/photos/125167502@N02/46206050671,data/desktop_scenes_batch2/manifest.csv
https://flickr.com/photos/12547641@N00/8330442853,https://www.flickr.com/photos/12547641@N00/8330442853,data/desktop_scenes_batch2/manifest.csv
https://flickr.com/photos/12560758@N07/11219572696,https://www.flickr.com/photos/12560758@N07/11219572696,data/desktop_scenes_batch2/manifest.csv
https://flickr.com/photos/12560758@N07/11219580164,https://www.flickr.com/photos/12560758@N07/11219580164,data/desktop_scenes_batch2/manifest.csv
https://flickr.com/photos/12560758@N07/11219609266,https://www.flickr.com/photos/12560758@N07/11219609266,data/desktop_scenes_batch2/manifest.csv
https://flickr.com/photos/12560758@N07/11219709153,https://www.flickr.com/photos/12560758@N07/11219709153,data/desktop_scenes_batch2/manifest.csv
https://flickr.com/photos/126278138@N03/17301073405,https://www.flickr.com/photos/126278138@N03/17301073405,data/desktop_scenes_batch2/manifest.csv
https://flickr.com/photos/126337928@N05/14963463177,https://www.flickr.com/photos/126337928@N05/14963463177,data/desktop_scenes_batch3/manifest.csv
https://flickr.com/photos/126639523@N03/21546867400,https://www.flickr.com/photos/126639523@N03/21546867400,data/desktop_scenes_batch5/manifest.csv
https://flickr.com/photos/127294011@N07/15075073282,https://www.flickr.com/photos/127294011@N07/15075073282,data/desktop_scenes_batch2/manifest.csv
https://flickr.com/photos/127294011@N07/16741381309,https://www.flickr.com/photos/127294011@N07/16741381309,data/desktop_scenes_batch2/manifest.csv
https://flickr.com/photos/127294011@N07/16967294216,https://www.flickr.com/photos/127294011@N07/16967294216,data/desktop_scenes_batch2/manifest.csv
https://flickr.com/photos/127294011@N07/18495661858,https://www.flickr.com/photos/127294011@N07/18495661858,data/desktop_scenes_batch2/manifest.csv
https://flickr.com/photos/127294011@N07/18501227740,https://www.flickr.com/photos/127294011@N07/18501227740,data/desktop_scenes_batch2/manifest.csv
https://flickr.com/photos/127365614@N08/15328935183,https://www.flickr.com/photos/127365614@N08/15328935183,data/desktop_scenes_batch2/manifest.csv
https://flickr.com/photos/127365614@N08/15328936533,https://www.flickr.com/photos/127365614@N08/15328936533,data/desktop_scenes_batch2/manifest.csv
https://flickr.com/photos/127365614@N08/15761149788,https://www.flickr.com/photos/127365614@N08/15761149788,data/desktop_scenes_batch2/manifest.csv
https://flickr.com/photos/127365614@N08/15761264350,https://www.flickr.com/photos/127365614@N08/15761264350,data/desktop_scenes_batch2/manifest.csv
https://flickr.com/photos/127365614@N08/15850978249,https://www.flickr.com/photos/127365614@N08/15850978249,data/desktop_scenes_batch2/manifest.csv
https://flickr.com/photos/127365614@N08/15922772266,https://www.flickr.com/photos/127365614@N08/15922772266,data/desktop_scenes_batch2/manifest.csv
https://flickr.com/photos/127365614@N08/16182138494,https://www.flickr.com/photos/127365614@N08/16182138494,data/desktop_scenes_batch2/manifest.csv
https://flickr.com/photos/127678519@N06/15683278848,https://www.flickr.com/photos/127678519@N06/15683278848,data/desktop_scenes_batch5/manifest.csv
https://flickr.com/photos/128246464@N08/25431223112,https://www.flickr.com/photos/128246464@N08/25431223112,data/desktop_scenes_batch5/manifest.csv
https://flickr.com/photos/12836528@N00/3309108646,https://www.flickr.com/photos/12836528@N00/3309108646,data/desktop_scenes_batch2/manifest.csv
https://flickr.com/photos/12836528@N00/3456274031,https://www.flickr.com/photos/12836528@N00/3456274031,data/desktop_scenes_batch2/manifest.csv
https://flickr.com/photos/12836528@N00/7956464686,https://www.flickr.com/photos/12836528@N00/7956464686,data/desktop_scenes_batch2/manifest.csv
https://flickr.com/photos/129938966@N08/22049989523,https://www.flickr.com/photos/129938966@N08/22049989523,data/desktop_scenes_batch3/manifest.csv
https://flickr.com/photos/130010035@N04/50719941298,https://www.flickr.com/photos/130010035@N04/50719941298,data/desktop_scenes_batch3/manifest.csv
https://flickr.com/photos/130010035@N04/50719941743,https://www.flickr.com/photos/130010035@N04/50719941743,data/desktop_scenes_batch3/manifest.csv
https://flickr.com/photos/130010035@N04/50720762317,https://www.flickr.com/photos/130010035@N04/50720762317,data/desktop_scenes_batch3/manifest.csv
https://flickr.com/photos/13151547@N06/6335540166,https://www.flickr.com/photos/13151547@N06/6335540166,data/desktop_scenes_batch2/manifest.csv
https://flickr.com/photos/13151547@N06/6335541770,https://www.flickr.com/photos/13151547@N06/6335541770,data/desktop_scenes_batch2/manifest.csv
https://flickr.com/photos/131546502@N04/22234400434,https://www.flickr.com/photos/131546502@N04/22234400434,data/desktop_scenes_batch2/manifest.csv
https://flickr.com/photos/131814204@N04/49638290807,https://www.flickr.com/photos/131814204@N04/49638290807,data/desktop_scenes_batch2/manifest.csv
https://flickr.com/photos/131814204@N04/53154426015,https://www.flickr.com/photos/131814204@N04/53154426015,data/desktop_scenes_batch2/manifest.csv
https://flickr.com/photos/13194817@N00/3779660776,https://www.flickr.com/photos/13194817@N00/3779660776,data/desktop_scenes_batch2/manifest.csv
https://flickr.com/photos/13194817@N00/3779661174,https://www.flickr.com/photos/13194817@N00/3779661174,data/desktop_scenes_batch2/manifest.csv
https://flickr.com/photos/132033298@N04/39126577154,https://www.flickr.com/photos/132033298@N04/39126577154,data/desktop_scenes_batch3/manifest.csv
https://flickr.com/photos/13255740@N03/7107610267,https://www.flickr.com/photos/13255740@N03/7107610267,data/desktop_scenes_batch2/manifest.csv
https://flickr.com/photos/132795455@N08/17869117540,https://www.flickr.com/photos/132795455@N08/17869117540,data/desktop_scenes_batch2/manifest.csv
https://flickr.com/photos/132795455@N08/17872393499,https://www.flickr.com/photos/132795455@N08/17872393499,data/desktop_scenes_batch2/manifest.csv
https://flickr.com/photos/132795455@N08/19923416875,https://www.flickr.com/photos/132795455@N08/19923416875,data/desktop_scenes_batch2/manifest.csv
https://flickr.com/photos/132795455@N08/22405874902,https://www.flickr.com/photos/132795455@N08/22405874902,data/desktop_scenes_batch2/manifest.csv
https://flickr.com/photos/133216979@N03/28853519986,https://www.flickr.com/photos/133216979@N03/28853519986,data/desktop_scenes_batch3/manifest.csv
https://flickr.com/photos/134468672@N06/38225245442,https://www.flickr.com/photos/134468672@N06/38225245442,data/desktop_scenes_batch5/manifest.csv
https://flickr.com/photos/13447091@N00/175227492,https://www.flickr.com/photos/13447091@N00/175227492,data/desktop_scenes_batch2/manifest.csv
https://flickr.com/photos/13447091@N00/299228444,https://www.flickr.com/photos/13447091@N00/299228444,data/desktop_scenes_batch2/manifest.csv
https://flickr.com/photos/13507995@N00/15583041846,https://www.flickr.com/photos/13507995@N00/15583041846,data/desktop_scenes_batch2/manifest.csv
https://flickr.com/photos/135396164@N05/24977037618,https://www.flickr.com/photos/135396164@N05/24977037618,data/desktop_scenes_batch2/manifest.csv
https://flickr.com/photos/135396164@N05/29183443693,https://www.flickr.com/photos/135396164@N05/29183443693,data/desktop_scenes_batch2/manifest.csv
https://flickr.com/photos/135396164@N05/29773943073,https://www.flickr.com/photos/135396164@N05/29773943073,data/desktop_scenes_batch2/manifest.csv
https://flickr.com/photos/135396164@N05/30582914536,https://www.flickr.com/photos/135396164@N05/30582914536,data/desktop_scenes_batch2/manifest.csv
https://flickr.com/photos/135396164@N05/31512220131,https://www.flickr.com/photos/135396164@N05/31512220131,data/desktop_scenes_batch2/manifest.csv
https://flickr.com/photos/135396164@N05/31751560526,https://www.flickr.com/photos/135396164@N05/31751560526,data/desktop_scenes_batch2/manifest.csv
https://flickr.com/photos/135396164@N05/33572876081,https://www.flickr.com/photos/135396164@N05/33572876081,data/desktop_scenes_batch2/manifest.csv
https://flickr.com/photos/135396164@N05/33631368531,https://www.flickr.com/photos/135396164@N05/33631368531,data/desktop_scenes_batch2/manifest.csv
https://flickr.com/photos/135396164@N05/44381116112,https://www.flickr.com/photos/135396164@N05/44381116112,data/desktop_scenes_batch2/manifest.csv
https://flickr.com/photos/135771944@N07/22569524188,https://www.flickr.com/photos/135771944@N07/22569524188,data/desktop_scenes_batch3/manifest.csv
https://flickr.com/photos/136102510@N06/31753703896,https://www.flickr.com/photos/136102510@N06/31753703896,data/desktop_scenes_batch3/manifest.csv
https://flickr.com/photos/136394702@N02/22785868764,https://www.flickr.com/photos/136394702@N02/22785868764,data/desktop_scenes_batch2/manifest.csv
https://flickr.com/photos/136394702@N02/22787756223,https://www.flickr.com/photos/136394702@N02/22787756223,data/desktop_scenes_batch2/manifest.csv
https://flickr.com/photos/136394702@N02/23046948669,https://www.flickr.com/photos/136394702@N02/23046948669,data/desktop_scenes_batch2/manifest.csv
https://flickr.com/photos/136394702@N02/23046950289,https://www.flickr.com/photos/136394702@N02/23046950289,data/desktop_scenes_batch2/manifest.csv
https://flickr.com/photos/136394702@N02/23119161090,https://www.flickr.com/photos/136394702@N02/23119161090,data/desktop_scenes_batch2/manifest.csv
https://flickr.com/photos/13684545@N00/687679941,https://www.flickr.com/photos/13684545@N00/687679941,data/desktop_scenes_batch2/manifest.csv
https://flickr.com/photos/137643065@N06/23697249344,https://www.flickr.com/photos/137643065@N06/23697249344,data/desktop_scenes_batch5/manifest.csv
https://flickr.com/photos/137643065@N06/23698803763,https://www.flickr.com/photos/137643065@N06/23698803763,data/desktop_scenes_batch4/manifest.csv
https://flickr.com/photos/137643065@N06/23699175703,https://www.flickr.com/photos/137643065@N06/23699175703,data/desktop_scenes_batch5/manifest.csv
https://flickr.com/photos/137643065@N06/24218732002,https://www.flickr.com/photos/137643065@N06/24218732002,data/desktop_scenes_batch5/manifest.csv
https://flickr.com/photos/137643065@N06/24244320481,https://www.flickr.com/photos/137643065@N06/24244320481,data/desktop_scenes_batch4/manifest.csv
https://flickr.com/photos/137643065@N06/24299511976,https://www.flickr.com/photos/137643065@N06/24299511976,data/desktop_scenes_batch4/manifest.csv
https://flickr.com/photos/137643065@N06/24299816666,https://www.flickr.com/photos/137643065@N06/24299816666,data/desktop_scenes_batch5/manifest.csv
https://flickr.com/photos/137826074@N08/28671280404,https://www.flickr.com/photos/137826074@N08/28671280404,data/desktop_scenes_batch3/manifest.csv
https://flickr.com/photos/138179919@N05/40164834065,https://www.flickr.com/photos/138179919@N05/40164834065,data/desktop_scenes_batch2/manifest.csv
https://flickr.com/photos/138179919@N05/40994670042,https://www.flickr.com/photos/138179919@N05/40994670042,data/desktop_scenes_batch2/manifest.csv
https://flickr.com/photos/139228535@N05/36508564800,https://www.flickr.com/photos/139228535@N05/36508564800,data/desktop_scenes_batch3/manifest.csv
https://flickr.com/photos/139496166@N03/25151238344,https://www.flickr.com/photos/139496166@N03/25151238344,data/desktop_scenes_batch3/manifest.csv
https://flickr.com/photos/13951072@N00/4099239437,https://www.flickr.com/photos/13951072@N00/4099239437,data/desktop_scenes_batch2/manifest.csv
https://flickr.com/photos/139546745@N02/39692982850,https://www.flickr.com/photos/139546745@N02/39692982850,data/desktop_scenes_batch4/manifest.csv
https://flickr.com/photos/139807035@N05/24836744952,https://www.flickr.com/photos/139807035@N05/24836744952,data/desktop_scenes_batch3/manifest.csv
https://flickr.com/photos/141436406@N04/41789899700,https://www.flickr.com/photos/141436406@N04/41789899700,data/desktop_scenes_batch2/manifest.csv
https://flickr.com/photos/141436406@N04/42141489670,https://www.flickr.com/photos/141436406@N04/42141489670,data/desktop_scenes_batch2/manifest.csv
https://flickr.com/photos/141436406@N04/42941375685,https://www.flickr.com/photos/141436406@N04/42941375685,data/desktop_scenes_batch2/manifest.csv
https://flickr.com/photos/141436406@N04/43950090291,https://www.flickr.com/photos/141436406@N04/43950090291,data/desktop_scenes_batch2/manifest.csv
https://flickr.com/photos/141893679@N05/47617294972,https://www.flickr.com/photos/141893679@N05/47617294972,data/desktop_scenes_batch2/manifest.csv
https://flickr.com/photos/141893679@N05/48871560826,https://www.flickr.com/photos/141893679@N05/48871560826,data/desktop_scenes_batch2/manifest.csv
https://flickr.com/photos/141893679@N05/48931134288,https://www.flickr.com/photos/141893679@N05/48931134288,data/desktop_scenes_batch5/manifest.csv
https://flickr.com/photos/141893679@N05/49235027541,https://www.flickr.com/photos/141893679@N05/49235027541,data/desktop_scenes_batch2/manifest.csv
https://flickr.com/photos/142320496@N06/31477842302,https://www.flickr.com/photos/142320496@N06/31477842302,data/desktop_scenes_batch2/manifest.csv
https://flickr.com/photos/142495273@N04/28199051023,https://www.flickr.com/photos/142495273@N04/28199051023,data/desktop_scenes_batch5/manifest.csv
https://flickr.com/photos/14328577@N08/18776673449,https://www.flickr.com/photos/14328577@N08/18776673449,data/desktop_scenes_batch3/manifest.csv
https://flickr.com/photos/143527152@N06/49826663506,https://www.flickr.com/photos/143527152@N06/49826663506,data/desktop_scenes_batch5/manifest.csv
https://flickr.com/photos/143527152@N06/49874967413,https://www.flickr.com/photos/143527152@N06/49874967413,data/desktop_scenes_batch5/manifest.csv
https://flickr.com/photos/143527152@N06/49875334752,https://www.flickr.com/photos/143527152@N06/49875334752,data/desktop_scenes_batch5/manifest.csv
https://flickr.com/photos/143527152@N06/49879049853,https://www.flickr.com/photos/143527152@N06/49879049853,data/desktop_scenes_batch5/manifest.csv
https://flickr.com/photos/143527152@N06/49890625946,https://www.flickr.com/photos/143527152@N06/49890625946,data/desktop_scenes_batch5/manifest.csv
https://flickr.com/photos/143527152@N06/49896023667,https://www.flickr.com/photos/143527152@N06/49896023667,data/desktop_scenes_batch5/manifest.csv
https://flickr.com/photos/143527152@N06/49901334627,https://www.flickr.com/photos/143527152@N06/49901334627,data/desktop_scenes_batch5/manifest.csv
https://flickr.com/photos/143527152@N06/50130346363,https://www.flickr.com/photos/143527152@N06/50130346363,data/desktop_scenes_batch5/manifest.csv
https://flickr.com/photos/143527152@N06/50130348123,https://www.flickr.com/photos/143527152@N06/50130348123,data/desktop_scenes_batch5/manifest.csv
https://flickr.com/photos/143527152@N06/50134509963,https://www.flickr.com/photos/143527152@N06/50134509963,data/desktop_scenes_batch5/manifest.csv
https://flickr.com/photos/143527152@N06/50137852773,https://www.flickr.com/photos/143527152@N06/50137852773,data/desktop_scenes_batch5/manifest.csv
https://flickr.com/photos/143527152@N06/50137932186,https://www.flickr.com/photos/143527152@N06/50137932186,data/desktop_scenes_batch5/manifest.csv
https://flickr.com/photos/143527152@N06/50145860707,https://www.flickr.com/photos/143527152@N06/50145860707,data/desktop_scenes_batch5/manifest.csv
https://flickr.com/photos/143527152@N06/50709833173,https://www.flickr.com/photos/143527152@N06/50709833173,data/desktop_scenes_batch5/manifest.csv
https://flickr.com/photos/143527152@N06/50710649852,https://www.flickr.com/photos/143527152@N06/50710649852,data/desktop_scenes_batch5/manifest.csv
https://flickr.com/photos/143842337@N03/32743904795,https://www.flickr.com/photos/143842337@N03/32743904795,data/desktop_scenes_batch2/manifest.csv
https://flickr.com/photos/143842337@N03/34090281612,https://www.flickr.com/photos/143842337@N03/34090281612,data/desktop_scenes_batch4/manifest.csv
https://flickr.com/photos/144321737@N08/32227715201,https://www.flickr.com/photos/144321737@N08/32227715201,data/desktop_scenes_batch5/manifest.csv
https://flickr.com/photos/14514578@N08/11350779694,https://www.flickr.com/photos/14514578@N08/11350779694,data/desktop_scenes_batch2/manifest.csv
https://flickr.com/photos/14514578@N08/11350831003,https://www.flickr.com/photos/14514578@N08/11350831003,data/desktop_scenes_batch2/manifest.csv
https://flickr.com/photos/14514578@N08/14138220040,https://www.flickr.com/photos/14514578@N08/14138220040,data/desktop_scenes_batch2/manifest.csv
https://flickr.com/photos/14514578@N08/14301696466,https://www.flickr.com/photos/14514578@N08/14301696466,data/desktop_scenes_batch2/manifest.csv
https://flickr.com/photos/14514578@N08/14324834505,https://www.flickr.com/photos/14514578@N08/14324834505,data/desktop_scenes_batch2/manifest.csv
https://flickr.com/photos/14514578@N08/14324839155,https://www.flickr.com/photos/14514578@N08/14324839155,data/desktop_scenes_batch2/manifest.csv
https://flickr.com/photos/14514578@N08/14324841015,https://www.flickr.com/photos/14514578@N08/14324841015,data/desktop_scenes_batch2/manifest.csv
https://flickr.com/photos/14514578@N08/15025124130,https://www.flickr.com/photos/14514578@N08/15025124130,data/desktop_scenes_batch2/manifest.csv
https://flickr.com/photos/14514578@N08/15188793066,https://www.flickr.com/photos/14514578@N08/15188793066,data/desktop_scenes_batch2/manifest.csv
https://flickr.com/photos/14514578@N08/15208755231,https://www.flickr.com/photos/14514578@N08/15208755231,data/desktop_scenes_batch2/manifest.csv
https://flickr.com/photos/14514578@N08/15361101123,https://www.flickr.com/photos/14514578@N08/15361101123,data/desktop_scenes_batch2/manifest.csv
https://flickr.com/photos/14514578@N08/15361104443,https://www.flickr.com/photos/14514578@N08/15361104443,data/desktop_scenes_batch2/manifest.csv
https://flickr.com/photos/14514578@N08/15954913986,https://www.flickr.com/photos/14514578@N08/15954913986,data/desktop_scenes_batch2/manifest.csv
https://flickr.com/photos/14514578@N08/15978700301,https://www.flickr.com/photos/14514578@N08/15978700301,data/desktop_scenes_batch2/manifest.csv
https://flickr.com/photos/14514578@N08/21464831373,https://www.flickr.com/photos/14514578@N08/21464831373,data/desktop_scenes_batch2/manifest.csv
https://flickr.com/photos/14514578@N08/21897536880,https://www.flickr.com/photos/14514578@N08/21897536880,data/desktop_scenes_batch2/manifest.csv
https://flickr.com/photos/14514578@N08/21898315778,https://www.flickr.com/photos/14514578@N08/21898315778,data/desktop_scenes_batch2/manifest.csv
https://flickr.com/photos/14514578@N08/21898992429,https://www.flickr.com/photos/14514578@N08/21898992429,data/desktop_scenes_batch2/manifest.csv
https://flickr.com/photos/14514578@N08/22059776906,https://www.flickr.com/photos/14514578@N08/22059776906,data/desktop_scenes_batch2/manifest.csv
https://flickr.com/photos/14514578@N08/22060047046,https://www.flickr.com/photos/14514578@N08/22060047046,data/desktop_scenes_batch2/manifest.csv
https://flickr.com/photos/14514578@N08/22060292666,https://www.flickr.com/photos/14514578@N08/22060292666,data/desktop_scenes_batch2/manifest.csv
https://flickr.com/photos/14514578@N08/22073537812,https://www.flickr.com/photos/14514578@N08/22073537812,data/desktop_scenes_batch2/manifest.csv
https://flickr.com/photos/14514578@N08/22086247045,https://www.flickr.com/photos/14514578@N08/22086247045,data/desktop_scenes_batch2/manifest.csv
https://flickr.com/photos/14514578@N08/22096499111,https://www.flickr.com/photos/14514578@N08/22096499111,data/desktop_scenes_batch2/manifest.csv
https://flickr.com/photos/14544437@N07/2779382381,https://www.flickr.com/photos/14544437@N07/2779382381,data/desktop_scenes_batch2/manifest.csv
https://flickr.com/photos/14589121@N00/2407288402,https://www.flickr.com/photos/14589121@N00/2407288402,data/desktop_scenes_batch5/manifest.csv
https://flickr.com/photos/14589121@N00/2734316441,https://www.flickr.com/photos/14589121@N00/2734316441,data/desktop_scenes_batch5/manifest.csv
https://flickr.com/photos/14589121@N00/2735146916,https://www.flickr.com/photos/14589121@N00/2735146916,data/desktop_scenes_batch3/manifest.csv
https://flickr.com/photos/14589121@N00/3213490440,https://www.flickr.com/photos/14589121@N00/3213490440,data/desktop_scenes_batch5/manifest.csv
https://flickr.com/photos/146625745@N08/31053928756,https://www.flickr.com/photos/146625745@N08/31053928756,data/desktop_scenes_batch5/manifest.csv
https://flickr.com/photos/147019489@N04/52971058050,https://www.flickr.com/photos/147019489@N04/52971058050,data/desktop_scenes_batch5/manifest.csv
https://flickr.com/photos/14730981@N08/23914871045,https://www.flickr.com/photos/14730981@N08/23914871045,data/desktop_scenes_batch5/manifest.csv
https://flickr.com/photos/14730981@N08/8370904528,https://www.flickr.com/photos/14730981@N08/8370904528,data/desktop_scenes_batch3/manifest.csv
https://flickr.com/photos/147592390@N06/32644268967,https://www.flickr.com/photos/147592390@N06/32644268967,data/desktop_scenes_batch2/manifest.csv
https://flickr.com/photos/147592390@N06/32736494927,https://www.flickr.com/photos/147592390@N06/32736494927,data/desktop_scenes_batch3/manifest.csv
https://flickr.com/photos/147592390@N06/33704287568,https://www.flickr.com/photos/147592390@N06/33704287568,data/desktop_scenes_batch2/manifest.csv
https://flickr.com/photos/147592390@N06/33766649748,https://www.flickr.com/photos/147592390@N06/33766649748,data/desktop_scenes_batch3/manifest.csv
https://flickr.com/photos/147592390@N06/40657829913,https://www.flickr.com/photos/147592390@N06/40657829913,data/desktop_scenes_batch2/manifest.csv
https://flickr.com/photos/147592390@N06/46862788824,https://www.flickr.com/photos/147592390@N06/46862788824,data/desktop_scenes_batch2/manifest.csv
https://flickr.com/photos/147592390@N06/46937241334,https://www.flickr.com/photos/147592390@N06/46937241334,data/desktop_scenes_batch5/manifest.csv
https://flickr.com/photos/147592390@N06/47679825531,https://www.flickr.com/photos/147592390@N06/47679825531,data/desktop_scenes_batch5/manifest.csv
https://flickr.com/photos/147875007@N03/26666494897,https://www.flickr.com/photos/147875007@N03/26666494897,data/desktop_scenes_batch2/manifest.csv
https://flickr.com/photos/147875007@N03/26666495377,https://www.flickr.com/photos/147875007@N03/26666495377,data/desktop_scenes_batch2/manifest.csv
https://flickr.com/photos/147875007@N03/27663446628,https://www.flickr.com/photos/147875007@N03/27663446628,data/desktop_scenes_batch2/manifest.csv
https://flickr.com/photos/147875007@N03/27665176818,https://www.flickr.com/photos/147875007@N03/27665176818,data/desktop_scenes_batch2/manifest.csv
https://flickr.com/photos/147875007@N03/27665200968,https://www.flickr.com/photos/147875007@N03/27665200968,data/desktop_scenes_batch2/manifest.csv
https://flickr.com/photos/147875007@N03/27665202098,https://www.flickr.com/photos/147875007@N03/27665202098,data/desktop_scenes_batch2/manifest.csv
https://flickr.com/photos/147875007@N03/27665219058,https://www.flickr.com/photos/147875007@N03/27665219058,data/desktop_scenes_batch2/manifest.csv
https://flickr.com/photos/147875007@N03/30849318147,https://www.flickr.com/photos/147875007@N03/30849318147,data/desktop_scenes_batch2/manifest.csv
https://flickr.com/photos/147875007@N03/30849337807,https://www.flickr.com/photos/147875007@N03/30849337807,data/desktop_scenes_batch2/manifest.csv
https://flickr.com/photos/147875007@N03/39726337570,https://www.flickr.com/photos/147875007@N03/39726337570,data/desktop_scenes_batch2/manifest.csv
https://flickr.com/photos/147875007@N03/40640189245,https://www.flickr.com/photos/147875007@N03/40640189245,data/desktop_scenes_batch2/manifest.csv
https://flickr.com/photos/147875007@N03/41535390121,https://www.flickr.com/photos/147875007@N03/41535390121,data/desktop_scenes_batch2/manifest.csv
https://flickr.com/photos/147875007@N03/43972156700,https://www.flickr.com/photos/147875007@N03/43972156700,data/desktop_scenes_batch2/manifest.csv
https://flickr.com/photos/147875007@N03/43972156980,https://www.flickr.com/photos/147875007@N03/43972156980,data/desktop_scenes_batch2/manifest.csv
https://flickr.com/photos/147875007@N03/43972158560,https://www.flickr.com/photos/147875007@N03/43972158560,data/desktop_scenes_batch2/manifest.csv
https://flickr.com/photos/147875007@N03/43972158910,https://www.flickr.com/photos/147875007@N03/43972158910,data/desktop_scenes_batch2/manifest.csv
https://flickr.com/photos/147875007@N03/45739291722,https://www.flickr.com/photos/147875007@N03/45739291722,data/desktop_scenes_batch2/manifest.csv
https://flickr.com/photos/147875007@N03/45739295252,https://www.flickr.com/photos/147875007@N03/45739295252,data/desktop_scenes_batch2/manifest.csv
https://flickr.com/photos/14919774@N04/8375875941,https://www.flickr.com/photos/14919774@N04/8375875941,data/desktop_scenes_batch2/manifest.csv
https://flickr.com/photos/149400054@N04/54241738071,https://www.flickr.com/photos/149400054@N04/54241738071,data/desktop_scenes_batch2/manifest.csv
https://flickr.com/photos/151415985@N06/34954976072,https://www.flickr.com/photos/151415985@N06/34954976072,data/desktop_scenes_batch2/manifest.csv
https://flickr.com/photos/151415985@N06/36114066963,https://www.flickr.com/photos/151415985@N06/36114066963,data/desktop_scenes_batch2/manifest.csv
https://flickr.com/photos/151887236@N05/42734104064,https://www.flickr.com/photos/151887236@N05/42734104064,data/desktop_scenes_batch4/manifest.csv
https://flickr.com/photos/15216811@N06/15511123111,https://www.flickr.com/photos/15216811@N06/15511123111,data/desktop_scenes_batch2/manifest.csv
https://flickr.com/photos/15216811@N06/8564995905,https://www.flickr.com/photos/15216811@N06/8564995905,data/desktop_scenes_batch2/manifest.csv
https://flickr.com/photos/152387690@N07/52460413656,https://www.flickr.com/photos/152387690@N07/52460413656,data/desktop_scenes_batch3/manifest.csv
https://flickr.com/photos/152387690@N07/52469590634,https://www.flickr.com/photos/152387690@N07/52469590634,data/desktop_scenes_batch2/manifest.csv
https://flickr.com/photos/152592794@N08/37348586361,https://www.flickr.com/photos/152592794@N08/37348586361,data/desktop_scenes_batch2/manifest.csv
https://flickr.com/photos/153628769@N03/33042717983,https://www.flickr.com/photos/153628769@N03/33042717983,data/desktop_scenes_batch2/manifest.csv
https://flickr.com/photos/15363357@N00/90308023,https://www.flickr.com/photos/15363357@N00/90308023,data/desktop_scenes_batch2/manifest.csv
https://flickr.com/photos/153697256@N03/40650357723,https://www.flickr.com/photos/153697256@N03/40650357723,data/desktop_scenes_batch5/manifest.csv
https://flickr.com/photos/155196395@N05/34701422532,https://www.flickr.com/photos/155196395@N05/34701422532,data/desktop_scenes_batch3/manifest.csv
https://flickr.com/photos/155396095@N08/52335430112,https://www.flickr.com/photos/155396095@N08/52335430112,data/desktop_scenes_batch2/manifest.csv
https://flickr.com/photos/155403590@N07/33207130558,https://www.flickr.com/photos/155403590@N07/33207130558,data/desktop_scenes_batch2/manifest.csv
https://flickr.com/photos/155403590@N07/33218207918,https://www.flickr.com/photos/155403590@N07/33218207918,data/desktop_scenes_batch2/manifest.csv
https://flickr.com/photos/155403590@N07/41714222700,https://www.flickr.com/photos/155403590@N07/41714222700,data/desktop_scenes_batch2/manifest.csv
https://flickr.com/photos/155403590@N07/43990775675,https://www.flickr.com/photos/155403590@N07/43990775675,data/desktop_scenes_batch2/manifest.csv
https://flickr.com/photos/155403590@N07/44049817644,https://www.flickr.com/photos/155403590@N07/44049817644,data/desktop_scenes_batch2/manifest.csv
https://flickr.com/photos/155403590@N07/44049850164,https://www.flickr.com/photos/155403590@N07/44049850164,data/desktop_scenes_batch2/manifest.csv
https://flickr.com/photos/155403590@N07/46168701365,https://www.flickr.com/photos/155403590@N07/46168701365,data/desktop_scenes_batch2/manifest.csv
https://flickr.com/photos/155403590@N07/48210800471,https://www.flickr.com/photos/155403590@N07/48210800471,data/desktop_scenes_batch2/manifest.csv
https://flickr.com/photos/155472662@N04/23924518778,https://www.flickr.com/photos/155472662@N04/23924518778,data/desktop_scenes_batch3/manifest.csv
https://flickr.com/photos/155472662@N04/37728787686,https://www.flickr.com/photos/155472662@N04/37728787686,data/desktop_scenes_batch3/manifest.csv
https://flickr.com/photos/155535822@N07/26533763828,https://www.flickr.com/photos/155535822@N07/26533763828,data/desktop_scenes_batch5/manifest.csv
https://flickr.com/photos/155535822@N07/40463168171,https://www.flickr.com/photos/155535822@N07/40463168171,data/desktop_scenes_batch3/manifest.csv
https://flickr.com/photos/155807330@N05/30567531577,https://www.flickr.com/photos/155807330@N05/30567531577,data/desktop_scenes_batch2/manifest.csv
https://flickr.com/photos/155807330@N05/44253759134,https://www.flickr.com/photos/155807330@N05/44253759134,data/desktop_scenes_batch2/manifest.csv
https://flickr.com/photos/155807330@N05/44474090481,https://www.flickr.com/photos/155807330@N05/44474090481,data/desktop_scenes_batch2/manifest.csv
https://flickr.com/photos/155807330@N05/45603480082,https://www.flickr.com/photos/155807330@N05/45603480082,data/desktop_scenes_batch2/manifest.csv
https://flickr.com/photos/156515782@N02/51899989965,https://www.flickr.com/photos/156515782@N02/51899989965,data/desktop_scenes_batch5/manifest.csv
https://flickr.com/photos/157013498@N02/49993170192,https://www.flickr.com/photos/157013498@N02/49993170192,data/desktop_scenes_batch2/manifest.csv
https://flickr.com/photos/157089461@N07/42403783742,https://www.flickr.com/photos/157089461@N07/42403783742,data/desktop_scenes_batch2/manifest.csv
https://flickr.com/photos/157089461@N07/42407072002,https://www.flickr.com/photos/157089461@N07/42407072002,data/desktop_scenes_batch2/manifest.csv
https://flickr.com/photos/157635012@N07/41680343925,https://www.flickr.com/photos/157635012@N07/41680343925,data/desktop_scenes_batch2/manifest.csv
https://flickr.com/photos/15802578@N00/51712178255,https://www.flickr.com/photos/15802578@N00/51712178255,data/desktop_scenes_batch2/manifest.csv
https://flickr.com/photos/158790927@N08/24814428607,https://www.flickr.com/photos/158790927@N08/24814428607,data/desktop_scenes_batch2/manifest.csv
https://flickr.com/photos/158790927@N08/27905041519,https://www.flickr.com/photos/158790927@N08/27905041519,data/desktop_scenes_batch2/manifest.csv
https://flickr.com/photos/158790927@N08/39667701721,https://www.flickr.com/photos/158790927@N08/39667701721,data/desktop_scenes_batch2/manifest.csv
https://flickr.com/photos/15923063@N00/2965625438,https://www.flickr.com/photos/15923063@N00/2965625438,data/desktop_scenes_batch2/manifest.csv
https://flickr.com/photos/15923063@N00/3191752970,https://www.flickr.com/photos/15923063@N00/3191752970,data/desktop_scenes_batch2/manifest.csv
https://flickr.com/photos/159630537@N08/28217827677,https://www.flickr.com/photos/159630537@N08/28217827677,data/desktop_scenes_batch2/manifest.csv
https://flickr.com/photos/159630537@N08/28918448568,https://www.flickr.com/photos/159630537@N08/28918448568,data/desktop_scenes_batch2/manifest.csv
https://flickr.com/photos/159630537@N08/40924421560,https://www.flickr.com/photos/159630537@N08/40924421560,data/desktop_scenes_batch2/manifest.csv
https://flickr.com/photos/159630537@N08/41835022985,https://www.flickr.com/photos/159630537@N08/41835022985,data/desktop_scenes_batch3/manifest.csv
https://flickr.com/photos/159630537@N08/41851012035,https://www.flickr.com/photos/159630537@N08/41851012035,data/desktop_scenes_batch2/manifest.csv
https://flickr.com/photos/159630537@N08/41974028225,https://www.flickr.com/photos/159630537@N08/41974028225,data/desktop_scenes_batch2/manifest.csv
https://flickr.com/photos/159630537@N08/42182307225,https://www.flickr.com/photos/159630537@N08/42182307225,data/desktop_scenes_batch2/manifest.csv
https://flickr.com/photos/159630537@N08/42792047161,https://www.flickr.com/photos/159630537@N08/42792047161,data/desktop_scenes_batch2/manifest.csv
https://flickr.com/photos/159630537@N08/42826229242,https://www.flickr.com/photos/159630537@N08/42826229242,data/desktop_scenes_batch2/manifest.csv
https://flickr.com/photos/159770474@N08/41863134340,https://www.flickr.com/photos/159770474@N08/41863134340,data/desktop_scenes_batch5/manifest.csv
https://flickr.com/photos/159770474@N08/42974134464,https://www.flickr.com/photos/159770474@N08/42974134464,data/desktop_scenes_batch4/manifest.csv
https://flickr.com/photos/159770474@N08/43585396822,https://www.flickr.com/photos/159770474@N08/43585396822,data/desktop_scenes_batch4/manifest.csv
https://flickr.com/photos/159770474@N08/43585405512,https://www.flickr.com/photos/159770474@N08/43585405512,data/desktop_scenes_batch5/manifest.csv
https://flickr.com/photos/159770474@N08/43690433451,https://www.flickr.com/photos/159770474@N08/43690433451,data/desktop_scenes_batch3/manifest.csv
https://flickr.com/photos/160344139@N02/45371859772,https://www.flickr.com/photos/160344139@N02/45371859772,data/desktop_scenes_batch2/manifest.csv
https://flickr.com/photos/16043016@N08/14182705685,https://www.flickr.com/photos/16043016@N08/14182705685,data/desktop_scenes_batch2/manifest.csv
https://flickr.com/photos/16105436@N00/2946815927,https://www.flickr.com/photos/16105436@N00/2946815927,data/desktop_scenes_batch2/manifest.csv
https://flickr.com/photos/16143699@N00/3558097182,https://www.flickr.com/photos/16143699@N00/3558097182,data/desktop_scenes_batch2/manifest.csv
https://flickr.com/photos/16143699@N00/4328914669,https://www.flickr.com/photos/16143699@N00/4328914669,data/desktop_scenes_batch2/manifest.csv
https://flickr.com/photos/163837264@N07/29090842707,https://www.flickr.com/photos/163837264@N07/29090842707,data/desktop_scenes_batch2/manifest.csv
https://flickr.com/photos/163837264@N07/29149114797,https://www.flickr.com/photos/163837264@N07/29149114797,data/desktop_scenes_batch2/manifest.csv
https://flickr.com/photos/163837264@N07/30887157948,https://www.flickr.com/photos/163837264@N07/30887157948,data/desktop_scenes_batch2/manifest.csv
https://flickr.com/photos/163837264@N07/43291332124,https://www.flickr.com/photos/163837264@N07/43291332124,data/desktop_scenes_batch2/manifest.csv
https://flickr.com/photos/163837264@N07/44038805634,https://www.flickr.com/photos/163837264@N07/44038805634,data/desktop_scenes_batch2/manifest.csv
https://flickr.com/photos/163837264@N07/44290637872,https://www.flickr.com/photos/163837264@N07/44290637872,data/desktop_scenes_batch4/manifest.csv
https://flickr.com/photos/163837264@N07/44734799571,https://www.flickr.com/photos/163837264@N07/44734799571,data/desktop_scenes_batch4/manifest.csv
https://flickr.com/photos/163837264@N07/44757586191,https://www.flickr.com/photos/163837264@N07/44757586191,data/desktop_scenes_batch2/manifest.csv
https://flickr.com/photos/163837264@N07/44831696472,https://www.flickr.com/photos/163837264@N07/44831696472,data/desktop_scenes_batch2/manifest.csv
https://flickr.com/photos/163837264@N07/44831708212,https://www.flickr.com/photos/163837264@N07/44831708212,data/desktop_scenes_batch2/manifest.csv
https://flickr.com/photos/16440393@N04/4041722818,https://www.flickr.com/photos/16440393@N04/4041722818,data/desktop_scenes_batch2/manifest.csv
https://flickr.com/photos/16549191@N00/181559448,https://www.flickr.com/photos/16549191@N00/181559448,data/desktop_scenes_batch2/manifest.csv
https://flickr.com/photos/16712259@N04/4487635316,https://www.flickr.com/photos/16712259@N04/4487635316,data/desktop_scenes_batch2/manifest.csv
https://flickr.com/photos/170169844@N07/48180783247,https://www.flickr.com/photos/170169844@N07/48180783247,data/desktop_scenes_batch5/manifest.csv
https://flickr.com/photos/170169844@N07/48180784702,https://www.flickr.com/photos/170169844@N07/48180784702,data/desktop_scenes_batch5/manifest.csv
https://flickr.com/photos/170169844@N07/48186846961,https://www.flickr.com/photos/170169844@N07/48186846961,data/desktop_scenes_batch5/manifest.csv
https://flickr.com/photos/170169844@N07/48186903747,https://www.flickr.com/photos/170169844@N07/48186903747,data/desktop_scenes_batch5/manifest.csv
https://flickr.com/photos/170169844@N07/48188268471,https://www.flickr.com/photos/170169844@N07/48188268471,data/desktop_scenes_batch5/manifest.csv
https://flickr.com/photos/17152247@N00/6833928735,https://www.flickr.com/photos/17152247@N00/6833928735,data/desktop_scenes_batch2/manifest.csv
https://flickr.com/photos/17305559@N00/379732707,https://www.flickr.com/photos/17305559@N00/379732707,data/desktop_scenes_batch2/manifest.csv
https://flickr.com/photos/17425845@N00/122970288,https://www.flickr.com/photos/17425845@N00/122970288,data/desktop_scenes_batch2/manifest.csv
https://flickr.com/photos/17425845@N00/122970290,https://www.flickr.com/photos/17425845@N00/122970290,data/desktop_scenes_batch2/manifest.csv
https://flickr.com/photos/17425845@N00/122970293,https://www.flickr.com/photos/17425845@N00/122970293,data/desktop_scenes_batch2/manifest.csv
https://flickr.com/photos/17472213@N00/2445751371,https://www.flickr.com/photos/17472213@N00/2445751371,data/desktop_scenes_batch2/manifest.csv
https://flickr.com/photos/17643132@N00/3891716438,https://www.flickr.com/photos/17643132@N00/3891716438,data/desktop_scenes_batch2/manifest.csv
https://flickr.com/photos/17664666@N00/3089744662,https://www.flickr.com/photos/17664666@N00/3089744662,data/desktop_scenes_batch3/manifest.csv
https://flickr.com/photos/17796697@N00/7298405218,https://www.flickr.com/photos/17796697@N00/7298405218,data/desktop_scenes_batch2/manifest.csv
https://flickr.com/photos/17868205@N00/8033028455,https://www.flickr.com/photos/17868205@N00/8033028455,data/desktop_scenes_batch2/manifest.csv
https://flickr.com/photos/17868205@N00/8033031585,https://www.flickr.com/photos/17868205@N00/8033031585,data/desktop_scenes_batch2/manifest.csv
https://flickr.com/photos/17868205@N00/8033032020,https://www.flickr.com/photos/17868205@N00/8033032020,data/desktop_scenes_batch2/manifest.csv
https://flickr.com/photos/17868205@N00/8033033247,https://www.flickr.com/photos/17868205@N00/8033033247,data/desktop_scenes_batch2/manifest.csv
https://flickr.com/photos/17868205@N00/8033063118,https://www.flickr.com/photos/17868205@N00/8033063118,data/desktop_scenes_batch2/manifest.csv
https://flickr.com/photos/17879025@N00/799675386,https://www.flickr.com/photos/17879025@N00/799675386,data/desktop_scenes_batch2/manifest.csv
https://flickr.com/photos/18090920@N07/5192671218,https://www.flickr.com/photos/18090920@N07/5192671218,data/desktop_scenes_batch2/manifest.csv
https://flickr.com/photos/18090920@N07/5918039279,https://www.flickr.com/photos/18090920@N07/5918039279,data/desktop_scenes_batch2/manifest.csv
https://flickr.com/photos/18259771@N00/4444567918,https://www.flickr.com/photos/18259771@N00/4444567918,data/desktop_scenes_batch2/manifest.csv
https://flickr.com/photos/18378305@N00/5397855247,https://www.flickr.com/photos/18378305@N00/5397855247,data/desktop_scenes_batch3/manifest.csv
https://flickr.com/photos/184075130@N04/52511134752,https://www.flickr.com/photos/184075130@N04/52511134752,data/desktop_scenes_batch2/manifest.csv
https://flickr.com/photos/184075130@N04/52512158193,https://www.flickr.com/photos/184075130@N04/52512158193,data/desktop_scenes_batch2/manifest.csv
https://flickr.com/photos/18670024@N06/2127749849,https://www.flickr.com/photos/18670024@N06/2127749849,data/desktop_scenes_batch2/manifest.csv
https://flickr.com/photos/188197504@N02/49833861706,https://www.flickr.com/photos/188197504@N02/49833861706,data/desktop_scenes_batch5/manifest.csv
https://flickr.com/photos/188454520@N02/49921027646,https://www.flickr.com/photos/188454520@N02/49921027646,data/desktop_scenes_batch2/manifest.csv
https://flickr.com/photos/189612330@N06/50516483831,https://www.flickr.com/photos/189612330@N06/50516483831,data/desktop_scenes_batch3/manifest.csv
https://flickr.com/photos/189612330@N06/50520483217,https://www.flickr.com/photos/189612330@N06/50520483217,data/desktop_scenes_batch2/manifest.csv
https://flickr.com/photos/189612330@N06/50609921001,https://www.flickr.com/photos/189612330@N06/50609921001,data/desktop_scenes_batch2/manifest.csv
https://flickr.com/photos/190269253@N07/50938069446,https://www.flickr.com/photos/190269253@N07/50938069446,data/desktop_scenes_batch5/manifest.csv
https://flickr.com/photos/190610150@N02/51154999376,https://www.flickr.com/photos/190610150@N02/51154999376,data/desktop_scenes_batch5/manifest.csv
https://flickr.com/photos/190888186@N04/51668596172,https://www.flickr.com/photos/190888186@N04/51668596172,data/desktop_scenes_batch2/manifest.csv
https://flickr.com/photos/190888186@N04/51670274710,https://www.flickr.com/photos/190888186@N04/51670274710,data/desktop_scenes_batch2/manifest.csv
https://flickr.com/photos/194424926@N05/54128752706,https://www.flickr.com/photos/194424926@N05/54128752706,data/desktop_scenes_batch2/manifest.csv
https://flickr.com/photos/194424926@N05/54129207605,https://www.flickr.com/photos/194424926@N05/54129207605,data/desktop_scenes_batch2/manifest.csv
https://flickr.com/photos/194424926@N05/54249381416,https://www.flickr.com/photos/194424926@N05/54249381416,data/desktop_scenes_batch2/manifest.csv
https://flickr.com/photos/194424926@N05/54298165596,https://www.flickr.com/photos/194424926@N05/54298165596,data/desktop_scenes_batch2/manifest.csv
https://flickr.com/photos/194424926@N05/54326072872,https://www.flickr.com/photos/194424926@N05/54326072872,data/desktop_scenes_batch2/manifest.csv
https://flickr.com/photos/194424926@N05/54364712919,https://www.flickr.com/photos/194424926@N05/54364712919,data/desktop_scenes_batch2/manifest.csv
https://flickr.com/photos/194424926@N05/54541724361,https://www.flickr.com/photos/194424926@N05/54541724361,data/desktop_scenes_batch2/manifest.csv
https://flickr.com/photos/194424926@N05/54553916095,https://www.flickr.com/photos/194424926@N05/54553916095,data/desktop_scenes_batch2/manifest.csv
https://flickr.com/photos/194424926@N05/54560261994,https://www.flickr.com/photos/194424926@N05/54560261994,data/desktop_scenes_batch2/manifest.csv
https://flickr.com/photos/194424926@N05/54560407860,https://www.flickr.com/photos/194424926@N05/54560407860,data/desktop_scenes_batch2/manifest.csv
https://flickr.com/photos/194424926@N05/54560411675,https://www.flickr.com/photos/194424926@N05/54560411675,data/desktop_scenes_batch2/manifest.csv
https://flickr.com/photos/194424926@N05/54588466551,https://www.flickr.com/photos/194424926@N05/54588466551,data/desktop_scenes_batch2/manifest.csv
https://flickr.com/photos/19568916@N07/6125466184,https://www.flickr.com/photos/19568916@N07/6125466184,data/desktop_scenes_batch3/manifest.csv
https://flickr.com/photos/19628026@N08/8466064645,https://www.flickr.com/photos/19628026@N08/8466064645,data/desktop_scenes_batch5/manifest.csv
https://flickr.com/photos/19628026@N08/8546690721,https://www.flickr.com/photos/19628026@N08/8546690721,data/desktop_scenes_batch3/manifest.csv
https://flickr.com/photos/19731486@N07/5338176412,https://www.flickr.com/photos/19731486@N07/5338176412,data/desktop_scenes_batch2/manifest.csv
https://flickr.com/photos/19762676@N00/4378624187,https://www.flickr.com/photos/19762676@N00/4378624187,data/desktop_scenes_batch2/manifest.csv
https://flickr.com/photos/19762676@N00/5187512489,https://www.flickr.com/photos/19762676@N00/5187512489,data/desktop_scenes_batch2/manifest.csv
https://flickr.com/photos/199243360@N02/54792051719,https://www.flickr.com/photos/199243360@N02/54792051719,data/desktop_scenes_batch5/manifest.csv
https://flickr.com/photos/200781279@N05/53866736317,https://www.flickr.com/photos/200781279@N05/53866736317,data/desktop_scenes_batch2/manifest.csv
https://flickr.com/photos/200781279@N05/53880220761,https://www.flickr.com/photos/200781279@N05/53880220761,data/desktop_scenes_batch2/manifest.csv
https://flickr.com/photos/200781279@N05/53880522936,https://www.flickr.com/photos/200781279@N05/53880522936,data/desktop_scenes_batch2/manifest.csv
https://flickr.com/photos/202780880@N02/54525722826,https://www.flickr.com/photos/202780880@N02/54525722826,data/desktop_scenes_batch2/manifest.csv
https://flickr.com/photos/202780880@N02/54542694918,https://www.flickr.com/photos/202780880@N02/54542694918,data/desktop_scenes_batch2/manifest.csv
https://flickr.com/photos/202846129@N03/54536057307,https://www.flickr.com/photos/202846129@N03/54536057307,data/desktop_scenes_batch2/manifest.csv
https://flickr.com/photos/202846129@N03/54546167341,https://www.flickr.com/photos/202846129@N03/54546167341,data/desktop_scenes_batch3/manifest.csv
https://flickr.com/photos/202846129@N03/54546167381,https://www.flickr.com/photos/202846129@N03/54546167381,data/desktop_scenes_batch2/manifest.csv
https://flickr.com/photos/202846129@N03/54546296358,https://www.flickr.com/photos/202846129@N03/54546296358,data/desktop_scenes_batch2/manifest.csv
https://flickr.com/photos/202846129@N03/54546402260,https://www.flickr.com/photos/202846129@N03/54546402260,data/desktop_scenes_batch2/manifest.csv
https://flickr.com/photos/202846129@N03/54546402620,https://www.flickr.com/photos/202846129@N03/54546402620,data/desktop_scenes_batch2/manifest.csv
https://flickr.com/photos/202846129@N03/54546503880,https://www.flickr.com/photos/202846129@N03/54546503880,data/desktop_scenes_batch2/manifest.csv
https://flickr.com/photos/202846129@N03/54550832011,https://www.flickr.com/photos/202846129@N03/54550832011,data/desktop_scenes_batch2/manifest.csv
https://flickr.com/photos/202846129@N03/54551110085,https://www.flickr.com/photos/202846129@N03/54551110085,data/desktop_scenes_batch2/manifest.csv
https://flickr.com/photos/202846129@N03/54562049681,https://www.flickr.com/photos/202846129@N03/54562049681,data/desktop_scenes_batch2/manifest.csv
https://flickr.com/photos/202846129@N03/54562082956,https://www.flickr.com/photos/202846129@N03/54562082956,data/desktop_scenes_batch2/manifest.csv
https://flickr.com/photos/202846129@N03/54562323433,https://www.flickr.com/photos/202846129@N03/54562323433,data/desktop_scenes_batch2/manifest.csv
https://flickr.com/photos/202846129@N03/54562411505,https://www.flickr.com/photos/202846129@N03/54562411505,data/desktop_scenes_batch2/manifest.csv
https://flickr.com/photos/202846129@N03/54564934784,https://www.flickr.com/photos/202846129@N03/54564934784,data/desktop_scenes_batch2/manifest.csv
https://flickr.com/photos/202846129@N03/54565733172,https://www.flickr.com/photos/202846129@N03/54565733172,data/desktop_scenes_batch2/manifest.csv
https://flickr.com/photos/202846129@N03/54565745217,https://www.flickr.com/photos/202846129@N03/54565745217,data/desktop_scenes_batch2/manifest.csv
https://flickr.com/photos/202846129@N03/54566611946,https://www.flickr.com/photos/202846129@N03/54566611946,data/desktop_scenes_batch2/manifest.csv
https://flickr.com/photos/202846129@N03/54566620826,https://www.flickr.com/photos/202846129@N03/54566620826,data/desktop_scenes_batch2/manifest.csv
https://flickr.com/photos/202846129@N03/54566621451,https://www.flickr.com/photos/202846129@N03/54566621451,data/desktop_scenes_batch2/manifest.csv
https://flickr.com/photos/202846129@N03/54566790704,https://www.flickr.com/photos/202846129@N03/54566790704,data/desktop_scenes_batch2/manifest.csv
https://flickr.com/photos/202846129@N03/54566991298,https://www.flickr.com/photos/202846129@N03/54566991298,data/desktop_scenes_batch2/manifest.csv
https://flickr.com/photos/202846129@N03/54580841882,https://www.flickr.com/photos/202846129@N03/54580841882,data/desktop_scenes_batch2/manifest.csv
https://flickr.com/photos/202846129@N03/54581712461,https://www.flickr.com/photos/202846129@N03/54581712461,data/desktop_scenes_batch2/manifest.csv
https://flickr.com/photos/202846129@N03/54584128111,https://www.flickr.com/photos/202846129@N03/54584128111,data/desktop_scenes_batch5/manifest.csv
https://flickr.com/photos/202846129@N03/54584253151,https://www.flickr.com/photos/202846129@N03/54584253151,data/desktop_scenes_batch2/manifest.csv
https://flickr.com/photos/202846129@N03/54584470268,https://www.flickr.com/photos/202846129@N03/54584470268,data/desktop_scenes_batch2/manifest.csv
https://flickr.com/photos/202846129@N03/54591782557,https://www.flickr.com/photos/202846129@N03/54591782557,data/desktop_scenes_batch2/manifest.csv
https://flickr.com/photos/202846129@N03/54596645397,https://www.flickr.com/photos/202846129@N03/54596645397,data/desktop_scenes_batch2/manifest.csv
https://flickr.com/photos/202846129@N03/54597686780,https://www.flickr.com/photos/202846129@N03/54597686780,data/desktop_scenes_batch2/manifest.csv
https://flickr.com/photos/202846129@N03/54597716589,https://www.flickr.com/photos/202846129@N03/54597716589,data/desktop_scenes_batch2/manifest.csv
https://flickr.com/photos/202846129@N03/54597735878,https://www.flickr.com/photos/202846129@N03/54597735878,data/desktop_scenes_batch2/manifest.csv
https://flickr.com/photos/202846129@N03/54597828665,https://www.flickr.com/photos/202846129@N03/54597828665,data/desktop_scenes_batch2/manifest.csv
https://flickr.com/photos/20961302@N00/4499682768,https://www.flickr.com/photos/20961302@N00/4499682768,data/desktop_scenes_batch2/manifest.csv
https://flickr.com/photos/21015483@N02/3312117967,https://www.flickr.com/photos/21015483@N02/3312117967,data/desktop_scenes_batch2/manifest.csv
https://flickr.com/photos/21015483@N02/3312948250,https://www.flickr.com/photos/21015483@N02/3312948250,data/desktop_scenes_batch2/manifest.csv
https://flickr.com/photos/21051491@N02/8278036813,https://www.flickr.com/photos/21051491@N02/8278036813,data/desktop_scenes_batch2/manifest.csv
https://flickr.com/photos/21124414@N00/4501320456,https://www.flickr.com/photos/21124414@N00/4501320456,data/desktop_scenes_batch2/manifest.csv
https://flickr.com/photos/21146454@N00/429240455,https://www.flickr.com/photos/21146454@N00/429240455,data/desktop_scenes_batch2/manifest.csv
https://flickr.com/photos/21170187@N04/4775276486,https://www.flickr.com/photos/21170187@N04/4775276486,data/desktop_scenes_batch2/manifest.csv
https://flickr.com/photos/21203533@N00/3001713700,https://www.flickr.com/photos/21203533@N00/3001713700,data/desktop_scenes_batch2/manifest.csv
https://flickr.com/photos/21203533@N00/3001716670,https://www.flickr.com/photos/21203533@N00/3001716670,data/desktop_scenes_batch2/manifest.csv
https://flickr.com/photos/21203533@N00/3773196199,https://www.flickr.com/photos/21203533@N00/3773196199,data/desktop_scenes_batch2/manifest.csv
https://flickr.com/photos/21203533@N00/8309413934,https://www.flickr.com/photos/21203533@N00/8309413934,data/desktop_scenes_batch2/manifest.csv
https://flickr.com/photos/21203533@N00/8490068951,https://www.flickr.com/photos/21203533@N00/8490068951,data/desktop_scenes_batch2/manifest.csv
https://flickr.com/photos/21458229@N00/7700688776,https://www.flickr.com/photos/21458229@N00/7700688776,data/desktop_scenes_batch2/manifest.csv
https://flickr.com/photos/21482825@N03/4800178851,https://www.flickr.com/photos/21482825@N03/4800178851,data/desktop_scenes_batch2/manifest.csv
https://flickr.com/photos/21484712@N00/2972159953,https://www.flickr.com/photos/21484712@N00/2972159953,data/desktop_scenes_batch2/manifest.csv
https://flickr.com/photos/21526999@N07/3394904613,https://www.flickr.com/photos/21526999@N07/3394904613,data/desktop_scenes_batch2/manifest.csv
https://flickr.com/photos/21543443@N00/2791201647,https://www.flickr.com/photos/21543443@N00/2791201647,data/desktop_scenes_batch2/manifest.csv
https://flickr.com/photos/21678559@N06/5868439599,https://www.flickr.com/photos/21678559@N06/5868439599,data/desktop_scenes_batch2/manifest.csv
https://flickr.com/photos/22034326@N08/9144289525,https://www.flickr.com/photos/22034326@N08/9144289525,data/desktop_scenes_batch2/manifest.csv
https://flickr.com/photos/22198928@N00/16042062135,https://www.flickr.com/photos/22198928@N00/16042062135,data/desktop_scenes_batch2/manifest.csv
https://flickr.com/photos/22294215@N06/7899725222,https://www.flickr.com/photos/22294215@N06/7899725222,data/desktop_scenes_batch2/manifest.csv
https://flickr.com/photos/22326055@N06/2703652606,https://www.flickr.com/photos/22326055@N06/2703652606,data/desktop_scenes_batch5/manifest.csv
https://flickr.com/photos/22490717@N02/35781890421,https://www.flickr.com/photos/22490717@N02/35781890421,data/desktop_scenes_batch2/manifest.csv
https://flickr.com/photos/22565639@N03/7658227004,https://www.flickr.com/photos/22565639@N03/7658227004,data/desktop_scenes_batch2/manifest.csv
https://flickr.com/photos/22565768@N04/4487830308,https://www.flickr.com/photos/22565768@N04/4487830308,data/desktop_scenes_batch3/manifest.csv
https://flickr.com/photos/22655652@N05/3260607269,https://www.flickr.com/photos/22655652@N05/3260607269,data/desktop_scenes_batch2/manifest.csv
https://flickr.com/photos/22809317@N04/4369116360,https://www.flickr.com/photos/22809317@N04/4369116360,data/desktop_scenes_batch2/manifest.csv
https://flickr.com/photos/22809317@N04/4930194208,https://www.flickr.com/photos/22809317@N04/4930194208,data/desktop_scenes_batch2/manifest.csv
https://flickr.com/photos/22890631@N03/2465075068,https://www.flickr.com/photos/22890631@N03/2465075068,data/desktop_scenes_batch2/manifest.csv
https://flickr.com/photos/22974618@N00/52966400095,https://www.flickr.com/photos/22974618@N00/52966400095,data/desktop_scenes_batch2/manifest.csv
https://flickr.com/photos/23024164@N06/8010863471,https://www.flickr.com/photos/23024164@N06/8010863471,data/desktop_scenes_batch2/manifest.csv
https://flickr.com/photos/23126594@N00/342518083,https://www.flickr.com/photos/23126594@N00/342518083,data/desktop_scenes_batch5/manifest.csv
https://flickr.com/photos/23165290@N00/8515387939,https://www.flickr.com/photos/23165290@N00/8515387939,data/desktop_scenes_batch2/manifest.csv
https://flickr.com/photos/23165290@N00/8515388135,https://www.flickr.com/photos/23165290@N00/8515388135,data/desktop_scenes_batch2/manifest.csv
https://flickr.com/photos/23165290@N00/8515388391,https://www.flickr.com/photos/23165290@N00/8515388391,data/desktop_scenes_batch2/manifest.csv
https://flickr.com/photos/23165290@N00/8515388599,https://www.flickr.com/photos/23165290@N00/8515388599,data/desktop_scenes_batch2/manifest.csv
https://flickr.com/photos/23165290@N00/9348759704,https://www.flickr.com/photos/23165290@N00/9348759704,data/desktop_scenes_batch2/manifest.csv
https://flickr.com/photos/23291498@N04/4096140514,https://www.flickr.com/photos/23291498@N04/4096140514,data/desktop_scenes_batch2/manifest.csv
https://flickr.com/photos/23366102@N00/4100669139,https://www.flickr.com/photos/23366102@N00/4100669139,data/desktop_scenes_batch4/manifest.csv
https://flickr.com/photos/23401669@N00/1544063213,https://www.flickr.com/photos/23401669@N00/1544063213,data/desktop_scenes_batch2/manifest.csv
https://flickr.com/photos/23795068@N07/3202207611,https://www.flickr.com/photos/23795068@N07/3202207611,data/desktop_scenes_batch2/manifest.csv
https://flickr.com/photos/23979265@N07/14361408716,https://www.flickr.com/photos/23979265@N07/14361408716,data/desktop_scenes_batch2/manifest.csv
https://flickr.com/photos/24001499@N03/4624015086,https://www.flickr.com/photos/24001499@N03/4624015086,data/desktop_scenes_batch2/manifest.csv
https://flickr.com/photos/24001499@N03/4625882331,https://www.flickr.com/photos/24001499@N03/4625882331,data/desktop_scenes_batch2/manifest.csv
https://flickr.com/photos/24001499@N03/5057231624,https://www.flickr.com/photos/24001499@N03/5057231624,data/desktop_scenes_batch2/manifest.csv
https://flickr.com/photos/24001499@N03/5515325000,https://www.flickr.com/photos/24001499@N03/5515325000,data/desktop_scenes_batch2/manifest.csv
https://flickr.com/photos/24029425@N06/9785527291,https://www.flickr.com/photos/24029425@N06/9785527291,data/desktop_scenes_batch2/manifest.csv
https://flickr.com/photos/24062889@N00/11894902975,https://www.flickr.com/photos/24062889@N00/11894902975,data/desktop_scenes_batch5/manifest.csv
https://flickr.com/photos/24161962@N02/4491189585,https://www.flickr.com/photos/24161962@N02/4491189585,data/desktop_scenes_batch2/manifest.csv
https://flickr.com/photos/24226200@N00/5981425234,https://www.flickr.com/photos/24226200@N00/5981425234,data/desktop_scenes_batch2/manifest.csv
https://flickr.com/photos/24236150@N04/4986565340,https://www.flickr.com/photos/24236150@N04/4986565340,data/desktop_scenes_batch2/manifest.csv
https://flickr.com/photos/24256351@N04/3038372345,https://www.flickr.com/photos/24256351@N04/3038372345,data/desktop_scenes_batch2/manifest.csv
https://flickr.com/photos/24311566@N07/8607053316,https://www.flickr.com/photos/24311566@N07/8607053316,data/desktop_scenes_batch3/manifest.csv
https://flickr.com/photos/24311648@N00/2754710295,https://www.flickr.com/photos/24311648@N00/2754710295,data/desktop_scenes_batch2/manifest.csv
https://flickr.com/photos/24413864@N05/6810902364,https://www.flickr.com/photos/24413864@N05/6810902364,data/desktop_scenes_batch2/manifest.csv
https://flickr.com/photos/24454962@N00/3079966776,https://www.flickr.com/photos/24454962@N00/3079966776,data/desktop_scenes_batch5/manifest.csv
https://flickr.com/photos/24469639@N00/5062743799,https://www.flickr.com/photos/24469639@N00/5062743799,data/desktop_scenes_batch2/manifest.csv
https://flickr.com/photos/24580165@N03/16432524588,https://www.flickr.com/photos/24580165@N03/16432524588,data/desktop_scenes_batch5/manifest.csv
https://flickr.com/photos/24623350@N02/7483010074,https://www.flickr.com/photos/24623350@N02/7483010074,data/desktop_scenes_batch2/manifest.csv
https://flickr.com/photos/24700112@N05/3653560187,https://www.flickr.com/photos/24700112@N05/3653560187,data/desktop_scenes/manifest.csv
https://flickr.com/photos/24700112@N05/3654355082,https://www.flickr.com/photos/24700112@N05/3654355082,data/desktop_scenes_batch2/manifest.csv
https://flickr.com/photos/24724221@N07/4200133713,https://www.flickr.com/photos/24724221@N07/4200133713,data/desktop_scenes_batch2/manifest.csv
https://flickr.com/photos/24736216@N07/12951015063,https://www.flickr.com/photos/24736216@N07/12951015063,data/desktop_scenes_batch5/manifest.csv
https://flickr.com/photos/24736216@N07/3909681606,https://www.flickr.com/photos/24736216@N07/3909681606,data/desktop_scenes_batch5/manifest.csv
https://flickr.com/photos/24736216@N07/5736513999,https://www.flickr.com/photos/24736216@N07/5736513999,data/desktop_scenes_batch3/manifest.csv
https://flickr.com/photos/24965986@N00/6481002081,https://www.flickr.com/photos/24965986@N00/6481002081,data/desktop_scenes_batch2/manifest.csv
https://flickr.com/photos/25030443@N03/2990831162,https://www.flickr.com/photos/25030443@N03/2990831162,data/desktop_scenes_batch2/manifest.csv
https://flickr.com/photos/25078342@N00/8354651498,https://www.flickr.com/photos/25078342@N00/8354651498,data/desktop_scenes_batch2/manifest.csv
https://flickr.com/photos/25186605@N04/16714469084,https://www.flickr.com/photos/25186605@N04/16714469084,data/desktop_scenes_batch2/manifest.csv
https://flickr.com/photos/25186605@N04/16714470544,https://www.flickr.com/photos/25186605@N04/16714470544,data/desktop_scenes_batch2/manifest.csv
https://flickr.com/photos/25186605@N04/16714471974,https://www.flickr.com/photos/25186605@N04/16714471974,data/desktop_scenes_batch2/manifest.csv
https://flickr.com/photos/25186605@N04/16716682043,https://www.flickr.com/photos/25186605@N04/16716682043,data/desktop_scenes_batch2/manifest.csv
https://flickr.com/photos/25186605@N04/17149153828,https://www.flickr.com/photos/25186605@N04/17149153828,data/desktop_scenes_batch2/manifest.csv
https://flickr.com/photos/25186605@N04/17335007912,https://www.flickr.com/photos/25186605@N04/17335007912,data/desktop_scenes_batch2/manifest.csv
https://flickr.com/photos/25186605@N04/17336540631,https://www.flickr.com/photos/25186605@N04/17336540631,data/desktop_scenes_batch2/manifest.csv
https://flickr.com/photos/25186605@N04/17336542691,https://www.flickr.com/photos/25186605@N04/17336542691,data/desktop_scenes_batch2/manifest.csv
https://flickr.com/photos/25186605@N04/17336546501,https://www.flickr.com/photos/25186605@N04/17336546501,data/desktop_scenes_batch2/manifest.csv
https://flickr.com/photos/25186605@N04/17336941525,https://www.flickr.com/photos/25186605@N04/17336941525,data/desktop_scenes_batch2/manifest.csv
https://flickr.com/photos/25186605@N04/3640924252,https://www.flickr.com/photos/25186605@N04/3640924252,data/desktop_scenes_batch2/manifest.csv
https://flickr.com/photos/25186605@N04/9623890225,https://www.flickr.com/photos/25186605@N04/9623890225,data/desktop_scenes_batch2/manifest.csv
https://flickr.com/photos/25186605@N04/9623896821,https://www.flickr.com/photos/25186605@N04/9623896821,data/desktop_scenes_batch2/manifest.csv
https://flickr.com/photos/25186605@N04/9623912879,https://www.flickr.com/photos/25186605@N04/9623912879,data/desktop_scenes_batch2/manifest.csv
https://flickr.com/photos/25186605@N04/9627139210,https://www.flickr.com/photos/25186605@N04/9627139210,data/desktop_scenes_batch2/manifest.csv
https://flickr.com/photos/25186605@N04/9627187396,https://www.flickr.com/photos/25186605@N04/9627187396,data/desktop_scenes_batch2/manifest.csv
https://flickr.com/photos/25187937@N05/5464499376,https://www.flickr.com/photos/25187937@N05/5464499376,data/desktop_scenes_batch2/manifest.csv
https://flickr.com/photos/25340190@N05/2912457595,https://www.flickr.com/photos/25340190@N05/2912457595,data/desktop_scenes_batch3/manifest.csv
https://flickr.com/photos/25622716@N02/3257587132,https://www.flickr.com/photos/25622716@N02/3257587132,data/desktop_scenes_batch2/manifest.csv
https://flickr.com/photos/25652278@N03/3799124524,https://www.flickr.com/photos/25652278@N03/3799124524,data/desktop_scenes_batch2/manifest.csv
https://flickr.com/photos/25932713@N02/6467872923,https://www.flickr.com/photos/25932713@N02/6467872923,data/desktop_scenes_batch5/manifest.csv
https://flickr.com/photos/25977089@N00/33957211026,https://www.flickr.com/photos/25977089@N00/33957211026,data/desktop_scenes_batch2/manifest.csv
https://flickr.com/photos/26204872@N08/8012814421,https://www.flickr.com/photos/26204872@N08/8012814421,data/desktop_scenes_batch2/manifest.csv
https://flickr.com/photos/26209464@N00/49789417258,https://www.flickr.com/photos/26209464@N00/49789417258,data/desktop_scenes_batch2/manifest.csv
https://flickr.com/photos/26254305@N08/7006768802,https://www.flickr.com/photos/26254305@N08/7006768802,data/desktop_scenes_batch2/manifest.csv
https://flickr.com/photos/26325011@N00/2744405053,https://www.flickr.com/photos/26325011@N00/2744405053,data/desktop_scenes_batch2/manifest.csv
https://flickr.com/photos/26329029@N06/13297659445,https://www.flickr.com/photos/26329029@N06/13297659445,data/desktop_scenes_batch3/manifest.csv
https://flickr.com/photos/26329029@N06/6385906235,https://www.flickr.com/photos/26329029@N06/6385906235,data/desktop_scenes_batch5/manifest.csv
https://flickr.com/photos/26344495@N05/47971744261,https://www.flickr.com/photos/26344495@N05/47971744261,data/desktop_scenes_batch2/manifest.csv
https://flickr.com/photos/26344495@N05/47977794003,https://www.flickr.com/photos/26344495@N05/47977794003,data/desktop_scenes_batch2/manifest.csv
https://flickr.com/photos/26344495@N05/48611408941,https://www.flickr.com/photos/26344495@N05/48611408941,data/desktop_scenes_batch2/manifest.csv
https://flickr.com/photos/26344495@N05/49496168433,https://www.flickr.com/photos/26344495@N05/49496168433,data/desktop_scenes_batch2/manifest.csv
https://flickr.com/photos/26531284@N02/8280251359,https://www.flickr.com/photos/26531284@N02/8280251359,data/desktop_scenes_batch5/manifest.csv
https://flickr.com/photos/26558498@N00/2081262171,https://www.flickr.com/photos/26558498@N00/2081262171,data/desktop_scenes_batch2/manifest.csv
https://flickr.com/photos/26577322@N08/4077765065,https://www.flickr.com/photos/26577322@N08/4077765065,data/desktop_scenes_batch3/manifest.csv
https://flickr.com/photos/26786061@N00/2956771723,https://www.flickr.com/photos/26786061@N00/2956771723,data/desktop_scenes_batch2/manifest.csv
https://flickr.com/photos/26786061@N00/3561108061,https://www.flickr.com/photos/26786061@N00/3561108061,data/desktop_scenes_batch5/manifest.csv
https://flickr.com/photos/26786784@N08/3384155292,https://www.flickr.com/photos/26786784@N08/3384155292,data/desktop_scenes_batch2/manifest.csv
https://flickr.com/photos/26786784@N08/4174389528,https://www.flickr.com/photos/26786784@N08/4174389528,data/desktop_scenes_batch2/manifest.csv
https://flickr.com/photos/26786784@N08/4287267869,https://www.flickr.com/photos/26786784@N08/4287267869,data/desktop_scenes_batch2/manifest.csv
https://flickr.com/photos/26834957@N00/2962459752,https://www.flickr.com/photos/26834957@N00/2962459752,data/desktop_scenes_batch2/manifest.csv
https://flickr.com/photos/27137786@N05/2535184317,https://www.flickr.com/photos/27137786@N05/2535184317,data/desktop_scenes_batch3/manifest.csv
https://flickr.com/photos/27164521@N00/5089751349,https://www.flickr.com/photos/27164521@N00/5089751349,data/desktop_scenes_batch2/manifest.csv
https://flickr.com/photos/27283274@N00/6232012984,https://www.flickr.com/photos/27283274@N00/6232012984,data/desktop_scenes_batch2/manifest.csv
https://flickr.com/photos/27284887@N03/7183605997,https://www.flickr.com/photos/27284887@N03/7183605997,data/desktop_scenes_batch2/manifest.csv
https://flickr.com/photos/27376591@N04/2586405707,https://www.flickr.com/photos/27376591@N04/2586405707,data/desktop_scenes_batch3/manifest.csv
https://flickr.com/photos/27428080@N03/8169770591,https://www.flickr.com/photos/27428080@N03/8169770591,data/desktop_scenes_batch2/manifest.csv
https://flickr.com/photos/27446438@N07/5364252374,https://www.flickr.com/photos/27446438@N07/5364252374,data/desktop_scenes_batch2/manifest.csv
https://flickr.com/photos/27466406@N00/5641326508,https://www.flickr.com/photos/27466406@N00/5641326508,data/desktop_scenes_batch2/manifest.csv
https://flickr.com/photos/27482959@N08/5437399335,https://www.flickr.com/photos/27482959@N08/5437399335,data/desktop_scenes_batch2/manifest.csv
https://flickr.com/photos/27496606@N08/3143079032,https://www.flickr.com/photos/27496606@N08/3143079032,data/desktop_scenes_batch2/manifest.csv
https://flickr.com/photos/27519540@N04/4958999116,https://www.flickr.com/photos/27519540@N04/4958999116,data/desktop_scenes_batch2/manifest.csv
https://flickr.com/photos/27730221@N08/13179113643,https://www.flickr.com/photos/27730221@N08/13179113643,data/desktop_scenes_batch2/manifest.csv
https://flickr.com/photos/27865228@N06/4734053363,https://www.flickr.com/photos/27865228@N06/4734053363,data/desktop_scenes_batch2/manifest.csv
https://flickr.com/photos/27868775@N02/3093328386,https://www.flickr.com/photos/27868775@N02/3093328386,data/desktop_scenes_batch2/manifest.csv
https://flickr.com/photos/27888428@N00/5046136349,https://www.flickr.com/photos/27888428@N00/5046136349,data/desktop_scenes_batch2/manifest.csv
https://flickr.com/photos/27911627@N08/4775895672,https://www.flickr.com/photos/27911627@N08/4775895672,data/desktop_scenes_batch2/manifest.csv
https://flickr.com/photos/27983255@N00/3926234840,https://www.flickr.com/photos/27983255@N00/3926234840,data/desktop_scenes_batch2/manifest.csv
https://flickr.com/photos/28004076@N04/5825675457,https://www.flickr.com/photos/28004076@N04/5825675457,data/desktop_scenes_batch3/manifest.csv
https://flickr.com/photos/28004076@N04/5826227554,https://www.flickr.com/photos/28004076@N04/5826227554,data/desktop_scenes_batch3/manifest.csv
https://flickr.com/photos/28014112@N03/3884627882,https://www.flickr.com/photos/28014112@N03/3884627882,data/desktop_scenes_batch2/manifest.csv
https://flickr.com/photos/28269958@N07/4181757684,https://www.flickr.com/photos/28269958@N07/4181757684,data/desktop_scenes_batch2/manifest.csv
https://flickr.com/photos/28415633@N00/8395008187,https://www.flickr.com/photos/28415633@N00/8395008187,data/desktop_scenes_batch2/manifest.csv
https://flickr.com/photos/28438417@N08/3273899493,https://www.flickr.com/photos/28438417@N08/3273899493,data/desktop_scenes_batch2/manifest.csv
https://flickr.com/photos/28438417@N08/8171875354,https://www.flickr.com/photos/28438417@N08/8171875354,data/desktop_scenes_batch3/manifest.csv
https://flickr.com/photos/28502132@N05/8916559487,https://www.flickr.com/photos/28502132@N05/8916559487,data/desktop_scenes_batch2/manifest.csv
https://flickr.com/photos/28509660@N06/2848913872,https://www.flickr.com/photos/28509660@N06/2848913872,data/desktop_scenes_batch2/manifest.csv
https://flickr.com/photos/28652129@N06/15082071368,https://www.flickr.com/photos/28652129@N06/15082071368,data/desktop_scenes_batch2/manifest.csv
https://flickr.com/photos/28652129@N06/15531083292,https://www.flickr.com/photos/28652129@N06/15531083292,data/desktop_scenes_batch2/manifest.csv
https://flickr.com/photos/28652129@N06/36871286924,https://www.flickr.com/photos/28652129@N06/36871286924,data/desktop_scenes_batch2/manifest.csv
https://flickr.com/photos/28752865@N08/7190264985,https://www.flickr.com/photos/28752865@N08/7190264985,data/desktop_scenes_batch2/manifest.csv
https://flickr.com/photos/28752865@N08/7190266199,https://www.flickr.com/photos/28752865@N08/7190266199,data/desktop_scenes_batch2/manifest.csv
https://flickr.com/photos/28752865@N08/7278466510,https://www.flickr.com/photos/28752865@N08/7278466510,data/desktop_scenes_batch2/manifest.csv
https://flickr.com/photos/28752865@N08/7278467158,https://www.flickr.com/photos/28752865@N08/7278467158,data/desktop_scenes_batch2/manifest.csv
https://flickr.com/photos/28752865@N08/7278467636,https://www.flickr.com/photos/28752865@N08/7278467636,data/desktop_scenes_batch2/manifest.csv
https://flickr.com/photos/29050464@N06/52042867228,https://www.flickr.com/photos/29050464@N06/52042867228,data/desktop_scenes_batch3/manifest.csv
https://flickr.com/photos/29233640@N07/9590785264,https://www.flickr.com/photos/29233640@N07/9590785264,data/desktop_scenes_batch2/manifest.csv
https://flickr.com/photos/29278394@N00/721319812,https://www.flickr.com/photos/29278394@N00/721319812,data/desktop_scenes_batch3/manifest.csv
https://flickr.com/photos/29278394@N00/776189005,https://www.flickr.com/photos/29278394@N00/776189005,data/desktop_scenes_batch2/manifest.csv
https://flickr.com/photos/29326506@N04/4655943681,https://www.flickr.com/photos/29326506@N04/4655943681,data/desktop_scenes_batch2/manifest.csv
https://flickr.com/photos/29680642@N04/2785677276,https://www.flickr.com/photos/29680642@N04/2785677276,data/desktop_scenes_batch2/manifest.csv
https://flickr.com/photos/29707865@N05/3189973904,https://www.flickr.com/photos/29707865@N05/3189973904,data/desktop_scenes_batch3/manifest.csv
https://flickr.com/photos/30098694@N02/4960421877,https://www.flickr.com/photos/30098694@N02/4960421877,data/desktop_scenes_batch2/manifest.csv
https://flickr.com/photos/30098694@N02/4960424089,https://www.flickr.com/photos/30098694@N02/4960424089,data/desktop_scenes_batch2/manifest.csv
https://flickr.com/photos/30223382@N06/4504292121,https://www.flickr.com/photos/30223382@N06/4504292121,data/desktop_scenes_batch2/manifest.csv
https://flickr.com/photos/30223382@N06/4887701660,https://www.flickr.com/photos/30223382@N06/4887701660,data/desktop_scenes_batch2/manifest.csv
https://flickr.com/photos/30230808@N03/14123552594,https://www.flickr.com/photos/30230808@N03/14123552594,data/desktop_scenes_batch3/manifest.csv
https://flickr.com/photos/30285260@N02/3486321462,https://www.flickr.com/photos/30285260@N02/3486321462,data/desktop_scenes_batch2/manifest.csv
https://flickr.com/photos/30285260@N02/3486661398,https://www.flickr.com/photos/30285260@N02/3486661398,data/desktop_scenes_batch2/manifest.csv
https://flickr.com/photos/30285260@N02/3486663978,https://www.flickr.com/photos/30285260@N02/3486663978,data/desktop_scenes_batch2/manifest.csv
https://flickr.com/photos/30285260@N02/3486668960,https://www.flickr.com/photos/30285260@N02/3486668960,data/desktop_scenes_batch2/manifest.csv
https://flickr.com/photos/30285260@N02/3489264050,https://www.flickr.com/photos/30285260@N02/3489264050,data/desktop_scenes_batch2/manifest.csv
https://flickr.com/photos/30329962@N08/15528997966,https://www.flickr.com/photos/30329962@N08/15528997966,data/desktop_scenes_batch2/manifest.csv
https://flickr.com/photos/30369883@N03/9196335508,https://www.flickr.com/photos/30369883@N03/9196335508,data/desktop_scenes_batch2/manifest.csv
https://flickr.com/photos/30544210@N04/4429781845,https://www.flickr.com/photos/30544210@N04/4429781845,data/desktop_scenes_batch5/manifest.csv
https://flickr.com/photos/30553515@N00/159877345,https://www.flickr.com/photos/30553515@N00/159877345,data/desktop_scenes_batch3/manifest.csv
https://flickr.com/photos/30553515@N00/159877346,https://www.flickr.com/photos/30553515@N00/159877346,data/desktop_scenes_batch3/manifest.csv
https://flickr.com/photos/30628871@N00/14566770943,https://www.flickr.com/photos/30628871@N00/14566770943,data/desktop_scenes_batch2/manifest.csv
https://flickr.com/photos/30793552@N04/8103474939,https://www.flickr.com/photos/30793552@N04/8103474939,data/desktop_scenes_batch5/manifest.csv
https://flickr.com/photos/30815420@N00/2597109669,https://www.flickr.com/photos/30815420@N00/2597109669,data/desktop_scenes/manifest.csv
https://flickr.com/photos/30928442@N08/5476024936,https://www.flickr.com/photos/30928442@N08/5476024936,data/desktop_scenes_batch2/manifest.csv
https://flickr.com/photos/31013861@N00/8970444148,https://www.flickr.com/photos/31013861@N00/8970444148,data/desktop_scenes/manifest.csv
https://flickr.com/photos/31167421@N07/4110089587,https://www.flickr.com/photos/31167421@N07/4110089587,data/desktop_scenes_batch2/manifest.csv
https://flickr.com/photos/31167421@N07/5748970081,https://www.flickr.com/photos/31167421@N07/5748970081,data/desktop_scenes_batch2/manifest.csv
https://flickr.com/photos/31167421@N07/5749516468,https://www.flickr.com/photos/31167421@N07/5749516468,data/desktop_scenes_batch2/manifest.csv
https://flickr.com/photos/31176607@N05/53486886595,https://www.flickr.com/photos/31176607@N05/53486886595,data/desktop_scenes_batch3/manifest.csv
https://flickr.com/photos/31246066@N04/5516683212,https://www.flickr.com/photos/31246066@N04/5516683212,data/desktop_scenes_batch3/manifest.csv
https://flickr.com/photos/31246066@N04/9591225539,https://www.flickr.com/photos/31246066@N04/9591225539,data/desktop_scenes_batch2/manifest.csv
https://flickr.com/photos/31341155@N07/11840000324,https://www.flickr.com/photos/31341155@N07/11840000324,data/desktop_scenes_batch2/manifest.csv
https://flickr.com/photos/31369133@N04/4811039128,https://www.flickr.com/photos/31369133@N04/4811039128,data/desktop_scenes_batch2/manifest.csv
https://flickr.com/photos/31433424@N00/2337050378,https://www.flickr.com/photos/31433424@N00/2337050378,data/desktop_scenes_batch2/manifest.csv
https://flickr.com/photos/31433424@N00/3980649476,https://www.flickr.com/photos/31433424@N00/3980649476,data/desktop_scenes_batch2/manifest.csv
https://flickr.com/photos/31544102@N04/6916063044,https://www.flickr.com/photos/31544102@N04/6916063044,data/desktop_scenes_batch2/manifest.csv
https://flickr.com/photos/31544102@N04/7062149521,https://www.flickr.com/photos/31544102@N04/7062149521,data/desktop_scenes_batch2/manifest.csv
https://flickr.com/photos/31730451@N03/20451519074,https://www.flickr.com/photos/31730451@N03/20451519074,data/desktop_scenes_batch2/manifest.csv
https://flickr.com/photos/31774856@N00/3008019287,https://www.flickr.com/photos/31774856@N00/3008019287,data/desktop_scenes_batch2/manifest.csv
https://flickr.com/photos/32112542@N00/500570946,https://www.flickr.com/photos/32112542@N00/500570946,data/desktop_scenes_batch2/manifest.csv
https://flickr.com/photos/32552299@N04/6778001966,https://www.flickr.com/photos/32552299@N04/6778001966,data/desktop_scenes_batch2/manifest.csv
https://flickr.com/photos/32600408@N06/14725622309,https://www.flickr.com/photos/32600408@N06/14725622309,data/desktop_scenes_batch2/manifest.csv
https://flickr.com/photos/32615476@N05/16709901970,https://www.flickr.com/photos/32615476@N05/16709901970,data/desktop_scenes_batch3/manifest.csv
https://flickr.com/photos/32645377@N06/6644079155,https://www.flickr.com/photos/32645377@N06/6644079155,data/desktop_scenes_batch2/manifest.csv
https://flickr.com/photos/32662631@N00/2929620176,https://www.flickr.com/photos/32662631@N00/2929620176,data/desktop_scenes_batch2/manifest.csv
https://flickr.com/photos/32662631@N00/5254099946,https://www.flickr.com/photos/32662631@N00/5254099946,data/desktop_scenes_batch2/manifest.csv
https://flickr.com/photos/33144596@N00/4609115190,https://www.flickr.com/photos/33144596@N00/4609115190,data/desktop_scenes_batch2/manifest.csv
https://flickr.com/photos/33334577@N06/5124343603,https://www.flickr.com/photos/33334577@N06/5124343603,data/desktop_scenes_batch2/manifest.csv
https://flickr.com/photos/33345813@N00/2828488127,https://www.flickr.com/photos/33345813@N00/2828488127,data/desktop_scenes_batch2/manifest.csv
https://flickr.com/photos/33356155@N05/6928008203,https://www.flickr.com/photos/33356155@N05/6928008203,data/desktop_scenes_batch2/manifest.csv
https://flickr.com/photos/33549343@N04/3202221459,https://www.flickr.com/photos/33549343@N04/3202221459,data/desktop_scenes_batch2/manifest.csv
https://flickr.com/photos/33852688@N08/3294571800,https://www.flickr.com/photos/33852688@N08/3294571800,data/desktop_scenes_batch5/manifest.csv
https://flickr.com/photos/33907867@N02/21276861908,https://www.flickr.com/photos/33907867@N02/21276861908,data/desktop_scenes_batch2/manifest.csv
https://flickr.com/photos/33907867@N02/21453716392,https://www.flickr.com/photos/33907867@N02/21453716392,data/desktop_scenes_batch2/manifest.csv
https://flickr.com/photos/33907867@N02/21453720472,https://www.flickr.com/photos/33907867@N02/21453720472,data/desktop_scenes_batch2/manifest.csv
https://flickr.com/photos/33917831@N00/239579434,https://www.flickr.com/photos/33917831@N00/239579434,data/desktop_scenes_batch2/manifest.csv
https://flickr.com/photos/33987777@N00/2295199606,https://www.flickr.com/photos/33987777@N00/2295199606,data/desktop_scenes_batch2/manifest.csv
https://flickr.com/photos/34067077@N00/2296635260,https://www.flickr.com/photos/34067077@N00/2296635260,data/desktop_scenes_batch2/manifest.csv
https://flickr.com/photos/34067077@N00/4576265327,https://www.flickr.com/photos/34067077@N00/4576265327,data/desktop_scenes_batch2/manifest.csv
https://flickr.com/photos/34067077@N00/5274534,https://www.flickr.com/photos/34067077@N00/5274534,data/desktop_scenes_batch2/manifest.csv
https://flickr.com/photos/34107995@N00/3455756837,https://www.flickr.com/photos/34107995@N00/3455756837,data/desktop_scenes_batch2/manifest.csv
https://flickr.com/photos/34107995@N00/405145961,https://www.flickr.com/photos/34107995@N00/405145961,data/desktop_scenes_batch2/manifest.csv
https://flickr.com/photos/34128007@N04/5371602063,https://www.flickr.com/photos/34128007@N04/5371602063,data/desktop_scenes_batch2/manifest.csv
https://flickr.com/photos/34198607@N02/5206170143,https://www.flickr.com/photos/34198607@N02/5206170143,data/desktop_scenes_batch2/manifest.csv
https://flickr.com/photos/34207957@N08/3412273064,https://www.flickr.com/photos/34207957@N08/3412273064,data/desktop_scenes_batch2/manifest.csv
https://flickr.com/photos/34353636@N00/268421712,https://www.flickr.com/photos/34353636@N00/268421712,data/desktop_scenes_batch2/manifest.csv
https://flickr.com/photos/34353636@N00/268421763,https://www.flickr.com/photos/34353636@N00/268421763,data/desktop_scenes_batch2/manifest.csv
https://flickr.com/photos/34353636@N00/2937916633,https://www.flickr.com/photos/34353636@N00/2937916633,data/desktop_scenes_batch2/manifest.csv
https://flickr.com/photos/34402227@N03/14488270671,https://www.flickr.com/photos/34402227@N03/14488270671,data/desktop_scenes_batch2/manifest.csv
https://flickr.com/photos/34427466731@N01/112098447,https://www.flickr.com/photos/34427466731@N01/112098447,data/desktop_scenes_batch2/manifest.csv
https://flickr.com/photos/34427466731@N01/61653949,https://www.flickr.com/photos/34427466731@N01/61653949,data/desktop_scenes_batch2/manifest.csv
https://flickr.com/photos/34519492@N08/3223920178,https://www.flickr.com/photos/34519492@N08/3223920178,data/desktop_scenes_batch2/manifest.csv
https://flickr.com/photos/34739556@N04/3339297628,https://www.flickr.com/photos/34739556@N04/3339297628,data/desktop_scenes_batch5/manifest.csv
https://flickr.com/photos/34857812@N04/3235836516,https://www.flickr.com/photos/34857812@N04/3235836516,data/desktop_scenes_batch3/manifest.csv
https://flickr.com/photos/34948727@N00/7990826101,https://www.flickr.com/photos/34948727@N00/7990826101,data/desktop_scenes_batch2/manifest.csv
https://flickr.com/photos/35034359904@N01/14252801,https://www.flickr.com/photos/35034359904@N01/14252801,data/desktop_scenes_batch2/manifest.csv
https://flickr.com/photos/35034361412@N01/348178429,https://www.flickr.com/photos/35034361412@N01/348178429,data/desktop_scenes_batch2/manifest.csv
https://flickr.com/photos/35034363287@N01/9862291675,https://www.flickr.com/photos/35034363287@N01/9862291675,data/desktop_scenes_batch2/manifest.csv
https://flickr.com/photos/35166455@N00/3665139018,https://www.flickr.com/photos/35166455@N00/3665139018,data/desktop_scenes_batch2/manifest.csv
https://flickr.com/photos/35237093637@N01/98932343,https://www.flickr.com/photos/35237093637@N01/98932343,data/desktop_scenes_batch2/manifest.csv
https://flickr.com/photos/35237095805@N01/4838228637,https://www.flickr.com/photos/35237095805@N01/4838228637,data/desktop_scenes_batch2/manifest.csv
https://flickr.com/photos/35314767@N00/5997466993,https://www.flickr.com/photos/35314767@N00/5997466993,data/desktop_scenes_batch3/manifest.csv
https://flickr.com/photos/35342879@N00/189310528,https://www.flickr.com/photos/35342879@N00/189310528,data/desktop_scenes_batch2/manifest.csv
https://flickr.com/photos/35387910@N04/5599277188,https://www.flickr.com/photos/35387910@N04/5599277188,data/desktop_scenes_batch2/manifest.csv
https://flickr.com/photos/35414173@N02/5465133481,https://www.flickr.com/photos/35414173@N02/5465133481,data/desktop_scenes_batch2/manifest.csv
https://flickr.com/photos/35448539@N00/2367668576,https://www.flickr.com/photos/35448539@N00/2367668576,data/desktop_scenes_batch2/manifest.csv
https://flickr.com/photos/35448539@N00/4532523368,https://www.flickr.com/photos/35448539@N00/4532523368,data/desktop_scenes_batch2/manifest.csv
https://flickr.com/photos/35492114@N07/4043770094,https://www.flickr.com/photos/35492114@N07/4043770094,data/desktop_scenes_batch2/manifest.csv
https://flickr.com/photos/35602717@N03/9702559574,https://www.flickr.com/photos/35602717@N03/9702559574,data/desktop_scenes_batch2/manifest.csv
https://flickr.com/photos/35653698@N06/13906074682,https://www.flickr.com/photos/35653698@N06/13906074682,data/desktop_scenes_batch2/manifest.csv
https://flickr.com/photos/35754040@N04/34404826784,https://www.flickr.com/photos/35754040@N04/34404826784,data/desktop_scenes_batch3/manifest.csv
https://flickr.com/photos/35754040@N04/35083436642,https://www.flickr.com/photos/35754040@N04/35083436642,data/desktop_scenes_batch3/manifest.csv
https://flickr.com/photos/35754040@N04/35119121881,https://www.flickr.com/photos/35754040@N04/35119121881,data/desktop_scenes_batch3/manifest.csv
https://flickr.com/photos/35754040@N04/35208873356,https://www.flickr.com/photos/35754040@N04/35208873356,data/desktop_scenes_batch3/manifest.csv
https://flickr.com/photos/35mmman/36279865220,https://www.flickr.com/photos/35mmman/36279865220,data/desktop_scenes_batch3/manifest.csv
https://flickr.com/photos/36000507@N05/4154138111,https://www.flickr.com/photos/36000507@N05/4154138111,data/desktop_scenes_batch4/manifest.csv
https://flickr.com/photos/36006949@N00/2300617935,https://www.flickr.com/photos/36006949@N00/2300617935,data/desktop_scenes_batch2/manifest.csv
https://flickr.com/photos/36281822@N08/4456493183,https://www.flickr.com/photos/36281822@N08/4456493183,data/desktop_scenes_batch2/manifest.csv
https://flickr.com/photos/36281822@N08/4457242974,https://www.flickr.com/photos/36281822@N08/4457242974,data/desktop_scenes_batch2/manifest.csv
https://flickr.com/photos/36281822@N08/5707266722,https://www.flickr.com/photos/36281822@N08/5707266722,data/desktop_scenes_batch2/manifest.csv
https://flickr.com/photos/36281822@N08/8206104202,https://www.flickr.com/photos/36281822@N08/8206104202,data/desktop_scenes_batch2/manifest.csv
https://flickr.com/photos/36363318@N04/5354263995,https://www.flickr.com/photos/36363318@N04/5354263995,data/desktop_scenes_batch2/manifest.csv
https://flickr.com/photos/36397453@N00/5561037363,https://www.flickr.com/photos/36397453@N00/5561037363,data/desktop_scenes_batch5/manifest.csv
https://flickr.com/photos/36473423@N02/4447989067,https://www.flickr.com/photos/36473423@N02/4447989067,data/desktop_scenes_batch2/manifest.csv
https://flickr.com/photos/36514345@N00/9216484115,https://www.flickr.com/photos/36514345@N00/9216484115,data/desktop_scenes_batch2/manifest.csv
https://flickr.com/photos/36655009@N05/4374735516,https://www.flickr.com/photos/36655009@N05/4374735516,data/desktop_scenes_batch2/manifest.csv
https://flickr.com/photos/36692429@N00/2357644316,https://www.flickr.com/photos/36692429@N00/2357644316,data/desktop_scenes_batch2/manifest.csv
https://flickr.com/photos/36749491@N00/7658877500,https://www.flickr.com/photos/36749491@N00/7658877500,data/desktop_scenes_batch2/manifest.csv
https://flickr.com/photos/36910487@N07/4054230749,https://www.flickr.com/photos/36910487@N07/4054230749,data/desktop_scenes_batch2/manifest.csv
https://flickr.com/photos/36910487@N07/4822016177,https://www.flickr.com/photos/36910487@N07/4822016177,data/desktop_scenes_batch2/manifest.csv
https://flickr.com/photos/36972190@N06/9676968739,https://www.flickr.com/photos/36972190@N06/9676968739,data/desktop_scenes_batch2/manifest.csv
https://flickr.com/photos/37213589@N08/17847898296,https://www.flickr.com/photos/37213589@N08/17847898296,data/desktop_scenes_batch2/manifest.csv
https://flickr.com/photos/37387065@N05/4954403678,https://www.flickr.com/photos/37387065@N05/4954403678,data/desktop_scenes_batch2/manifest.csv
https://flickr.com/photos/37779177@N03/52197069419,https://www.flickr.com/photos/37779177@N03/52197069419,data/desktop_scenes_batch2/manifest.csv
https://flickr.com/photos/37779177@N03/54401145641,https://www.flickr.com/photos/37779177@N03/54401145641,data/desktop_scenes_batch2/manifest.csv
https://flickr.com/photos/37996646802@N01/4169563191,https://www.flickr.com/photos/37996646802@N01/4169563191,data/desktop_scenes_batch2/manifest.csv
https://flickr.com/photos/37996646802@N01/4560131276,https://www.flickr.com/photos/37996646802@N01/4560131276,data/desktop_scenes_batch2/manifest.csv
https://flickr.com/photos/38104654@N00/2153773752,https://www.flickr.com/photos/38104654@N00/2153773752,data/desktop_scenes_batch2/manifest.csv
https://flickr.com/photos/38174668@N05/6313359946,https://www.flickr.com/photos/38174668@N05/6313359946,data/desktop_scenes_batch2/manifest.csv
https://flickr.com/photos/38224264@N05/3675632987,https://www.flickr.com/photos/38224264@N05/3675632987,data/desktop_scenes_batch3/manifest.csv
https://flickr.com/photos/38305415@N00/4818276266,https://www.flickr.com/photos/38305415@N00/4818276266,data/desktop_scenes_batch2/manifest.csv
https://flickr.com/photos/38305415@N00/4960982952,https://www.flickr.com/photos/38305415@N00/4960982952,data/desktop_scenes_batch2/manifest.csv
https://flickr.com/photos/38315261@N00/3062713643,https://www.flickr.com/photos/38315261@N00/3062713643,data/desktop_scenes_batch2/manifest.csv
https://flickr.com/photos/38514999@N00/2681009716,https://www.flickr.com/photos/38514999@N00/2681009716,data/desktop_scenes_batch2/manifest.csv
https://flickr.com/photos/38891071@N00/3977152718,https://www.flickr.com/photos/38891071@N00/3977152718,data/desktop_scenes_batch2/manifest.csv
https://flickr.com/photos/38928586@N07/8372022020,https://www.flickr.com/photos/38928586@N07/8372022020,data/desktop_scenes_batch2/manifest.csv
https://flickr.com/photos/38959360@N07/53727423941,https://www.flickr.com/photos/38959360@N07/53727423941,data/desktop_scenes_batch2/manifest.csv
https://flickr.com/photos/39027808@N00/1423312308,https://www.flickr.com/photos/39027808@N00/1423312308,data/desktop_scenes_batch2/manifest.csv
https://flickr.com/photos/39069511@N03/4768213892,https://www.flickr.com/photos/39069511@N03/4768213892,data/desktop_scenes_batch2/manifest.csv
https://flickr.com/photos/39415781@N06/3920688156,https://www.flickr.com/photos/39415781@N06/3920688156,data/desktop_scenes_batch2/manifest.csv
https://flickr.com/photos/39415781@N06/6065530600,https://www.flickr.com/photos/39415781@N06/6065530600,data/desktop_scenes_batch2/manifest.csv
https://flickr.com/photos/39415781@N06/6065537326,https://www.flickr.com/photos/39415781@N06/6065537326,data/desktop_scenes_batch2/manifest.csv
https://flickr.com/photos/39415781@N06/6065996896,https://www.flickr.com/photos/39415781@N06/6065996896,data/desktop_scenes_batch2/manifest.csv
https://flickr.com/photos/39415781@N06/6066149329,https://www.flickr.com/photos/39415781@N06/6066149329,data/desktop_scenes_batch2/manifest.csv
https://flickr.com/photos/39415781@N06/8131213644,https://www.flickr.com/photos/39415781@N06/8131213644,data/desktop_scenes_batch2/manifest.csv
https://flickr.com/photos/39427725@N00/2609949336,https://www.flickr.com/photos/39427725@N00/2609949336,data/desktop_scenes_batch2/manifest.csv
https://flickr.com/photos/39551170@N02/33033360720,https://www.flickr.com/photos/39551170@N02/33033360720,data/desktop_scenes_batch3/manifest.csv
https://flickr.com/photos/39781481@N08/3653839577,https://www.flickr.com/photos/39781481@N08/3653839577,data/desktop_scenes_batch2/manifest.csv
https://flickr.com/photos/39802787@N00/3185129617,https://www.flickr.com/photos/39802787@N00/3185129617,data/desktop_scenes_batch2/manifest.csv
https://flickr.com/photos/39821974@N06/4087778360,https://www.flickr.com/photos/39821974@N06/4087778360,data/desktop_scenes_batch2/manifest.csv
https://flickr.com/photos/39821974@N06/4088323147,https://www.flickr.com/photos/39821974@N06/4088323147,data/desktop_scenes_batch2/manifest.csv
https://flickr.com/photos/39912439@N02/52630097183,https://www.flickr.com/photos/39912439@N02/52630097183,data/desktop_scenes_batch2/manifest.csv
https://flickr.com/photos/40246732@N00/7146518287,https://www.flickr.com/photos/40246732@N00/7146518287,data/desktop_scenes_batch2/manifest.csv
https://flickr.com/photos/40246732@N00/9152501358,https://www.flickr.com/photos/40246732@N00/9152501358,data/desktop_scenes_batch2/manifest.csv
https://flickr.com/photos/40282795@N05/5798303705,https://www.flickr.com/photos/40282795@N05/5798303705,data/desktop_scenes_batch2/manifest.csv
https://flickr.com/photos/40384217@N06/5016346679,https://www.flickr.com/photos/40384217@N06/5016346679,data/desktop_scenes_batch2/manifest.csv
https://flickr.com/photos/40586164@N07/6793049577,https://www.flickr.com/photos/40586164@N07/6793049577,data/desktop_scenes_batch2/manifest.csv
https://flickr.com/photos/40595948@N00/3845996561,https://www.flickr.com/photos/40595948@N00/3845996561,data/desktop_scenes_batch2/manifest.csv
https://flickr.com/photos/40837632@N05/5300447009,https://www.flickr.com/photos/40837632@N05/5300447009,data/desktop_scenes_batch2/manifest.csv
https://flickr.com/photos/40837632@N05/5300452513,https://www.flickr.com/photos/40837632@N05/5300452513,data/desktop_scenes_batch2/manifest.csv
https://flickr.com/photos/40987321@N02/5516922262,https://www.flickr.com/photos/40987321@N02/5516922262,data/desktop_scenes_batch3/manifest.csv
https://flickr.com/photos/41284017@N08/24215485258,https://www.flickr.com/photos/41284017@N08/24215485258,data/desktop_scenes_batch2/manifest.csv
https://flickr.com/photos/41284017@N08/24215489758,https://www.flickr.com/photos/41284017@N08/24215489758,data/desktop_scenes_batch2/manifest.csv
https://flickr.com/photos/41284017@N08/27499411513,https://www.flickr.com/photos/41284017@N08/27499411513,data/desktop_scenes_batch2/manifest.csv
https://flickr.com/photos/41284017@N08/27499413373,https://www.flickr.com/photos/41284017@N08/27499413373,data/desktop_scenes_batch2/manifest.csv
https://flickr.com/photos/41284017@N08/27834016320,https://www.flickr.com/photos/41284017@N08/27834016320,data/desktop_scenes_batch2/manifest.csv
https://flickr.com/photos/41284017@N08/28036869271,https://www.flickr.com/photos/41284017@N08/28036869271,data/desktop_scenes_batch2/manifest.csv
https://flickr.com/photos/41284017@N08/28036893951,https://www.flickr.com/photos/41284017@N08/28036893951,data/desktop_scenes_batch2/manifest.csv
https://flickr.com/photos/41284017@N08/38037043622,https://www.flickr.com/photos/41284017@N08/38037043622,data/desktop_scenes_batch2/manifest.csv
https://flickr.com/photos/41284017@N08/6277257920,https://www.flickr.com/photos/41284017@N08/6277257920,data/desktop_scenes_batch2/manifest.csv
https://flickr.com/photos/41284017@N08/8542687768,https://www.flickr.com/photos/41284017@N08/8542687768,data/desktop_scenes_batch2/manifest.csv
https://flickr.com/photos/41284017@N08/8546078359,https://www.flickr.com/photos/41284017@N08/8546078359,data/desktop_scenes_batch2/manifest.csv
https://flickr.com/photos/41284017@N08/8547147540,https://www.flickr.com/photos/41284017@N08/8547147540,data/desktop_scenes_batch2/manifest.csv
https://flickr.com/photos/41322510@N00/6827663322,https://www.flickr.com/photos/41322510@N00/6827663322,data/desktop_scenes_batch2/manifest.csv
https://flickr.com/photos/41464593@N02/8391616641,https://www.flickr.com/photos/41464593@N02/8391616641,data/desktop_scenes_batch2/manifest.csv
https://flickr.com/photos/41464593@N02/8391617763,https://www.flickr.com/photos/41464593@N02/8391617763,data/desktop_scenes_batch2/manifest.csv
https://flickr.com/photos/41574435@N02/4721811418,https://www.flickr.com/photos/41574435@N02/4721811418,data/desktop_scenes_batch2/manifest.csv
https://flickr.com/photos/41614647@N04/6319121922,https://www.flickr.com/photos/41614647@N04/6319121922,data/desktop_scenes_batch2/manifest.csv
https://flickr.com/photos/41720539@N03/8126237969,https://www.flickr.com/photos/41720539@N03/8126237969,data/desktop_scenes_batch2/manifest.csv
https://flickr.com/photos/41754875@N00/2439677581,https://www.flickr.com/photos/41754875@N00/2439677581,data/desktop_scenes_batch2/manifest.csv
https://flickr.com/photos/41754875@N00/3652931425,https://www.flickr.com/photos/41754875@N00/3652931425,data/desktop_scenes_batch2/manifest.csv
https://flickr.com/photos/41808955@N00/1225208026,https://www.flickr.com/photos/41808955@N00/1225208026,data/desktop_scenes_batch2/manifest.csv
https://flickr.com/photos/41813589@N00/1321707221,https://www.flickr.com/photos/41813589@N00/1321707221,data/desktop_scenes_batch2/manifest.csv
https://flickr.com/photos/41890366@N03/6115119166,https://www.flickr.com/photos/41890366@N03/6115119166,data/desktop_scenes_batch2/manifest.csv
https://flickr.com/photos/41894170049@N01/5274588504,https://www.flickr.com/photos/41894170049@N01/5274588504,data/desktop_scenes_batch2/manifest.csv
https://flickr.com/photos/41894175704@N01/551938158,https://www.flickr.com/photos/41894175704@N01/551938158,data/desktop_scenes_batch2/manifest.csv
https://flickr.com/photos/41894190608@N01/5437157766,https://www.flickr.com/photos/41894190608@N01/5437157766,data/desktop_scenes_batch2/manifest.csv
https://flickr.com/photos/42042252@N02/4109642996,https://www.flickr.com/photos/42042252@N02/4109642996,data/desktop_scenes_batch2/manifest.csv
https://flickr.com/photos/42042252@N02/4112999382,https://www.flickr.com/photos/42042252@N02/4112999382,data/desktop_scenes_batch2/manifest.csv
https://flickr.com/photos/42042512@N00/7241327244,https://www.flickr.com/photos/42042512@N00/7241327244,data/desktop_scenes_batch2/manifest.csv
https://flickr.com/photos/42353480@N02/6020549919,https://www.flickr.com/photos/42353480@N02/6020549919,data/desktop_scenes_batch2/manifest.csv
https://flickr.com/photos/42839495@N07/4999652494,https://www.flickr.com/photos/42839495@N07/4999652494,data/desktop_scenes_batch2/manifest.csv
https://flickr.com/photos/42839495@N07/5441845611,https://www.flickr.com/photos/42839495@N07/5441845611,data/desktop_scenes_batch2/manifest.csv
https://flickr.com/photos/42839495@N07/5441846277,https://www.flickr.com/photos/42839495@N07/5441846277,data/desktop_scenes_batch2/manifest.csv
https://flickr.com/photos/42839495@N07/5442449604,https://www.flickr.com/photos/42839495@N07/5442449604,data/desktop_scenes_batch2/manifest.csv
https://flickr.com/photos/42839495@N07/5442449862,https://www.flickr.com/photos/42839495@N07/5442449862,data/desktop_scenes_batch2/manifest.csv
https://flickr.com/photos/42931449@N07/5260510345,https://www.flickr.com/photos/42931449@N07/5260510345,data/desktop_scenes_batch2/manifest.csv
https://flickr.com/photos/42954113@N00/31103841634,https://www.flickr.com/photos/42954113@N00/31103841634,data/desktop_scenes_batch4/manifest.csv
https://flickr.com/photos/43007543@N00/1011455612,https://www.flickr.com/photos/43007543@N00/1011455612,data/desktop_scenes_batch2/manifest.csv
https://flickr.com/photos/43093203@N07/3969407129,https://www.flickr.com/photos/43093203@N07/3969407129,data/desktop_scenes_batch2/manifest.csv
https://flickr.com/photos/43093203@N07/3970177576,https://www.flickr.com/photos/43093203@N07/3970177576,data/desktop_scenes_batch2/manifest.csv
https://flickr.com/photos/43437767@N00/3263692999,https://www.flickr.com/photos/43437767@N00/3263692999,data/desktop_scenes_batch2/manifest.csv
https://flickr.com/photos/43939148@N02/4040828971,https://www.flickr.com/photos/43939148@N02/4040828971,data/desktop_scenes_batch2/manifest.csv
https://flickr.com/photos/43939148@N02/4041802474,https://www.flickr.com/photos/43939148@N02/4041802474,data/desktop_scenes_batch2/manifest.csv
https://flickr.com/photos/43985219@N00/3426731864,https://www.flickr.com/photos/43985219@N00/3426731864,data/desktop_scenes_batch2/manifest.csv
https://flickr.com/photos/44095103@N00/9865036006,https://www.flickr.com/photos/44095103@N00/9865036006,data/desktop_scenes_batch3/manifest.csv
https://flickr.com/photos/44124348109@N01/11597522276,https://www.flickr.com/photos/44124348109@N01/11597522276,data/desktop_scenes_batch2/manifest.csv
https://flickr.com/photos/44124348109@N01/4171280876,https://www.flickr.com/photos/44124348109@N01/4171280876,data/desktop_scenes_batch2/manifest.csv
https://flickr.com/photos/44124348109@N01/4943641348,https://www.flickr.com/photos/44124348109@N01/4943641348,data/desktop_scenes_batch2/manifest.csv
https://flickr.com/photos/44124348109@N01/7515248418,https://www.flickr.com/photos/44124348109@N01/7515248418,data/desktop_scenes_batch2/manifest.csv
https://flickr.com/photos/44124363951@N01/5636339580,https://www.flickr.com/photos/44124363951@N01/5636339580,data/desktop_scenes_batch2/manifest.csv
https://flickr.com/photos/44124390461@N01/3288235207,https://www.flickr.com/photos/44124390461@N01/3288235207,data/desktop_scenes_batch2/manifest.csv
https://flickr.com/photos/44124393840@N01/5572030623,https://www.flickr.com/photos/44124393840@N01/5572030623,data/desktop_scenes_batch2/manifest.csv
https://flickr.com/photos/44124483743@N01/5108073282,https://www.flickr.com/photos/44124483743@N01/5108073282,data/desktop_scenes_batch2/manifest.csv
https://flickr.com/photos/44293847@N08/13521169683,https://www.flickr.com/photos/44293847@N08/13521169683,data/desktop_scenes_batch5/manifest.csv
https://flickr.com/photos/44373968@N00/111844139,https://www.flickr.com/photos/44373968@N00/111844139,data/desktop_scenes/manifest.csv
https://flickr.com/photos/44373968@N00/115056192,https://www.flickr.com/photos/44373968@N00/115056192,data/desktop_scenes_batch2/manifest.csv
https://flickr.com/photos/44373968@N00/130585060,https://www.flickr.com/photos/44373968@N00/130585060,data/desktop_scenes_batch2/manifest.csv
https://flickr.com/photos/44373968@N00/67817599,https://www.flickr.com/photos/44373968@N00/67817599,data/desktop_scenes_batch2/manifest.csv
https://flickr.com/photos/44373968@N00/79723414,https://www.flickr.com/photos/44373968@N00/79723414,data/desktop_scenes_batch2/manifest.csv
https://flickr.com/photos/44613506@N07/5431739119,https://www.flickr.com/photos/44613506@N07/5431739119,data/desktop_scenes_batch2/manifest.csv
https://flickr.com/photos/44613506@N07/5431739711,https://www.flickr.com/photos/44613506@N07/5431739711,data/desktop_scenes_batch2/manifest.csv
https://flickr.com/photos/44613506@N07/5432348706,https://www.flickr.com/photos/44613506@N07/5432348706,data/desktop_scenes_batch2/manifest.csv
https://flickr.com/photos/44613506@N07/5432350426,https://www.flickr.com/photos/44613506@N07/5432350426,data/desktop_scenes_batch2/manifest.csv
https://flickr.com/photos/44613506@N07/5460451193,https://www.flickr.com/photos/44613506@N07/5460451193,data/desktop_scenes_batch2/manifest.csv
https://flickr.com/photos/45312288@N07/54131934121,https://www.flickr.com/photos/45312288@N07/54131934121,data/desktop_scenes_batch2/manifest.csv
https://flickr.com/photos/45378259@N05/5891981723,https://www.flickr.com/photos/45378259@N05/5891981723,data/desktop_scenes_batch4/manifest.csv
https://flickr.com/photos/45825762@N07/10595252434,https://www.flickr.com/photos/45825762@N07/10595252434,data/desktop_scenes_batch2/manifest.csv
https://flickr.com/photos/45909111@N00/33169192320,https://www.flickr.com/photos/45909111@N00/33169192320,data/desktop_scenes_batch5/manifest.csv
https://flickr.com/photos/45909111@N00/33169193880,https://www.flickr.com/photos/45909111@N00/33169193880,data/desktop_scenes_batch5/manifest.csv
https://flickr.com/photos/45909111@N00/33169194680,https://www.flickr.com/photos/45909111@N00/33169194680,data/desktop_scenes_batch5/manifest.csv
https://flickr.com/photos/45923298@N00/3141370564,https://www.flickr.com/photos/45923298@N00/3141370564,data/desktop_scenes_batch2/manifest.csv
https://flickr.com/photos/45923298@N00/3163318058,https://www.flickr.com/photos/45923298@N00/3163318058,data/desktop_scenes_batch2/manifest.csv
https://flickr.com/photos/46123010@N04/27262909769,https://www.flickr.com/photos/46123010@N04/27262909769,data/desktop_scenes_batch5/manifest.csv
https://flickr.com/photos/46488122@N05/20212136090,https://www.flickr.com/photos/46488122@N05/20212136090,data/desktop_scenes_batch2/manifest.csv
https://flickr.com/photos/46861107@N00/1085739925,https://www.flickr.com/photos/46861107@N00/1085739925,data/desktop_scenes_batch2/manifest.csv
https://flickr.com/photos/46866170@N07/6792005835,https://www.flickr.com/photos/46866170@N07/6792005835,data/desktop_scenes_batch5/manifest.csv
https://flickr.com/photos/46959536@N04/4827013488,https://www.flickr.com/photos/46959536@N04/4827013488,data/desktop_scenes_batch2/manifest.csv
https://flickr.com/photos/47166549@N00/5982837164,https://www.flickr.com/photos/47166549@N00/5982837164,data/desktop_scenes_batch2/manifest.csv
https://flickr.com/photos/47188333@N00/11820158786,https://www.flickr.com/photos/47188333@N00/11820158786,data/desktop_scenes_batch3/manifest.csv
https://flickr.com/photos/47264866@N00/5343442246,https://www.flickr.com/photos/47264866@N00/5343442246,data/desktop_scenes_batch2/manifest.csv
https://flickr.com/photos/47346831@N00/1804381678,https://www.flickr.com/photos/47346831@N00/1804381678,data/desktop_scenes_batch2/manifest.csv
https://flickr.com/photos/47381479@N04/4357228667,https://www.flickr.com/photos/47381479@N04/4357228667,data/desktop_scenes_batch2/manifest.csv
https://flickr.com/photos/47489771@N00/734801354,https://www.flickr.com/photos/47489771@N00/734801354,data/desktop_scenes_batch2/manifest.csv
https://flickr.com/photos/47600671@N04/4893190524,https://www.flickr.com/photos/47600671@N04/4893190524,data/desktop_scenes_batch2/manifest.csv
https://flickr.com/photos/47808661@N07/5918481626,https://www.flickr.com/photos/47808661@N07/5918481626,data/desktop_scenes_batch2/manifest.csv
https://flickr.com/photos/47823583@N03/4397080528,https://www.flickr.com/photos/47823583@N03/4397080528,data/desktop_scenes_batch2/manifest.csv
https://flickr.com/photos/47854931@N00/2612828640,https://www.flickr.com/photos/47854931@N00/2612828640,data/desktop_scenes_batch2/manifest.csv
https://flickr.com/photos/47854931@N00/41474806,https://www.flickr.com/photos/47854931@N00/41474806,data/desktop_scenes_batch2/manifest.csv
https://flickr.com/photos/47854931@N00/87321129,https://www.flickr.com/photos/47854931@N00/87321129,data/desktop_scenes_batch2/manifest.csv
https://flickr.com/photos/48086813@N03/4815679294,https://www.flickr.com/photos/48086813@N03/4815679294,data/desktop_scenes_batch2/manifest.csv
https://flickr.com/photos/48126477@N05/19656784860,https://www.flickr.com/photos/48126477@N05/19656784860,data/desktop_scenes_batch5/manifest.csv
https://flickr.com/photos/48126477@N05/8010674154,https://www.flickr.com/photos/48126477@N05/8010674154,data/desktop_scenes/manifest.csv
https://flickr.com/photos/48216552@N07/4421002224,https://www.flickr.com/photos/48216552@N07/4421002224,data/desktop_scenes_batch2/manifest.csv
https://flickr.com/photos/48627921@N05/14369239885,https://www.flickr.com/photos/48627921@N05/14369239885,data/desktop_scenes_batch2/manifest.csv
https://flickr.com/photos/48889087714@N01/369373043,https://www.flickr.com/photos/48889087714@N01/369373043,data/desktop_scenes_batch2/manifest.csv
https://flickr.com/photos/48973657@N00/8468769626,https://www.flickr.com/photos/48973657@N00/8468769626,data/desktop_scenes_batch2/manifest.csv
https://flickr.com/photos/48986833@N00/8407964462,https://www.flickr.com/photos/48986833@N00/8407964462,data/desktop_scenes_batch2/manifest.csv
https://flickr.com/photos/49184215@N00/3377881687,https://www.flickr.com/photos/49184215@N00/3377881687,data/desktop_scenes_batch2/manifest.csv
https://flickr.com/photos/49187729@N02/5641389239,https://www.flickr.com/photos/49187729@N02/5641389239,data/desktop_scenes_batch3/manifest.csv
https://flickr.com/photos/49243838@N00/27821109783,https://www.flickr.com/photos/49243838@N00/27821109783,data/desktop_scenes_batch2/manifest.csv
https://flickr.com/photos/49351103@N00/848861441,https://www.flickr.com/photos/49351103@N00/848861441,data/desktop_scenes_batch2/manifest.csv
https://flickr.com/photos/49483751@N02/35160698403,https://www.flickr.com/photos/49483751@N02/35160698403,data/desktop_scenes_batch3/manifest.csv
https://flickr.com/photos/49503168860@N01/4723489820,https://www.flickr.com/photos/49503168860@N01/4723489820,data/desktop_scenes/manifest.csv
https://flickr.com/photos/49503214348@N01/4515912381,https://www.flickr.com/photos/49503214348@N01/4515912381,data/desktop_scenes_batch2/manifest.csv
https://flickr.com/photos/49574405@N00/7787879316,https://www.flickr.com/photos/49574405@N00/7787879316,data/desktop_scenes_batch2/manifest.csv
https://flickr.com/photos/49889671@N03/5261410119,https://www.flickr.com/photos/49889671@N03/5261410119,data/desktop_scenes_batch2/manifest.csv
https://flickr.com/photos/49889671@N03/6379023771,https://www.flickr.com/photos/49889671@N03/6379023771,data/desktop_scenes_batch2/manifest.csv
https://flickr.com/photos/49889671@N03/7852278486,https://www.flickr.com/photos/49889671@N03/7852278486,data/desktop_scenes_batch2/manifest.csv
https://flickr.com/photos/49889671@N03/7900404762,https://www.flickr.com/photos/49889671@N03/7900404762,data/desktop_scenes_batch2/manifest.csv
https://flickr.com/photos/49889671@N03/8262325576,https://www.flickr.com/photos/49889671@N03/8262325576,data/desktop_scenes_batch2/manifest.csv
https://flickr.com/photos/49889671@N03/8693937376,https://www.flickr.com/photos/49889671@N03/8693937376,data/desktop_scenes_batch2/manifest.csv
https://flickr.com/photos/49889671@N03/9677448423,https://www.flickr.com/photos/49889671@N03/9677448423,data/desktop_scenes_batch2/manifest.csv
https://flickr.com/photos/49925940@N02/33807155310,https://www.flickr.com/photos/49925940@N02/33807155310,data/desktop_scenes_batch2/manifest.csv
https://flickr.com/photos/49978063@N00/4763903443,https://www.flickr.com/photos/49978063@N00/4763903443,data/desktop_scenes_batch2/manifest.csv
https://flickr.com/photos/4nitsirk/2461927133,https://www.flickr.com/photos/4nitsirk/2461927133,data/desktop_scenes_batch4/manifest.csv
https://flickr.com/photos/4nitsirk/5093229458,https://www.flickr.com/photos/4nitsirk/5093229458,data/desktop_scenes_batch3/manifest.csv
https://flickr.com/photos/4nitsirk/5508903484,https://www.flickr.com/photos/4nitsirk/5508903484,data/desktop_scenes_batch3/manifest.csv
https://flickr.com/photos/50398299@N08/16012775383,https://www.flickr.com/photos/50398299@N08/16012775383,data/desktop_scenes_batch2/manifest.csv
https://flickr.com/photos/50398299@N08/16400897559,https://www.flickr.com/photos/50398299@N08/16400897559,data/desktop_scenes_batch2/manifest.csv
https://flickr.com/photos/50398299@N08/16413674277,https://www.flickr.com/photos/50398299@N08/16413674277,data/desktop_scenes_batch2/manifest.csv
https://flickr.com/photos/50398299@N08/16457705749,https://www.flickr.com/photos/50398299@N08/16457705749,data/desktop_scenes_batch2/manifest.csv
https://flickr.com/photos/50398299@N08/16642629502,https://www.flickr.com/photos/50398299@N08/16642629502,data/desktop_scenes_batch2/manifest.csv
https://flickr.com/photos/50693818@N08/5941471827,https://www.flickr.com/photos/50693818@N08/5941471827,data/desktop_scenes_batch2/manifest.csv
https://flickr.com/photos/50693818@N08/5941512545,https://www.flickr.com/photos/50693818@N08/5941512545,data/desktop_scenes_batch2/manifest.csv
https://flickr.com/photos/50693818@N08/5942034552,https://www.flickr.com/photos/50693818@N08/5942034552,data/desktop_scenes_batch2/manifest.csv
https://flickr.com/photos/50693818@N08/5942075542,https://www.flickr.com/photos/50693818@N08/5942075542,data/desktop_scenes_batch2/manifest.csv
https://flickr.com/photos/50693818@N08/5942076708,https://www.flickr.com/photos/50693818@N08/5942076708,data/desktop_scenes_batch2/manifest.csv
https://flickr.com/photos/50693818@N08/5965365205,https://www.flickr.com/photos/50693818@N08/5965365205,data/desktop_scenes_batch2/manifest.csv
https://flickr.com/photos/50693818@N08/5965366231,https://www.flickr.com/photos/50693818@N08/5965366231,data/desktop_scenes_batch2/manifest.csv
https://flickr.com/photos/50693818@N08/5965373847,https://www.flickr.com/photos/50693818@N08/5965373847,data/desktop_scenes_batch2/manifest.csv
https://flickr.com/photos/50693818@N08/5965919824,https://www.flickr.com/photos/50693818@N08/5965919824,data/desktop_scenes_batch2/manifest.csv
https://flickr.com/photos/50693818@N08/5965926468,https://www.flickr.com/photos/50693818@N08/5965926468,data/desktop_scenes_batch2/manifest.csv
https://flickr.com/photos/50693818@N08/5966048002,https://www.flickr.com/photos/50693818@N08/5966048002,data/desktop_scenes_batch2/manifest.csv
https://flickr.com/photos/50693818@N08/6064260926,https://www.flickr.com/photos/50693818@N08/6064260926,data/desktop_scenes_batch2/manifest.csv
https://flickr.com/photos/50811886@N00/4438995760,https://www.flickr.com/photos/50811886@N00/4438995760,data/desktop_scenes_batch2/manifest.csv
https://flickr.com/photos/50885256@N00/25839283,https://www.flickr.com/photos/50885256@N00/25839283,data/desktop_scenes_batch2/manifest.csv
https://flickr.com/photos/51035597937@N01/3501078179,https://www.flickr.com/photos/51035597937@N01/3501078179,data/desktop_scenes/manifest.csv
https://flickr.com/photos/51035606497@N01/13437190745,https://www.flickr.com/photos/51035606497@N01/13437190745,data/desktop_scenes_batch2/manifest.csv
https://flickr.com/photos/51035644690@N01/4911287982,https://www.flickr.com/photos/51035644690@N01/4911287982,data/desktop_scenes_batch2/manifest.csv
https://flickr.com/photos/51035707449@N01/4443952340,https://www.flickr.com/photos/51035707449@N01/4443952340,data/desktop_scenes_batch2/manifest.csv
https://flickr.com/photos/51035747596@N01/3605512041,https://www.flickr.com/photos/51035747596@N01/3605512041,data/desktop_scenes_batch2/manifest.csv
https://flickr.com/photos/51035767928@N01/79958665,https://www.flickr.com/photos/51035767928@N01/79958665,data/desktop_scenes_batch2/manifest.csv
https://flickr.com/photos/51035786238@N01/75115804,https://www.flickr.com/photos/51035786238@N01/75115804,data/desktop_scenes_batch2/manifest.csv
https://flickr.com/photos/51035823282@N01/402535628,https://www.flickr.com/photos/51035823282@N01/402535628,data/desktop_scenes_batch2/manifest.csv
https://flickr.com/photos/51352098@N00/4335907588,https://www.flickr.com/photos/51352098@N00/4335907588,data/desktop_scenes_batch2/manifest.csv
https://flickr.com/photos/51764518@N02/24515404489,https://www.flickr.com/photos/51764518@N02/24515404489,data/desktop_scenes_batch2/manifest.csv
https://flickr.com/photos/51764518@N02/24882972215,https://www.flickr.com/photos/51764518@N02/24882972215,data/desktop_scenes_batch2/manifest.csv
https://flickr.com/photos/51764518@N02/27566535248,https://www.flickr.com/photos/51764518@N02/27566535248,data/desktop_scenes_batch3/manifest.csv
https://flickr.com/photos/51764518@N02/52694907408,https://www.flickr.com/photos/51764518@N02/52694907408,data/desktop_scenes_batch5/manifest.csv
https://flickr.com/photos/51796626@N03/11693331364,https://www.flickr.com/photos/51796626@N03/11693331364,data/desktop_scenes_batch2/manifest.csv
https://flickr.com/photos/51876732@N00/331728294,https://www.flickr.com/photos/51876732@N00/331728294,data/desktop_scenes_batch2/manifest.csv
https://flickr.com/photos/51930963@N02/5192261289,https://www.flickr.com/photos/51930963@N02/5192261289,data/desktop_scenes_batch2/manifest.csv
https://flickr.com/photos/51930963@N02/5839277415,https://www.flickr.com/photos/51930963@N02/5839277415,data/desktop_scenes_batch2/manifest.csv
https://flickr.com/photos/51931594@N00/2290256618,https://www.flickr.com/photos/51931594@N00/2290256618,data/desktop_scenes_batch2/manifest.csv
https://flickr.com/photos/52219527@N00/52554357347,https://www.flickr.com/photos/52219527@N00/52554357347,data/desktop_scenes_batch5/manifest.csv
https://flickr.com/photos/52323892@N02/4867544387,https://www.flickr.com/photos/52323892@N02/4867544387,data/desktop_scenes_batch2/manifest.csv
https://flickr.com/photos/52365139@N05/8071072280,https://www.flickr.com/photos/52365139@N05/8071072280,data/desktop_scenes_batch2/manifest.csv
https://flickr.com/photos/52634191@N08/13945057356,https://www.flickr.com/photos/52634191@N08/13945057356,data/desktop_scenes_batch2/manifest.csv
https://flickr.com/photos/52634191@N08/13963271472,https://www.flickr.com/photos/52634191@N08/13963271472,data/desktop_scenes_batch2/manifest.csv
https://flickr.com/photos/52634191@N08/13964919731,https://www.flickr.com/photos/52634191@N08/13964919731,data/desktop_scenes_batch2/manifest.csv
https://flickr.com/photos/52634191@N08/13965086522,https://www.flickr.com/photos/52634191@N08/13965086522,data/desktop_scenes_batch2/manifest.csv
https://flickr.com/photos/52904639@N08/17630933414,https://www.flickr.com/photos/52904639@N08/17630933414,data/desktop_scenes_batch3/manifest.csv
https://flickr.com/photos/52904639@N08/18065754198,https://www.flickr.com/photos/52904639@N08/18065754198,data/desktop_scenes_batch3/manifest.csv
https://flickr.com/photos/52957117@N04/15312636410,https://www.flickr.com/photos/52957117@N04/15312636410,data/desktop_scenes_batch2/manifest.csv
https://flickr.com/photos/52957117@N04/15312669510,https://www.flickr.com/photos/52957117@N04/15312669510,data/desktop_scenes_batch2/manifest.csv
https://flickr.com/photos/52957117@N04/15312774137,https://www.flickr.com/photos/52957117@N04/15312774137,data/desktop_scenes_batch2/manifest.csv
https://flickr.com/photos/52957117@N04/15499022202,https://www.flickr.com/photos/52957117@N04/15499022202,data/desktop_scenes_batch2/manifest.csv
https://flickr.com/photos/52957117@N04/15499055622,https://www.flickr.com/photos/52957117@N04/15499055622,data/desktop_scenes_batch2/manifest.csv
https://flickr.com/photos/52957117@N04/15499381235,https://www.flickr.com/photos/52957117@N04/15499381235,data/desktop_scenes_batch2/manifest.csv
https://flickr.com/photos/52957117@N04/15499418055,https://www.flickr.com/photos/52957117@N04/15499418055,data/desktop_scenes_batch2/manifest.csv
https://flickr.com/photos/52957117@N04/8064326073,https://www.flickr.com/photos/52957117@N04/8064326073,data/desktop_scenes_batch2/manifest.csv
https://flickr.com/photos/52957117@N04/8064330668,https://www.flickr.com/photos/52957117@N04/8064330668,data/desktop_scenes_batch2/manifest.csv
https://flickr.com/photos/53133240@N00/3998983910,https://www.flickr.com/photos/53133240@N00/3998983910,data/desktop_scenes_batch2/manifest.csv
https://flickr.com/photos/53326337@N00/8406631323,https://www.flickr.com/photos/53326337@N00/8406631323,data/desktop_scenes_batch2/manifest.csv
https://flickr.com/photos/53343676@N02/4950890697,https://www.flickr.com/photos/53343676@N02/4950890697,data/desktop_scenes_batch5/manifest.csv
https://flickr.com/photos/53343676@N02/4988912209,https://www.flickr.com/photos/53343676@N02/4988912209,data/desktop_scenes_batch5/manifest.csv
https://flickr.com/photos/53569401@N04/6066013548,https://www.flickr.com/photos/53569401@N04/6066013548,data/desktop_scenes_batch2/manifest.csv
https://flickr.com/photos/53771866@N05/6149302817,https://www.flickr.com/photos/53771866@N05/6149302817,data/desktop_scenes_batch4/manifest.csv
https://flickr.com/photos/53921762@N00/29527277142,https://www.flickr.com/photos/53921762@N00/29527277142,data/desktop_scenes_batch2/manifest.csv
https://flickr.com/photos/53921762@N00/32835402976,https://www.flickr.com/photos/53921762@N00/32835402976,data/desktop_scenes_batch2/manifest.csv
https://flickr.com/photos/54104297@N00/7976440386,https://www.flickr.com/photos/54104297@N00/7976440386,data/desktop_scenes_batch2/manifest.csv
https://flickr.com/photos/54131547@N00/11706543596,https://www.flickr.com/photos/54131547@N00/11706543596,data/desktop_scenes_batch3/manifest.csv
https://flickr.com/photos/54602205@N00/5274735968,https://www.flickr.com/photos/54602205@N00/5274735968,data/desktop_scenes_batch2/manifest.csv
https://flickr.com/photos/54603144@N00/395496756,https://www.flickr.com/photos/54603144@N00/395496756,data/desktop_scenes_batch2/manifest.csv
https://flickr.com/photos/54814530@N00/9165899057,https://www.flickr.com/photos/54814530@N00/9165899057,data/desktop_scenes_batch5/manifest.csv
https://flickr.com/photos/54879137@N00/5102768392,https://www.flickr.com/photos/54879137@N00/5102768392,data/desktop_scenes_batch2/manifest.csv
https://flickr.com/photos/54alain2309/14156081626,https://www.flickr.com/photos/54alain2309/14156081626,data/desktop_scenes_batch5/manifest.csv
https://flickr.com/photos/55146360@N00/501306828,https://www.flickr.com/photos/55146360@N00/501306828,data/desktop_scenes_batch2/manifest.csv
https://flickr.com/photos/55229469@N07/15705680980,https://www.flickr.com/photos/55229469@N07/15705680980,data/desktop_scenes_batch5/manifest.csv
https://flickr.com/photos/55231259@N00/6818430659,https://www.flickr.com/photos/55231259@N00/6818430659,data/desktop_scenes_batch2/manifest.csv
https://flickr.com/photos/55293400@N07/38655219505,https://www.flickr.com/photos/55293400@N07/38655219505,data/desktop_scenes_batch5/manifest.csv
https://flickr.com/photos/55449327@N00/333292627,https://www.flickr.com/photos/55449327@N00/333292627,data/desktop_scenes_batch2/manifest.csv
https://flickr.com/photos/55573153@N00/113524107,https://www.flickr.com/photos/55573153@N00/113524107,data/desktop_scenes/manifest.csv
https://flickr.com/photos/55812609@N07/17114177865,https://www.flickr.com/photos/55812609@N07/17114177865,data/desktop_scenes_batch3/manifest.csv
https://flickr.com/photos/56041749@N02/6812988091,https://www.flickr.com/photos/56041749@N02/6812988091,data/desktop_scenes_batch2/manifest.csv
https://flickr.com/photos/56053642@N00/2170468342,https://www.flickr.com/photos/56053642@N00/2170468342,data/desktop_scenes_batch2/manifest.csv
https://flickr.com/photos/56068058@N00/1939958147,https://www.flickr.com/photos/56068058@N00/1939958147,data/desktop_scenes_batch2/manifest.csv
https://flickr.com/photos/56155476@N08/6660074713,https://www.flickr.com/photos/56155476@N08/6660074713,data/desktop_scenes_batch2/manifest.csv
https://flickr.com/photos/56218409@N03/18033697052,https://www.flickr.com/photos/56218409@N03/18033697052,data/desktop_scenes_batch2/manifest.csv
https://flickr.com/photos/56218409@N03/42116219034,https://www.flickr.com/photos/56218409@N03/42116219034,data/desktop_scenes_batch3/manifest.csv
https://flickr.com/photos/56352515@N00/5013251047,https://www.flickr.com/photos/56352515@N00/5013251047,data/desktop_scenes_batch5/manifest.csv
https://flickr.com/photos/56352515@N00/5013251461,https://www.flickr.com/photos/56352515@N00/5013251461,data/desktop_scenes_batch3/manifest.csv
https://flickr.com/photos/56489822@N08/5541450477,https://www.flickr.com/photos/56489822@N08/5541450477,data/desktop_scenes_batch2/manifest.csv
https://flickr.com/photos/56558327@N08/8498988011,https://www.flickr.com/photos/56558327@N08/8498988011,data/desktop_scenes_batch5/manifest.csv
https://flickr.com/photos/56705951@N04/14013312387,https://www.flickr.com/photos/56705951@N04/14013312387,data/desktop_scenes_batch2/manifest.csv
https://flickr.com/photos/56705951@N04/14176768836,https://www.flickr.com/photos/56705951@N04/14176768836,data/desktop_scenes_batch2/manifest.csv
https://flickr.com/photos/56705951@N04/14197392472,https://www.flickr.com/photos/56705951@N04/14197392472,data/desktop_scenes_batch2/manifest.csv
https://flickr.com/photos/56728994@N00/5096472036,https://www.flickr.com/photos/56728994@N00/5096472036,data/desktop_scenes_batch2/manifest.csv
https://flickr.com/photos/56796376@N00/2458863408,https://www.flickr.com/photos/56796376@N00/2458863408,data/desktop_scenes_batch2/manifest.csv
https://flickr.com/photos/56796376@N00/843953060,https://www.flickr.com/photos/56796376@N00/843953060,data/desktop_scenes_batch2/manifest.csv
https://flickr.com/photos/56832361@N00/132888370,https://www.flickr.com/photos/56832361@N00/132888370,data/desktop_scenes_batch2/manifest.csv
https://flickr.com/photos/57159741@N00/3980339417,https://www.flickr.com/photos/57159741@N00/3980339417,data/desktop_scenes_batch2/manifest.csv
https://flickr.com/photos/57159741@N00/3981135208,https://www.flickr.com/photos/57159741@N00/3981135208,data/desktop_scenes_batch2/manifest.csv
https://flickr.com/photos/57277449@N07/16586088859,https://www.flickr.com/photos/57277449@N07/16586088859,data/desktop_scenes_batch2/manifest.csv
https://flickr.com/photos/57389791@N03/14288052174,https://www.flickr.com/photos/57389791@N03/14288052174,data/desktop_scenes_batch3/manifest.csv
https://flickr.com/photos/58004717@N06/7820934822,https://www.flickr.com/photos/58004717@N06/7820934822,data/desktop_scenes_batch2/manifest.csv
https://flickr.com/photos/58026353@N00/187263841,https://www.flickr.com/photos/58026353@N00/187263841,data/desktop_scenes_batch2/manifest.csv
https://flickr.com/photos/58026969@N05/5355782613,https://www.flickr.com/photos/58026969@N05/5355782613,data/desktop_scenes_batch5/manifest.csv
https://flickr.com/photos/58026969@N05/5356398746,https://www.flickr.com/photos/58026969@N05/5356398746,data/desktop_scenes_batch2/manifest.csv
https://flickr.com/photos/58301516@N00/33422291633,https://www.flickr.com/photos/58301516@N00/33422291633,data/desktop_scenes_batch2/manifest.csv
https://flickr.com/photos/58301516@N00/33848884420,https://www.flickr.com/photos/58301516@N00/33848884420,data/desktop_scenes_batch2/manifest.csv
https://flickr.com/photos/58301516@N00/33848887570,https://www.flickr.com/photos/58301516@N00/33848887570,data/desktop_scenes_batch2/manifest.csv
https://flickr.com/photos/58301516@N00/34102332261,https://www.flickr.com/photos/58301516@N00/34102332261,data/desktop_scenes_batch2/manifest.csv
https://flickr.com/photos/58301516@N00/34102338781,https://www.flickr.com/photos/58301516@N00/34102338781,data/desktop_scenes_batch2/manifest.csv
https://flickr.com/photos/58301516@N00/34192448936,https://www.flickr.com/photos/58301516@N00/34192448936,data/desktop_scenes_batch2/manifest.csv
https://flickr.com/photos/58301516@N00/34230873305,https://www.flickr.com/photos/58301516@N00/34230873305,data/desktop_scenes_batch2/manifest.csv
https://flickr.com/photos/58301516@N00/8174634374,https://www.flickr.com/photos/58301516@N00/8174634374,data/desktop_scenes_batch2/manifest.csv
https://flickr.com/photos/58367355@N00/4461809114,https://www.flickr.com/photos/58367355@N00/4461809114,data/desktop_scenes_batch2/manifest.csv
https://flickr.com/photos/58367355@N00/4678277014,https://www.flickr.com/photos/58367355@N00/4678277014,data/desktop_scenes_batch2/manifest.csv
https://flickr.com/photos/58436483@N07/6786575468,https://www.flickr.com/photos/58436483@N07/6786575468,data/desktop_scenes_batch2/manifest.csv
https://flickr.com/photos/58541536@N00/8306778397,https://www.flickr.com/photos/58541536@N00/8306778397,data/desktop_scenes_batch2/manifest.csv
https://flickr.com/photos/58554451@N00/4254599068,https://www.flickr.com/photos/58554451@N00/4254599068,data/desktop_scenes_batch3/manifest.csv
https://flickr.com/photos/58558794@N07/29720627717,https://www.flickr.com/photos/58558794@N07/29720627717,data/desktop_scenes_batch5/manifest.csv
https://flickr.com/photos/58558794@N07/8711374152,https://www.flickr.com/photos/58558794@N07/8711374152,data/desktop_scenes_batch5/manifest.csv
https://flickr.com/photos/58558794@N07/8711442466,https://www.flickr.com/photos/58558794@N07/8711442466,data/desktop_scenes_batch5/manifest.csv
https://flickr.com/photos/58575431@N00/2478879989,https://www.flickr.com/photos/58575431@N00/2478879989,data/desktop_scenes_batch2/manifest.csv
https://flickr.com/photos/58575431@N00/4686789335,https://www.flickr.com/photos/58575431@N00/4686789335,data/desktop_scenes_batch2/manifest.csv
https://flickr.com/photos/58575431@N00/5232977265,https://www.flickr.com/photos/58575431@N00/5232977265,data/desktop_scenes_batch2/manifest.csv
https://flickr.com/photos/58733146@N00/2454757728,https://www.flickr.com/photos/58733146@N00/2454757728,data/desktop_scenes_batch2/manifest.csv
https://flickr.com/photos/59043488@N00/343932307,https://www.flickr.com/photos/59043488@N00/343932307,data/desktop_scenes_batch2/manifest.csv
https://flickr.com/photos/59265321@N03/5652120097,https://www.flickr.com/photos/59265321@N03/5652120097,data/desktop_scenes_batch3/manifest.csv
https://flickr.com/photos/59773112@N07/5991233014,https://www.flickr.com/photos/59773112@N07/5991233014,data/desktop_scenes_batch2/manifest.csv
https://flickr.com/photos/60206297@N00/4289176864,https://www.flickr.com/photos/60206297@N00/4289176864,data/desktop_scenes_batch2/manifest.csv
https://flickr.com/photos/60206297@N00/4336780468,https://www.flickr.com/photos/60206297@N00/4336780468,data/desktop_scenes_batch2/manifest.csv
https://flickr.com/photos/60291025@N05/11038343086,https://www.flickr.com/photos/60291025@N05/11038343086,data/desktop_scenes_batch2/manifest.csv
https://flickr.com/photos/60291025@N05/11038847483,https://www.flickr.com/photos/60291025@N05/11038847483,data/desktop_scenes_batch2/manifest.csv
https://flickr.com/photos/60291025@N05/11040702525,https://www.flickr.com/photos/60291025@N05/11040702525,data/desktop_scenes_batch2/manifest.csv
https://flickr.com/photos/60399258@N00/6859565736,https://www.flickr.com/photos/60399258@N00/6859565736,data/desktop_scenes_batch5/manifest.csv
https://flickr.com/photos/60399258@N00/7005684053,https://www.flickr.com/photos/60399258@N00/7005684053,data/desktop_scenes_batch5/manifest.csv
https://flickr.com/photos/60455048@N02/40344745882,https://www.flickr.com/photos/60455048@N02/40344745882,data/desktop_scenes_batch2/manifest.csv
https://flickr.com/photos/60455048@N02/40979820265,https://www.flickr.com/photos/60455048@N02/40979820265,data/desktop_scenes_batch2/manifest.csv
https://flickr.com/photos/60843921@N00/23094429,https://www.flickr.com/photos/60843921@N00/23094429,data/desktop_scenes_batch2/manifest.csv
https://flickr.com/photos/60843921@N00/57340428,https://www.flickr.com/photos/60843921@N00/57340428,data/desktop_scenes_batch2/manifest.csv
https://flickr.com/photos/60861613@N00/3685353169,https://www.flickr.com/photos/60861613@N00/3685353169,data/desktop_scenes_batch5/manifest.csv
https://flickr.com/photos/60861613@N00/3685353381,https://www.flickr.com/photos/60861613@N00/3685353381,data/desktop_scenes_batch5/manifest.csv
https://flickr.com/photos/60861613@N00/3928537215,https://www.flickr.com/photos/60861613@N00/3928537215,data/desktop_scenes_batch3/manifest.csv
https://flickr.com/photos/60944931@N00/6783298985,https://www.flickr.com/photos/60944931@N00/6783298985,data/desktop_scenes_batch2/manifest.csv
https://flickr.com/photos/60944931@N00/7597179670,https://www.flickr.com/photos/60944931@N00/7597179670,data/desktop_scenes_batch2/manifest.csv
https://flickr.com/photos/60944931@N00/8710272433,https://www.flickr.com/photos/60944931@N00/8710272433,data/desktop_scenes_batch2/manifest.csv
https://flickr.com/photos/61056459@N05/5817337612,https://www.flickr.com/photos/61056459@N05/5817337612,data/desktop_scenes_batch2/manifest.csv
https://flickr.com/photos/61099830@N00/5036080265,https://www.flickr.com/photos/61099830@N00/5036080265,data/desktop_scenes_batch5/manifest.csv
https://flickr.com/photos/61132483@N00/3665949674,https://www.flickr.com/photos/61132483@N00/3665949674,data/desktop_scenes_batch2/manifest.csv
https://flickr.com/photos/61132483@N00/4023287336,https://www.flickr.com/photos/61132483@N00/4023287336,data/desktop_scenes_batch2/manifest.csv
https://flickr.com/photos/61132483@N00/8560736772,https://www.flickr.com/photos/61132483@N00/8560736772,data/desktop_scenes_batch2/manifest.csv
https://flickr.com/photos/61223211@N00/9735201128,https://www.flickr.com/photos/61223211@N00/9735201128,data/desktop_scenes_batch3/manifest.csv
https://flickr.com/photos/61310814@N05/9612790109,https://www.flickr.com/photos/61310814@N05/9612790109,data/desktop_scenes_batch2/manifest.csv
https://flickr.com/photos/61310814@N05/9612791241,https://www.flickr.com/photos/61310814@N05/9612791241,data/desktop_scenes_batch2/manifest.csv
https://flickr.com/photos/61497660@N03/14337369521,https://www.flickr.com/photos/61497660@N03/14337369521,data/desktop_scenes_batch2/manifest.csv
https://flickr.com/photos/61604830@N00/5629960584,https://www.flickr.com/photos/61604830@N00/5629960584,data/desktop_scenes_batch5/manifest.csv
https://flickr.com/photos/61997808@N00/11187116293,https://www.flickr.com/photos/61997808@N00/11187116293,data/desktop_scenes_batch2/manifest.csv
https://flickr.com/photos/62021300@N00/11535534304,https://www.flickr.com/photos/62021300@N00/11535534304,data/desktop_scenes/manifest.csv
https://flickr.com/photos/62021300@N00/12072557136,https://www.flickr.com/photos/62021300@N00/12072557136,data/desktop_scenes_batch2/manifest.csv
https://flickr.com/photos/62021300@N00/2696342388,https://www.flickr.com/photos/62021300@N00/2696342388,data/desktop_scenes_batch2/manifest.csv
https://flickr.com/photos/62025628@N00/4162191163,https://www.flickr.com/photos/62025628@N00/4162191163,data/desktop_scenes_batch2/manifest.csv
https://flickr.com/photos/62126383@N00/498329513,https://www.flickr.com/photos/62126383@N00/498329513,data/desktop_scenes_batch2/manifest.csv
https://flickr.com/photos/62356799@N06/12049542533,https://www.flickr.com/photos/62356799@N06/12049542533,data/desktop_scenes_batch2/manifest.csv
https://flickr.com/photos/62449696@N00/11473801686,https://www.flickr.com/photos/62449696@N00/11473801686,data/desktop_scenes_batch2/manifest.csv
https://flickr.com/photos/62518311@N00/194447486,https://www.flickr.com/photos/62518311@N00/194447486,data/desktop_scenes_batch2/manifest.csv
https://flickr.com/photos/62518311@N00/4277752948,https://www.flickr.com/photos/62518311@N00/4277752948,data/desktop_scenes_batch2/manifest.csv
https://flickr.com/photos/62570691@N03/16255328209,https://www.flickr.com/photos/62570691@N03/16255328209,data/desktop_scenes_batch2/manifest.csv
https://flickr.com/photos/62689520@N02/8389137475,https://www.flickr.com/photos/62689520@N02/8389137475,data/desktop_scenes_batch2/manifest.csv
https://flickr.com/photos/62920259@N03/5749005358,https://www.flickr.com/photos/62920259@N03/5749005358,data/desktop_scenes_batch2/manifest.csv
https://flickr.com/photos/63237577@N07/6254536593,https://www.flickr.com/photos/63237577@N07/6254536593,data/desktop_scenes_batch3/manifest.csv
https://flickr.com/photos/63311602@N08/26462244495,https://www.flickr.com/photos/63311602@N08/26462244495,data/desktop_scenes_batch2/manifest.csv
https://flickr.com/photos/63504485@N00/2177338527,https://www.flickr.com/photos/63504485@N00/2177338527,data/desktop_scenes_batch2/manifest.csv
https://flickr.com/photos/64021749@N04/6266102532,https://www.flickr.com/photos/64021749@N04/6266102532,data/desktop_scenes_batch2/manifest.csv
https://flickr.com/photos/64097751@N00/4626188690,https://www.flickr.com/photos/64097751@N00/4626188690,data/desktop_scenes_batch2/manifest.csv
https://flickr.com/photos/64097751@N00/6854096885,https://www.flickr.com/photos/64097751@N00/6854096885,data/desktop_scenes_batch2/manifest.csv
https://flickr.com/photos/64097751@N00/6854097477,https://www.flickr.com/photos/64097751@N00/6854097477,data/desktop_scenes_batch2/manifest.csv
https://flickr.com/photos/64141731@N00/24195301445,https://www.flickr.com/photos/64141731@N00/24195301445,data/desktop_scenes_batch3/manifest.csv
https://flickr.com/photos/64401168@N00/12324303755,https://www.flickr.com/photos/64401168@N00/12324303755,data/desktop_scenes_batch2/manifest.csv
https://flickr.com/photos/64401168@N00/2154941844,https://www.flickr.com/photos/64401168@N00/2154941844,data/desktop_scenes_batch2/manifest.csv
https://flickr.com/photos/64401168@N00/485938950,https://www.flickr.com/photos/64401168@N00/485938950,data/desktop_scenes_batch2/manifest.csv
https://flickr.com/photos/64588110@N00/3080868684,https://www.flickr.com/photos/64588110@N00/3080868684,data/desktop_scenes_batch2/manifest.csv
https://flickr.com/photos/65219908@N02/50542185627,https://www.flickr.com/photos/65219908@N02/50542185627,data/desktop_scenes_batch2/manifest.csv
https://flickr.com/photos/65299929@N00/14572543481,https://www.flickr.com/photos/65299929@N00/14572543481,data/desktop_scenes_batch2/manifest.csv
https://flickr.com/photos/65304769@N05/7403736442,https://www.flickr.com/photos/65304769@N05/7403736442,data/desktop_scenes_batch2/manifest.csv
https://flickr.com/photos/65804631@N00/2879104788,https://www.flickr.com/photos/65804631@N00/2879104788,data/desktop_scenes_batch2/manifest.csv
https://flickr.com/photos/65846249@N06/6051318239,https://www.flickr.com/photos/65846249@N06/6051318239,data/desktop_scenes_batch5/manifest.csv
https://flickr.com/photos/65977087@N00/2306151268,https://www.flickr.com/photos/65977087@N00/2306151268,data/desktop_scenes_batch2/manifest.csv
https://flickr.com/photos/66215925@N00/3528437339,https://www.flickr.com/photos/66215925@N00/3528437339,data/desktop_scenes_batch2/manifest.csv
https://flickr.com/photos/66467025@N02/49064920521,https://www.flickr.com/photos/66467025@N02/49064920521,data/desktop_scenes_batch2/manifest.csv
https://flickr.com/photos/66467025@N02/50385368608,https://www.flickr.com/photos/66467025@N02/50385368608,data/desktop_scenes_batch2/manifest.csv
https://flickr.com/photos/66489750@N00/6183893868,https://www.flickr.com/photos/66489750@N00/6183893868,data/desktop_scenes_batch2/manifest.csv
https://flickr.com/photos/66742614@N00/2934952697,https://www.flickr.com/photos/66742614@N00/2934952697,data/desktop_scenes_batch2/manifest.csv
https://flickr.com/photos/66779558@N02/7540815222,https://www.flickr.com/photos/66779558@N02/7540815222,data/desktop_scenes_batch2/manifest.csv
https://flickr.com/photos/66992990@N00/2414951080,https://www.flickr.com/photos/66992990@N00/2414951080,data/desktop_scenes_batch2/manifest.csv
https://flickr.com/photos/66992990@N00/4819372596,https://www.flickr.com/photos/66992990@N00/4819372596,data/desktop_scenes_batch2/manifest.csv
https://flickr.com/photos/66994844@N00/171707886,https://www.flickr.com/photos/66994844@N00/171707886,data/desktop_scenes_batch2/manifest.csv
https://flickr.com/photos/67453623@N04/10671377545,https://www.flickr.com/photos/67453623@N04/10671377545,data/desktop_scenes_batch2/manifest.csv
https://flickr.com/photos/67485853@N00/2549904670,https://www.flickr.com/photos/67485853@N00/2549904670,data/desktop_scenes_batch2/manifest.csv
https://flickr.com/photos/67673838@N06/6164127236,https://www.flickr.com/photos/67673838@N06/6164127236,data/desktop_scenes_batch5/manifest.csv
https://flickr.com/photos/67975030@N00/4748821712,https://www.flickr.com/photos/67975030@N00/4748821712,data/desktop_scenes_batch2/manifest.csv
https://flickr.com/photos/68089229@N06/6783078815,https://www.flickr.com/photos/68089229@N06/6783078815,data/desktop_scenes_batch2/manifest.csv
https://flickr.com/photos/68141625@N06/6207310142,https://www.flickr.com/photos/68141625@N06/6207310142,data/desktop_scenes_batch2/manifest.csv
https://flickr.com/photos/68147320@N02/14336582667,https://www.flickr.com/photos/68147320@N02/14336582667,data/desktop_scenes_batch2/manifest.csv
https://flickr.com/photos/68147320@N02/14654348028,https://www.flickr.com/photos/68147320@N02/14654348028,data/desktop_scenes_batch3/manifest.csv
https://flickr.com/photos/68227549@N00/3029617973,https://www.flickr.com/photos/68227549@N00/3029617973,data/desktop_scenes_batch2/manifest.csv
https://flickr.com/photos/68227549@N00/3058488379,https://www.flickr.com/photos/68227549@N00/3058488379,data/desktop_scenes/manifest.csv
https://flickr.com/photos/68931440@N00/1217407798,https://www.flickr.com/photos/68931440@N00/1217407798,data/desktop_scenes_batch2/manifest.csv
https://flickr.com/photos/68946401@N03/6487010867,https://www.flickr.com/photos/68946401@N03/6487010867,data/desktop_scenes_batch5/manifest.csv
https://flickr.com/photos/69388755@N00/71787480,https://www.flickr.com/photos/69388755@N00/71787480,data/desktop_scenes_batch2/manifest.csv
https://flickr.com/photos/69745777@N00/2503836572,https://www.flickr.com/photos/69745777@N00/2503836572,data/desktop_scenes_batch2/manifest.csv
https://flickr.com/photos/70285332@N00/15663184892,https://www.flickr.com/photos/70285332@N00/15663184892,data/desktop_scenes_batch2/manifest.csv
https://flickr.com/photos/70285332@N00/5958598803,https://www.flickr.com/photos/70285332@N00/5958598803,data/desktop_scenes_batch2/manifest.csv
https://flickr.com/photos/70522326@N00/301319642,https://www.flickr.com/photos/70522326@N00/301319642,data/desktop_scenes_batch2/manifest.csv
https://flickr.com/photos/70757891@N00/5537372504,https://www.flickr.com/photos/70757891@N00/5537372504,data/desktop_scenes_batch2/manifest.csv
https://flickr.com/photos/70829855@N00/6812033373,https://www.flickr.com/photos/70829855@N00/6812033373,data/desktop_scenes_batch2/manifest.csv
https://flickr.com/photos/70928775@N00/3645039228,https://www.flickr.com/photos/70928775@N00/3645039228,data/desktop_scenes_batch2/manifest.csv
https://flickr.com/photos/70928775@N00/4561130216,https://www.flickr.com/photos/70928775@N00/4561130216,data/desktop_scenes_batch2/manifest.csv
https://flickr.com/photos/70928775@N00/4561741727,https://www.flickr.com/photos/70928775@N00/4561741727,data/desktop_scenes_batch2/manifest.csv
https://flickr.com/photos/71153021@N00/2176002990,https://www.flickr.com/photos/71153021@N00/2176002990,data/desktop_scenes_batch2/manifest.csv
https://flickr.com/photos/7122929@N07/2749468510,https://www.flickr.com/photos/7122929@N07/2749468510,data/desktop_scenes_batch2/manifest.csv
https://flickr.com/photos/71372861@N00/361561519,https://www.flickr.com/photos/71372861@N00/361561519,data/desktop_scenes/manifest.csv
https://flickr.com/photos/71401718@N00/10370282544,https://www.flickr.com/photos/71401718@N00/10370282544,data/desktop_scenes_batch2/manifest.csv
https://flickr.com/photos/71401718@N00/11218279295,https://www.flickr.com/photos/71401718@N00/11218279295,data/desktop_scenes_batch2/manifest.csv
https://flickr.com/photos/71401718@N00/1448668481,https://www.flickr.com/photos/71401718@N00/1448668481,data/desktop_scenes_batch2/manifest.csv
https://flickr.com/photos/71401718@N00/14779782681,https://www.flickr.com/photos/71401718@N00/14779782681,data/desktop_scenes_batch2/manifest.csv
https://flickr.com/photos/71401718@N00/2089462975,https://www.flickr.com/photos/71401718@N00/2089462975,data/desktop_scenes_batch2/manifest.csv
https://flickr.com/photos/71401718@N00/2482542847,https://www.flickr.com/photos/71401718@N00/2482542847,data/desktop_scenes_batch2/manifest.csv
https://flickr.com/photos/71401718@N00/28165202759,https://www.flickr.com/photos/71401718@N00/28165202759,data/desktop_scenes_batch2/manifest.csv
https://flickr.com/photos/71401718@N00/3302421700,https://www.flickr.com/photos/71401718@N00/3302421700,data/desktop_scenes_batch2/manifest.csv
https://flickr.com/photos/71401718@N00/3610988849,https://www.flickr.com/photos/71401718@N00/3610988849,data/desktop_scenes_batch2/manifest.csv
https://flickr.com/photos/71401718@N00/4497392837,https://www.flickr.com/photos/71401718@N00/4497392837,data/desktop_scenes_batch2/manifest.csv
https://flickr.com/photos/71401718@N00/4680858983,https://www.flickr.com/photos/71401718@N00/4680858983,data/desktop_scenes_batch2/manifest.csv
https://flickr.com/photos/71401718@N00/4806400368,https://www.flickr.com/photos/71401718@N00/4806400368,data/desktop_scenes_batch2/manifest.csv
https://flickr.com/photos/71401718@N00/5024679459,https://www.flickr.com/photos/71401718@N00/5024679459,data/desktop_scenes_batch2/manifest.csv
https://flickr.com/photos/71401718@N00/5027516478,https://www.flickr.com/photos/71401718@N00/5027516478,data/desktop_scenes_batch2/manifest.csv
https://flickr.com/photos/71401718@N00/6773873411,https://www.flickr.com/photos/71401718@N00/6773873411,data/desktop_scenes_batch2/manifest.csv
https://flickr.com/photos/71401718@N00/8204644418,https://www.flickr.com/photos/71401718@N00/8204644418,data/desktop_scenes_batch2/manifest.csv
https://flickr.com/photos/71401718@N00/9215220712,https://www.flickr.com/photos/71401718@N00/9215220712,data/desktop_scenes_batch2/manifest.csv
https://flickr.com/photos/7141779@N04/4253249416,https://www.flickr.com/photos/7141779@N04/4253249416,data/desktop_scenes_batch3/manifest.csv
https://flickr.com/photos/71430589@N02/8596721996,https://www.flickr.com/photos/71430589@N02/8596721996,data/desktop_scenes_batch2/manifest.csv
https://flickr.com/photos/7171548@N04/1969185955,https://www.flickr.com/photos/7171548@N04/1969185955,data/desktop_scenes_batch2/manifest.csv
https://flickr.com/photos/71753457@N00/2258166649,https://www.flickr.com/photos/71753457@N00/2258166649,data/desktop_scenes_batch2/manifest.csv
https://flickr.com/photos/71753457@N00/598703065,https://www.flickr.com/photos/71753457@N00/598703065,data/desktop_scenes_batch2/manifest.csv
https://flickr.com/photos/71804876@N00/7030637545,https://www.flickr.com/photos/71804876@N00/7030637545,data/desktop_scenes_batch2/manifest.csv
https://flickr.com/photos/72033663@N00/3480070281,https://www.flickr.com/photos/72033663@N00/3480070281,data/desktop_scenes_batch3/manifest.csv
https://flickr.com/photos/7214142@N07/4622250599,https://www.flickr.com/photos/7214142@N07/4622250599,data/desktop_scenes_batch2/manifest.csv
https://flickr.com/photos/72396314@N00/2260643716,https://www.flickr.com/photos/72396314@N00/2260643716,data/desktop_scenes_batch2/manifest.csv
https://flickr.com/photos/7268689@N06/5030523346,https://www.flickr.com/photos/7268689@N06/5030523346,data/desktop_scenes_batch5/manifest.csv
https://flickr.com/photos/72923429@N00/4076192139,https://www.flickr.com/photos/72923429@N00/4076192139,data/desktop_scenes_batch2/manifest.csv
https://flickr.com/photos/72944284@N00/6093521455,https://www.flickr.com/photos/72944284@N00/6093521455,data/desktop_scenes_batch2/manifest.csv
https://flickr.com/photos/72944284@N00/6094059138,https://www.flickr.com/photos/72944284@N00/6094059138,data/desktop_scenes_batch2/manifest.csv
https://flickr.com/photos/7298413@N06/3629595354,https://www.flickr.com/photos/7298413@N06/3629595354,data/desktop_scenes_batch2/manifest.csv
https://flickr.com/photos/73228447@N02/15225483531,https://www.flickr.com/photos/73228447@N02/15225483531,data/desktop_scenes_batch2/manifest.csv
https://flickr.com/photos/73344134@N00/4345218494,https://www.flickr.com/photos/73344134@N00/4345218494,data/desktop_scenes_batch2/manifest.csv
https://flickr.com/photos/73416633@N00/2495180513,https://www.flickr.com/photos/73416633@N00/2495180513,data/desktop_scenes_batch5/manifest.csv
https://flickr.com/photos/73645804@N00/2155219665,https://www.flickr.com/photos/73645804@N00/2155219665,data/desktop_scenes_batch2/manifest.csv
https://flickr.com/photos/73645804@N00/2916779465,https://www.flickr.com/photos/73645804@N00/2916779465,data/desktop_scenes_batch2/manifest.csv
https://flickr.com/photos/73798453@N00/2826952885,https://www.flickr.com/photos/73798453@N00/2826952885,data/desktop_scenes_batch2/manifest.csv
https://flickr.com/photos/73798453@N00/2990844965,https://www.flickr.com/photos/73798453@N00/2990844965,data/desktop_scenes_batch2/manifest.csv
https://flickr.com/photos/74105777@N00/10098622,https://www.flickr.com/photos/74105777@N00/10098622,data/desktop_scenes_batch2/manifest.csv
https://flickr.com/photos/75001512@N00/205198559,https://www.flickr.com/photos/75001512@N00/205198559,data/desktop_scenes_batch3/manifest.csv
https://flickr.com/photos/75001512@N00/223298967,https://www.flickr.com/photos/75001512@N00/223298967,data/desktop_scenes_batch3/manifest.csv
https://flickr.com/photos/75001512@N00/4683983974,https://www.flickr.com/photos/75001512@N00/4683983974,data/desktop_scenes_batch5/manifest.csv
https://flickr.com/photos/75001512@N00/6138171848,https://www.flickr.com/photos/75001512@N00/6138171848,data/desktop_scenes_batch2/manifest.csv
https://flickr.com/photos/75001512@N00/6692418407,https://www.flickr.com/photos/75001512@N00/6692418407,data/desktop_scenes_batch3/manifest.csv
https://flickr.com/photos/75020889@N07/6926130596,https://www.flickr.com/photos/75020889@N07/6926130596,data/desktop_scenes_batch2/manifest.csv
https://flickr.com/photos/75606019@N08/31153298458,https://www.flickr.com/photos/75606019@N08/31153298458,data/desktop_scenes_batch5/manifest.csv
https://flickr.com/photos/75655221@N00/313951033,https://www.flickr.com/photos/75655221@N00/313951033,data/desktop_scenes_batch2/manifest.csv
https://flickr.com/photos/75699503@N00/4204789347,https://www.flickr.com/photos/75699503@N00/4204789347,data/desktop_scenes_batch2/manifest.csv
https://flickr.com/photos/75921150@N00/4236438667,https://www.flickr.com/photos/75921150@N00/4236438667,data/desktop_scenes_batch2/manifest.csv
https://flickr.com/photos/76187879@N00/3356968205,https://www.flickr.com/photos/76187879@N00/3356968205,data/desktop_scenes_batch2/manifest.csv
https://flickr.com/photos/76377775@N05/6870398473,https://www.flickr.com/photos/76377775@N05/6870398473,data/desktop_scenes_batch5/manifest.csv
https://flickr.com/photos/76402530@N08/7214557586,https://www.flickr.com/photos/76402530@N08/7214557586,data/desktop_scenes_batch3/manifest.csv
https://flickr.com/photos/77018488@N03/12420835554,https://www.flickr.com/photos/77018488@N03/12420835554,data/desktop_scenes_batch2/manifest.csv
https://flickr.com/photos/77516069@N05/13610569685,https://www.flickr.com/photos/77516069@N05/13610569685,data/desktop_scenes_batch2/manifest.csv
https://flickr.com/photos/77742560@N06/35534970883,https://www.flickr.com/photos/77742560@N06/35534970883,data/desktop_scenes_batch2/manifest.csv
https://flickr.com/photos/77742560@N06/37092616932,https://www.flickr.com/photos/77742560@N06/37092616932,data/desktop_scenes_batch2/manifest.csv
https://flickr.com/photos/77742560@N06/37122525071,https://www.flickr.com/photos/77742560@N06/37122525071,data/desktop_scenes_batch2/manifest.csv
https://flickr.com/photos/78011127@N00/3180817329,https://www.flickr.com/photos/78011127@N00/3180817329,data/desktop_scenes_batch2/manifest.csv
https://flickr.com/photos/78011127@N00/3807874020,https://www.flickr.com/photos/78011127@N00/3807874020,data/desktop_scenes_batch2/manifest.csv
https://flickr.com/photos/78403198@N08/15662213216,https://www.flickr.com/photos/78403198@N08/15662213216,data/desktop_scenes_batch2/manifest.csv
https://flickr.com/photos/78428166@N00/11203853264,https://www.flickr.com/photos/78428166@N00/11203853264,data/desktop_scenes_batch3/manifest.csv
https://flickr.com/photos/78428166@N00/8120708019,https://www.flickr.com/photos/78428166@N00/8120708019,data/desktop_scenes_batch5/manifest.csv
https://flickr.com/photos/7853799@N03/3380813350,https://www.flickr.com/photos/7853799@N03/3380813350,data/desktop_scenes_batch3/manifest.csv
https://flickr.com/photos/78552401@N00/3217657200,https://www.flickr.com/photos/78552401@N00/3217657200,data/desktop_scenes_batch2/manifest.csv
https://flickr.com/photos/78691643@N08/9971734194,https://www.flickr.com/photos/78691643@N08/9971734194,data/desktop_scenes_batch5/manifest.csv
https://flickr.com/photos/7896588@N03/2988639072,https://www.flickr.com/photos/7896588@N03/2988639072,data/desktop_scenes_batch2/manifest.csv
https://flickr.com/photos/79157069@N03/25952381455,https://www.flickr.com/photos/79157069@N03/25952381455,data/desktop_scenes_batch3/manifest.csv
https://flickr.com/photos/7921163@N02/3058266457,https://www.flickr.com/photos/7921163@N02/3058266457,data/desktop_scenes_batch2/manifest.csv
https://flickr.com/photos/7941044@N06/6110974997,https://www.flickr.com/photos/7941044@N06/6110974997,data/desktop_scenes_batch2/manifest.csv
https://flickr.com/photos/7941044@N06/6156504454,https://www.flickr.com/photos/7941044@N06/6156504454,data/desktop_scenes_batch2/manifest.csv
https://flickr.com/photos/7941044@N06/8641592186,https://www.flickr.com/photos/7941044@N06/8641592186,data/desktop_scenes_batch2/manifest.csv
https://flickr.com/photos/7958754@N03/26824477904,https://www.flickr.com/photos/7958754@N03/26824477904,data/desktop_scenes_batch5/manifest.csv
https://flickr.com/photos/7958754@N03/3844554247,https://www.flickr.com/photos/7958754@N03/3844554247,data/desktop_scenes_batch2/manifest.csv
https://flickr.com/photos/7958754@N03/39727529774,https://www.flickr.com/photos/7958754@N03/39727529774,data/desktop_scenes_batch4/manifest.csv
https://flickr.com/photos/79684288@N00/16283336947,https://www.flickr.com/photos/79684288@N00/16283336947,data/desktop_scenes_batch2/manifest.csv
https://flickr.com/photos/79721788@N00/5063239769,https://www.flickr.com/photos/79721788@N00/5063239769,data/desktop_scenes_batch2/manifest.csv
https://flickr.com/photos/7972895@N02/4494533273,https://www.flickr.com/photos/7972895@N02/4494533273,data/desktop_scenes_batch2/manifest.csv
https://flickr.com/photos/79729522@N00/30338059231,https://www.flickr.com/photos/79729522@N00/30338059231,data/desktop_scenes_batch2/manifest.csv
https://flickr.com/photos/79877212@N00/10355990156,https://www.flickr.com/photos/79877212@N00/10355990156,data/desktop_scenes_batch2/manifest.csv
https://flickr.com/photos/79928508@N00/4440887638,https://www.flickr.com/photos/79928508@N00/4440887638,data/desktop_scenes_batch2/manifest.csv
https://flickr.com/photos/80135679@N02/7663486588,https://www.flickr.com/photos/80135679@N02/7663486588,data/desktop_scenes_batch2/manifest.csv
https://flickr.com/photos/80309306@N05/31893073412,https://www.flickr.com/photos/80309306@N05/31893073412,data/desktop_scenes_batch2/manifest.csv
https://flickr.com/photos/80454089@N00/18521399084,https://www.flickr.com/photos/80454089@N00/18521399084,data/desktop_scenes_batch5/manifest.csv
https://flickr.com/photos/80454089@N00/39937612064,https://www.flickr.com/photos/80454089@N00/39937612064,data/desktop_scenes_batch3/manifest.csv
https://flickr.com/photos/80454089@N00/40605580502,https://www.flickr.com/photos/80454089@N00/40605580502,data/desktop_scenes_batch3/manifest.csv
https://flickr.com/photos/80454089@N00/45982851031,https://www.flickr.com/photos/80454089@N00/45982851031,data/desktop_scenes_batch3/manifest.csv
https://flickr.com/photos/80454089@N00/49191741362,https://www.flickr.com/photos/80454089@N00/49191741362,data/desktop_scenes_batch5/manifest.csv
https://flickr.com/photos/8047705@N02/5528116253,https://www.flickr.com/photos/8047705@N02/5528116253,data/desktop_scenes_batch5/manifest.csv
https://flickr.com/photos/8050009@N05/5452633333,https://www.flickr.com/photos/8050009@N05/5452633333,data/desktop_scenes_batch5/manifest.csv
https://flickr.com/photos/8050009@N05/5858801066,https://www.flickr.com/photos/8050009@N05/5858801066,data/desktop_scenes_batch2/manifest.csv
https://flickr.com/photos/80502685@N00/5478617501,https://www.flickr.com/photos/80502685@N00/5478617501,data/desktop_scenes_batch2/manifest.csv
https://flickr.com/photos/80522246@N00/2514975647,https://www.flickr.com/photos/80522246@N00/2514975647,data/desktop_scenes_batch2/manifest.csv
https://flickr.com/photos/80522246@N00/2515800654,https://www.flickr.com/photos/80522246@N00/2515800654,data/desktop_scenes_batch2/manifest.csv
https://flickr.com/photos/80665970@N03/10152805073,https://www.flickr.com/photos/80665970@N03/10152805073,data/desktop_scenes_batch2/manifest.csv
https://flickr.com/photos/80665970@N03/8725501126,https://www.flickr.com/photos/80665970@N03/8725501126,data/desktop_scenes_batch2/manifest.csv
https://flickr.com/photos/8070429@N06/3884265702,https://www.flickr.com/photos/8070429@N06/3884265702,data/desktop_scenes_batch2/manifest.csv
https://flickr.com/photos/80758054@N00/159018751,https://www.flickr.com/photos/80758054@N00/159018751,data/desktop_scenes_batch2/manifest.csv
https://flickr.com/photos/80758054@N00/7206789688,https://www.flickr.com/photos/80758054@N00/7206789688,data/desktop_scenes_batch2/manifest.csv
https://flickr.com/photos/8102700@N02/5578268685,https://www.flickr.com/photos/8102700@N02/5578268685,data/desktop_scenes_batch2/manifest.csv
https://flickr.com/photos/81203773@N00/4494601615,https://www.flickr.com/photos/81203773@N00/4494601615,data/desktop_scenes_batch2/manifest.csv
https://flickr.com/photos/8123170@N06/8247667055,https://www.flickr.com/photos/8123170@N06/8247667055,data/desktop_scenes_batch2/manifest.csv
https://flickr.com/photos/8123170@N06/8247667627,https://www.flickr.com/photos/8123170@N06/8247667627,data/desktop_scenes_batch2/manifest.csv
https://flickr.com/photos/8123170@N06/8248734396,https://www.flickr.com/photos/8123170@N06/8248734396,data/desktop_scenes_batch2/manifest.csv
https://flickr.com/photos/8136496@N05/5208188178,https://www.flickr.com/photos/8136496@N05/5208188178,data/desktop_scenes_batch2/manifest.csv
https://flickr.com/photos/81383584@N00/2352476493,https://www.flickr.com/photos/81383584@N00/2352476493,data/desktop_scenes_batch2/manifest.csv
https://flickr.com/photos/81757835@N00/6399707093,https://www.flickr.com/photos/81757835@N00/6399707093,data/desktop_scenes_batch2/manifest.csv
https://flickr.com/photos/81989974@N00/3189318083,https://www.flickr.com/photos/81989974@N00/3189318083,data/desktop_scenes_batch2/manifest.csv
https://flickr.com/photos/81989974@N00/3189330445,https://www.flickr.com/photos/81989974@N00/3189330445,data/desktop_scenes_batch2/manifest.csv
https://flickr.com/photos/81989974@N00/3189447531,https://www.flickr.com/photos/81989974@N00/3189447531,data/desktop_scenes_batch2/manifest.csv
https://flickr.com/photos/81989974@N00/3189447697,https://www.flickr.com/photos/81989974@N00/3189447697,data/desktop_scenes_batch2/manifest.csv
https://flickr.com/photos/81989974@N00/3189457797,https://www.flickr.com/photos/81989974@N00/3189457797,data/desktop_scenes_batch2/manifest.csv
https://flickr.com/photos/81989974@N00/3189462795,https://www.flickr.com/photos/81989974@N00/3189462795,data/desktop_scenes_batch2/manifest.csv
https://flickr.com/photos/81989974@N00/3189486385,https://www.flickr.com/photos/81989974@N00/3189486385,data/desktop_scenes_batch2/manifest.csv
https://flickr.com/photos/81989974@N00/3190160840,https://www.flickr.com/photos/81989974@N00/3190160840,data/desktop_scenes_batch2/manifest.csv
https://flickr.com/photos/81989974@N00/3190305540,https://www.flickr.com/photos/81989974@N00/3190305540,data/desktop_scenes_batch2/manifest.csv
https://flickr.com/photos/82365211@N00/2346878945,https://www.flickr.com/photos/82365211@N00/2346878945,data/desktop_scenes_batch2/manifest.csv
https://flickr.com/photos/8260474@N07/18991076781,https://www.flickr.com/photos/8260474@N07/18991076781,data/desktop_scenes_batch2/manifest.csv
https://flickr.com/photos/8260474@N07/5564168683,https://www.flickr.com/photos/8260474@N07/5564168683,data/desktop_scenes_batch2/manifest.csv
https://flickr.com/photos/8260474@N07/7273474286,https://www.flickr.com/photos/8260474@N07/7273474286,data/desktop_scenes_batch2/manifest.csv
https://flickr.com/photos/82775126@N00/486360327,https://www.flickr.com/photos/82775126@N00/486360327,data/desktop_scenes_batch2/manifest.csv
https://flickr.com/photos/8326616@N05/9313383735,https://www.flickr.com/photos/8326616@N05/9313383735,data/desktop_scenes_batch5/manifest.csv
https://flickr.com/photos/83346641@N00/4083863196,https://www.flickr.com/photos/83346641@N00/4083863196,data/desktop_scenes_batch2/manifest.csv
https://flickr.com/photos/83346641@N00/8677483964,https://www.flickr.com/photos/83346641@N00/8677483964,data/desktop_scenes_batch2/manifest.csv
https://flickr.com/photos/83542829@N00/2120136951,https://www.flickr.com/photos/83542829@N00/2120136951,data/desktop_scenes_batch2/manifest.csv
https://flickr.com/photos/83542829@N00/2673035994,https://www.flickr.com/photos/83542829@N00/2673035994,data/desktop_scenes_batch2/manifest.csv
https://flickr.com/photos/83542829@N00/3025276735,https://www.flickr.com/photos/83542829@N00/3025276735,data/desktop_scenes_batch2/manifest.csv
https://flickr.com/photos/83542829@N00/3025287113,https://www.flickr.com/photos/83542829@N00/3025287113,data/desktop_scenes_batch2/manifest.csv
https://flickr.com/photos/8364994@N02/4573264054,https://www.flickr.com/photos/8364994@N02/4573264054,data/desktop_scenes_batch2/manifest.csv
https://flickr.com/photos/84263554@N00/50067281246,https://www.flickr.com/photos/84263554@N00/50067281246,data/desktop_scenes_batch3/manifest.csv
https://flickr.com/photos/84335369@N00/6956076919,https://www.flickr.com/photos/84335369@N00/6956076919,data/desktop_scenes_batch2/manifest.csv
https://flickr.com/photos/84554176@N00/4396365988,https://www.flickr.com/photos/84554176@N00/4396365988,data/desktop_scenes_batch3/manifest.csv
https://flickr.com/photos/84556056@N00/4238211309,https://www.flickr.com/photos/84556056@N00/4238211309,data/desktop_scenes_batch5/manifest.csv
https://flickr.com/photos/84858864@N00/920949795,https://www.flickr.com/photos/84858864@N00/920949795,data/desktop_scenes_batch2/manifest.csv
https://flickr.com/photos/8514720@N04/6862029495,https://www.flickr.com/photos/8514720@N04/6862029495,data/desktop_scenes_batch2/manifest.csv
https://flickr.com/photos/8536261@N07/11547689384,https://www.flickr.com/photos/8536261@N07/11547689384,data/desktop_scenes_batch2/manifest.csv
https://flickr.com/photos/85979850@N00/4106405704,https://www.flickr.com/photos/85979850@N00/4106405704,data/desktop_scenes_batch2/manifest.csv
https://flickr.com/photos/8662172@N02/4088061325,https://www.flickr.com/photos/8662172@N02/4088061325,data/desktop_scenes_batch2/manifest.csv
https://flickr.com/photos/86639298@N02/8559669105,https://www.flickr.com/photos/86639298@N02/8559669105,data/desktop_scenes_batch2/manifest.csv
https://flickr.com/photos/86665756@N00/15312418376,https://www.flickr.com/photos/86665756@N00/15312418376,data/desktop_scenes_batch2/manifest.csv
https://flickr.com/photos/87054972@N00/531940016,https://www.flickr.com/photos/87054972@N00/531940016,data/desktop_scenes_batch2/manifest.csv
https://flickr.com/photos/8706370@N02/3188700716,https://www.flickr.com/photos/8706370@N02/3188700716,data/desktop_scenes_batch2/manifest.csv
https://flickr.com/photos/8721758@N06/5082434401,https://www.flickr.com/photos/8721758@N06/5082434401,data/desktop_scenes_batch2/manifest.csv
https://flickr.com/photos/87232391@N00/500433479,https://www.flickr.com/photos/87232391@N00/500433479,data/desktop_scenes_batch2/manifest.csv
https://flickr.com/photos/87249144@N08/14704988830,https://www.flickr.com/photos/87249144@N08/14704988830,data/desktop_scenes_batch3/manifest.csv
https://flickr.com/photos/87292869@N07/8111557917,https://www.flickr.com/photos/87292869@N07/8111557917,data/desktop_scenes_batch5/manifest.csv
https://flickr.com/photos/8749778@N06/3261178865,https://www.flickr.com/photos/8749778@N06/3261178865,data/desktop_scenes_batch2/manifest.csv
https://flickr.com/photos/87690240@N03/12293933184,https://www.flickr.com/photos/87690240@N03/12293933184,data/desktop_scenes_batch2/manifest.csv
https://flickr.com/photos/87735223@N02/25512232783,https://www.flickr.com/photos/87735223@N02/25512232783,data/desktop_scenes_batch4/manifest.csv
https://flickr.com/photos/88467564@N06/9311228737,https://www.flickr.com/photos/88467564@N06/9311228737,data/desktop_scenes_batch2/manifest.csv
https://flickr.com/photos/88640217@N08/15650170634,https://www.flickr.com/photos/88640217@N08/15650170634,data/desktop_scenes_batch2/manifest.csv
https://flickr.com/photos/8867046@N07/2651083587,https://www.flickr.com/photos/8867046@N07/2651083587,data/desktop_scenes_batch5/manifest.csv
https://flickr.com/photos/8875143@N04/2594685837,https://www.flickr.com/photos/8875143@N04/2594685837,data/desktop_scenes_batch2/manifest.csv
https://flickr.com/photos/88rabbit/337677140,https://www.flickr.com/photos/88rabbit/337677140,data/desktop_scenes_batch5/manifest.csv
https://flickr.com/photos/89107783@N05/8139106269,https://www.flickr.com/photos/89107783@N05/8139106269,data/desktop_scenes_batch3/manifest.csv
https://flickr.com/photos/89119745@N00/8078323954,https://www.flickr.com/photos/89119745@N00/8078323954,data/desktop_scenes_batch2/manifest.csv
https://flickr.com/photos/89119745@N00/8285691631,https://www.flickr.com/photos/89119745@N00/8285691631,data/desktop_scenes_batch2/manifest.csv
https://flickr.com/photos/89165847@N00/11201533925,https://www.flickr.com/photos/89165847@N00/11201533925,data/desktop_scenes_batch2/manifest.csv
https://flickr.com/photos/89165847@N00/35452638051,https://www.flickr.com/photos/89165847@N00/35452638051,data/desktop_scenes_batch2/manifest.csv
https://flickr.com/photos/89165847@N00/46860432264,https://www.flickr.com/photos/89165847@N00/46860432264,data/desktop_scenes_batch2/manifest.csv
https://flickr.com/photos/89185819@N00/12736746784,https://www.flickr.com/photos/89185819@N00/12736746784,data/desktop_scenes_batch2/manifest.csv
https://flickr.com/photos/89285199@N00/3464152543,https://www.flickr.com/photos/89285199@N00/3464152543,data/desktop_scenes_batch2/manifest.csv
https://flickr.com/photos/89557510@N03/8190038818,https://www.flickr.com/photos/89557510@N03/8190038818,data/desktop_scenes_batch2/manifest.csv
https://flickr.com/photos/89932610@N00/1925863855,https://www.flickr.com/photos/89932610@N00/1925863855,data/desktop_scenes_batch2/manifest.csv
https://flickr.com/photos/90037546@N00/3278127929,https://www.flickr.com/photos/90037546@N00/3278127929,data/desktop_scenes_batch2/manifest.csv
https://flickr.com/photos/90250231n0510041136096/33811612556,https://www.flickr.com/photos/90250231n0510041136096/33811612556,data/desktop_scenes_batch3/manifest.csv
https://flickr.com/photos/90454079@N00/7861856750,https://www.flickr.com/photos/90454079@N00/7861856750,data/desktop_scenes_batch2/manifest.csv
https://flickr.com/photos/90552719@N00/1076310118,https://www.flickr.com/photos/90552719@N00/1076310118,data/desktop_scenes_batch5/manifest.csv
https://flickr.com/photos/90692748@N04/21944788962,https://www.flickr.com/photos/90692748@N04/21944788962,data/desktop_scenes_batch2/manifest.csv
https://flickr.com/photos/90802476@N00/2158024448,https://www.flickr.com/photos/90802476@N00/2158024448,data/desktop_scenes_batch2/manifest.csv
https://flickr.com/photos/91083986@N00/140920978,https://www.flickr.com/photos/91083986@N00/140920978,data/desktop_scenes_batch2/manifest.csv
https://flickr.com/photos/91545223@N00/2857623777,https://www.flickr.com/photos/91545223@N00/2857623777,data/desktop_scenes_batch2/manifest.csv
https://flickr.com/photos/91555706@N00/4220043807,https://www.flickr.com/photos/91555706@N00/4220043807,data/desktop_scenes_batch2/manifest.csv
https://flickr.com/photos/9160678@N06/579989601,https://www.flickr.com/photos/9160678@N06/579989601,data/desktop_scenes_batch5/manifest.csv
https://flickr.com/photos/91797777@N02/8339969581,https://www.flickr.com/photos/91797777@N02/8339969581,data/desktop_scenes_batch3/manifest.csv
https://flickr.com/photos/91994044@N00/29690909197,https://www.flickr.com/photos/91994044@N00/29690909197,data/desktop_scenes_batch2/manifest.csv
https://flickr.com/photos/91994044@N00/48566687732,https://www.flickr.com/photos/91994044@N00/48566687732,data/desktop_scenes_batch2/manifest.csv
https://flickr.com/photos/92064261@N00/3007138510,https://www.flickr.com/photos/92064261@N00/3007138510,data/desktop_scenes_batch2/manifest.csv
https://flickr.com/photos/92269745@N00/11938499956,https://www.flickr.com/photos/92269745@N00/11938499956,data/desktop_scenes_batch2/manifest.csv
https://flickr.com/photos/92281340@N03/8518627093,https://www.flickr.com/photos/92281340@N03/8518627093,data/desktop_scenes_batch2/manifest.csv
https://flickr.com/photos/92411555@N00/11743530763,https://www.flickr.com/photos/92411555@N00/11743530763,data/desktop_scenes_batch2/manifest.csv
https://flickr.com/photos/9290458@N07/4143423383,https://www.flickr.com/photos/9290458@N07/4143423383,data/desktop_scenes_batch2/manifest.csv
https://flickr.com/photos/93178668@N00/2113570061,https://www.flickr.com/photos/93178668@N00/2113570061,data/desktop_scenes_batch2/manifest.csv
https://flickr.com/photos/93178668@N00/2459825603,https://www.flickr.com/photos/93178668@N00/2459825603,data/desktop_scenes_batch2/manifest.csv
https://flickr.com/photos/93178668@N00/3105003719,https://www.flickr.com/photos/93178668@N00/3105003719,data/desktop_scenes_batch2/manifest.csv
https://flickr.com/photos/93178668@N00/9609509657,https://www.flickr.com/photos/93178668@N00/9609509657,data/desktop_scenes_batch2/manifest.csv
https://flickr.com/photos/93452626@N00/22175505,https://www.flickr.com/photos/93452626@N00/22175505,data/desktop_scenes_batch2/manifest.csv
https://flickr.com/photos/93452626@N00/4033239,https://www.flickr.com/photos/93452626@N00/4033239,data/desktop_scenes_batch2/manifest.csv
https://flickr.com/photos/93587218@N00/2452886518,https://www.flickr.com/photos/93587218@N00/2452886518,data/desktop_scenes_batch2/manifest.csv
https://flickr.com/photos/93755244@N00/2756004437,https://www.flickr.com/photos/93755244@N00/2756004437,data/desktop_scenes_batch2/manifest.csv
https://flickr.com/photos/93755244@N00/5187565952,https://www.flickr.com/photos/93755244@N00/5187565952,data/desktop_scenes_batch2/manifest.csv
https://flickr.com/photos/94085795@N08/8554937903,https://www.flickr.com/photos/94085795@N08/8554937903,data/desktop_scenes_batch2/manifest.csv
https://flickr.com/photos/94085795@N08/8554938081,https://www.flickr.com/photos/94085795@N08/8554938081,data/desktop_scenes_batch2/manifest.csv
https://flickr.com/photos/94246383@N00/10586627956,https://www.flickr.com/photos/94246383@N00/10586627956,data/desktop_scenes_batch2/manifest.csv
https://flickr.com/photos/94393826@N02/11982412676,https://www.flickr.com/photos/94393826@N02/11982412676,data/desktop_scenes_batch5/manifest.csv
https://flickr.com/photos/94513428@N00/3353166804,https://www.flickr.com/photos/94513428@N00/3353166804,data/desktop_scenes_batch2/manifest.csv
https://flickr.com/photos/94735786@N00/6909140630,https://www.flickr.com/photos/94735786@N00/6909140630,data/desktop_scenes_batch2/manifest.csv
https://flickr.com/photos/94801434@N00/2775266657,https://www.flickr.com/photos/94801434@N00/2775266657,data/desktop_scenes_batch3/manifest.csv
https://flickr.com/photos/9483737@N05/4039011021,https://www.flickr.com/photos/9483737@N05/4039011021,data/desktop_scenes_batch2/manifest.csv
https://flickr.com/photos/94991702@N00/5012620656,https://www.flickr.com/photos/94991702@N00/5012620656,data/desktop_scenes_batch2/manifest.csv
https://flickr.com/photos/9511824@N05/5240523362,https://www.flickr.com/photos/9511824@N05/5240523362,data/desktop_scenes/manifest.csv
https://flickr.com/photos/9511824@N05/5909546575,https://www.flickr.com/photos/9511824@N05/5909546575,data/desktop_scenes_batch2/manifest.csv
https://flickr.com/photos/95142644@N00/10295022073,https://www.flickr.com/photos/95142644@N00/10295022073,data/desktop_scenes_batch2/manifest.csv
https://flickr.com/photos/95142644@N00/10693918384,https://www.flickr.com/photos/95142644@N00/10693918384,data/desktop_scenes_batch2/manifest.csv
https://flickr.com/photos/95267793@N00/3394589449,https://www.flickr.com/photos/95267793@N00/3394589449,data/desktop_scenes_batch2/manifest.csv
https://flickr.com/photos/95329455@N02/25930433351,https://www.flickr.com/photos/95329455@N02/25930433351,data/desktop_scenes_batch2/manifest.csv
https://flickr.com/photos/95334667@N00/70594643,https://www.flickr.com/photos/95334667@N00/70594643,data/desktop_scenes_batch2/manifest.csv
https://flickr.com/photos/95694539@N07/8735203199,https://www.flickr.com/photos/95694539@N07/8735203199,data/desktop_scenes_batch3/manifest.csv
https://flickr.com/photos/96029422@N00/5919476526,https://www.flickr.com/photos/96029422@N00/5919476526,data/desktop_scenes_batch2/manifest.csv
https://flickr.com/photos/96363948@N00/22115105,https://www.flickr.com/photos/96363948@N00/22115105,data/desktop_scenes_batch2/manifest.csv
https://flickr.com/photos/9665215@N02/5909728539,https://www.flickr.com/photos/9665215@N02/5909728539,data/desktop_scenes_batch2/manifest.csv
https://flickr.com/photos/96859963@N08/13529812015,https://www.flickr.com/photos/96859963@N08/13529812015,data/desktop_scenes_batch2/manifest.csv
https://flickr.com/photos/96859963@N08/14544986059,https://www.flickr.com/photos/96859963@N08/14544986059,data/desktop_scenes_batch2/manifest.csv
https://flickr.com/photos/96859963@N08/15435070608,https://www.flickr.com/photos/96859963@N08/15435070608,data/desktop_scenes_batch2/manifest.csv
https://flickr.com/photos/96859963@N08/20705323792,https://www.flickr.com/photos/96859963@N08/20705323792,data/desktop_scenes_batch2/manifest.csv
https://flickr.com/photos/96877470@N06/15158351378,https://www.flickr.com/photos/96877470@N06/15158351378,data/desktop_scenes_batch3/manifest.csv
https://flickr.com/photos/96877470@N06/15321900966,https://www.flickr.com/photos/96877470@N06/15321900966,data/desktop_scenes_batch3/manifest.csv
https://flickr.com/photos/97123293@N07/28621089602,https://www.flickr.com/photos/97123293@N07/28621089602,data/desktop_scenes_batch2/manifest.csv
https://flickr.com/photos/97247234@N00/2413989196,https://www.flickr.com/photos/97247234@N00/2413989196,data/desktop_scenes_batch2/manifest.csv
https://flickr.com/photos/97247234@N00/3450460178,https://www.flickr.com/photos/97247234@N00/3450460178,data/desktop_scenes_batch2/manifest.csv
https://flickr.com/photos/97247234@N00/3516216396,https://www.flickr.com/photos/97247234@N00/3516216396,data/desktop_scenes_batch2/manifest.csv
https://flickr.com/photos/97299052@N00/2863861285,https://www.flickr.com/photos/97299052@N00/2863861285,data/desktop_scenes_batch2/manifest.csv
https://flickr.com/photos/97304820@N00/10412188545,https://www.flickr.com/photos/97304820@N00/10412188545,data/desktop_scenes/manifest.csv
https://flickr.com/photos/97438202@N00/28135419,https://www.flickr.com/photos/97438202@N00/28135419,data/desktop_scenes_batch2/manifest.csv
https://flickr.com/photos/97519060@N00/2058034240,https://www.flickr.com/photos/97519060@N00/2058034240,data/desktop_scenes_batch2/manifest.csv
https://flickr.com/photos/97844767@N00/10100920,https://www.flickr.com/photos/97844767@N00/10100920,data/desktop_scenes_batch2/manifest.csv
https://flickr.com/photos/97844767@N00/4269750733,https://www.flickr.com/photos/97844767@N00/4269750733,data/desktop_scenes/manifest.csv
https://flickr.com/photos/97844767@N00/4270496768,https://www.flickr.com/photos/97844767@N00/4270496768,data/desktop_scenes_batch2/manifest.csv
https://flickr.com/photos/97844767@N00/4745631791,https://www.flickr.com/photos/97844767@N00/4745631791,data/desktop_scenes_batch2/manifest.csv
https://flickr.com/photos/98552965@N05/24346301003,https://www.flickr.com/photos/98552965@N05/24346301003,data/desktop_scenes_batch4/manifest.csv
https://flickr.com/photos/98609821@N00/4232337698,https://www.flickr.com/photos/98609821@N00/4232337698,data/desktop_scenes_batch2/manifest.csv
https://flickr.com/photos/98609821@N00/4812005089,https://www.flickr.com/photos/98609821@N00/4812005089,data/desktop_scenes_batch2/manifest.csv
https://flickr.com/photos/98609821@N00/4812627274,https://www.flickr.com/photos/98609821@N00/4812627274,data/desktop_scenes_batch2/manifest.csv
https://flickr.com/photos/98609821@N00/5321143470,https://www.flickr.com/photos/98609821@N00/5321143470,data/desktop_scenes_batch2/manifest.csv
https://flickr.com/photos/98609821@N00/5982615762,https://www.flickr.com/photos/98609821@N00/5982615762,data/desktop_scenes_batch2/manifest.csv
https://flickr.com/photos/98652633@N00/269584701,https://www.flickr.com/photos/98652633@N00/269584701,data/desktop_scenes_batch2/manifest.csv
https://flickr.com/photos/98682907@N00/3817165257,https://www.flickr.com/photos/98682907@N00/3817165257,data/desktop_scenes_batch2/manifest.csv
https://flickr.com/photos/98826299@N00/6577068041,https://www.flickr.com/photos/98826299@N00/6577068041,data/desktop_scenes_batch2/manifest.csv
https://flickr.com/photos/98894271@N00/7124436,https://www.flickr.com/photos/98894271@N00/7124436,data/desktop_scenes_batch2/manifest.csv
https://flickr.com/photos/98983159@N00/227715761,https://www.flickr.com/photos/98983159@N00/227715761,data/desktop_scenes_batch2/manifest.csv
https://flickr.com/photos/99462541@N00/268567502,https://www.flickr.com/photos/99462541@N00/268567502,data/desktop_scenes_batch2/manifest.csv
https://flickr.com/photos/99624358@N00/4563540352,https://www.flickr.com/photos/99624358@N00/4563540352,data/desktop_scenes_batch2/manifest.csv
https://flickr.com/photos/99741116@N00/11534675394,https://www.flickr.com/photos/99741116@N00/11534675394,data/desktop_scenes_batch2/manifest.csv
https://flickr.com/photos/99861378@N00/3564073294,https://www.flickr.com/photos/99861378@N00/3564073294,data/desktop_scenes/manifest.csv
https://flickr.com/photos/9998127@N06/13375191814,https://www.flickr.com/photos/9998127@N06/13375191814,data/desktop_scenes_batch2/manifest.csv
https://flickr.com/photos/_gkb_/8475900264,https://www.flickr.com/photos/_gkb_/8475900264,data/desktop_scenes_batch5/manifest.csv
https://flickr.com/photos/aaireland/6213276453,https://www.flickr.com/photos/aaireland/6213276453,data/desktop_scenes_batch5/manifest.csv
https://flickr.com/photos/aalmss/38717438454,https://www.flickr.com/photos/aalmss/38717438454,data/desktop_scenes_batch4/manifest.csv
https://flickr.com/photos/aarongustafson/305014705,https://www.flickr.com/photos/aarongustafson/305014705,data/desktop_scenes_batch5/manifest.csv
https://flickr.com/photos/aarongustafson/305018971,https://www.flickr.com/photos/aarongustafson/305018971,data/desktop_scenes_batch5/manifest.csv
https://flickr.com/photos/aarongustafson/305019436,https://www.flickr.com/photos/aarongustafson/305019436,data/desktop_scenes_batch5/manifest.csv
https://flickr.com/photos/abbybatchelder/5197261834,https://www.flickr.com/photos/abbybatchelder/5197261834,data/desktop_scenes_batch5/manifest.csv
https://flickr.com/photos/abhi_ryan/2444817523,https://www.flickr.com/photos/abhi_ryan/2444817523,data/desktop_scenes_batch4/manifest.csv
https://flickr.com/photos/adactio/15949798431,https://www.flickr.com/photos/adactio/15949798431,data/desktop_scenes_batch5/manifest.csv
https://flickr.com/photos/adamarthur/17359892,https://www.flickr.com/photos/adamarthur/17359892,data/desktop_scenes_batch5/manifest.csv
https://flickr.com/photos/adrianlasso/7891055356,https://www.flickr.com/photos/adrianlasso/7891055356,data/desktop_scenes_batch3/manifest.csv
https://flickr.com/photos/adventureswithbob/2448408450,https://www.flickr.com/photos/adventureswithbob/2448408450,data/desktop_scenes_batch3/manifest.csv
https://flickr.com/photos/adzy/327483597,https://www.flickr.com/photos/adzy/327483597,data/desktop_scenes_batch5/manifest.csv
https://flickr.com/photos/afge/15401091202,https://www.flickr.com/photos/afge/15401091202,data/desktop_scenes_batch5/manifest.csv
https://flickr.com/photos/afroswede/334591,https://www.flickr.com/photos/afroswede/334591,data/desktop_scenes_batch4/manifest.csv
https://flickr.com/photos/agingdragqueen/7701122574,https://www.flickr.com/photos/agingdragqueen/7701122574,data/desktop_scenes_batch5/manifest.csv
https://flickr.com/photos/ahayward/10905743,https://www.flickr.com/photos/ahayward/10905743,data/desktop_scenes_batch5/manifest.csv
https://flickr.com/photos/ahayward/14035246,https://www.flickr.com/photos/ahayward/14035246,data/desktop_scenes_batch3/manifest.csv
https://flickr.com/photos/aikos/31833268114,https://www.flickr.com/photos/aikos/31833268114,data/desktop_scenes_batch3/manifest.csv
https://flickr.com/photos/aikos/32554111821,https://www.flickr.com/photos/aikos/32554111821,data/desktop_scenes_batch3/manifest.csv
https://flickr.com/photos/aikos/5491150841,https://www.flickr.com/photos/aikos/5491150841,data/desktop_scenes_batch3/manifest.csv
https://flickr.com/photos/ainudil/2122938700,https://www.flickr.com/photos/ainudil/2122938700,data/desktop_scenes_batch5/manifest.csv
https://flickr.com/photos/ainudil/22821780198,https://www.flickr.com/photos/ainudil/22821780198,data/desktop_scenes_batch5/manifest.csv
https://flickr.com/photos/ainudil/230017938,https://www.flickr.com/photos/ainudil/230017938,data/desktop_scenes_batch5/manifest.csv
https://flickr.com/photos/ainudil/3244028532,https://www.flickr.com/photos/ainudil/3244028532,data/desktop_scenes_batch5/manifest.csv
https://flickr.com/photos/ainudil/507870351,https://www.flickr.com/photos/ainudil/507870351,data/desktop_scenes_batch3/manifest.csv
https://flickr.com/photos/ainudil/5326636922,https://www.flickr.com/photos/ainudil/5326636922,data/desktop_scenes_batch5/manifest.csv
https://flickr.com/photos/ajay_suresh/49875913303,https://www.flickr.com/photos/ajay_suresh/49875913303,data/desktop_scenes_batch3/manifest.csv
https://flickr.com/photos/alabut/4715196258,https://www.flickr.com/photos/alabut/4715196258,data/desktop_scenes_batch3/manifest.csv
https://flickr.com/photos/alamosbasement/3564909187,https://www.flickr.com/photos/alamosbasement/3564909187,data/desktop_scenes_batch5/manifest.csv
https://flickr.com/photos/alan-light/13983607507,https://www.flickr.com/photos/alan-light/13983607507,data/desktop_scenes_batch3/manifest.csv
https://flickr.com/photos/alan-light/17502756054,https://www.flickr.com/photos/alan-light/17502756054,data/desktop_scenes_batch3/manifest.csv
https://flickr.com/photos/alan-light/28463678312,https://www.flickr.com/photos/alan-light/28463678312,data/desktop_scenes_batch3/manifest.csv
https://flickr.com/photos/alan-light/6984152014,https://www.flickr.com/photos/alan-light/6984152014,data/desktop_scenes_batch3/manifest.csv
https://flickr.com/photos/alan-light/6984152996,https://www.flickr.com/photos/alan-light/6984152996,data/desktop_scenes_batch3/manifest.csv
https://flickr.com/photos/alan-light/7919085860,https://www.flickr.com/photos/alan-light/7919085860,data/desktop_scenes_batch3/manifest.csv
https://flickr.com/photos/aldern/507209511,https://www.flickr.com/photos/aldern/507209511,data/desktop_scenes_batch5/manifest.csv
https://flickr.com/photos/alexa627/92056264,https://www.flickr.com/photos/alexa627/92056264,data/desktop_scenes_batch5/manifest.csv
https://flickr.com/photos/alexbrn/4318048343,https://www.flickr.com/photos/alexbrn/4318048343,data/desktop_scenes_batch3/manifest.csv
https://flickr.com/photos/alexkerhead/4050517988,https://www.flickr.com/photos/alexkerhead/4050517988,data/desktop_scenes_batch5/manifest.csv
https://flickr.com/photos/aliedwards/1642331630,https://www.flickr.com/photos/aliedwards/1642331630,data/desktop_scenes_batch3/manifest.csv
https://flickr.com/photos/alismith44/357361903,https://www.flickr.com/photos/alismith44/357361903,data/desktop_scenes_batch3/manifest.csv
https://flickr.com/photos/alittlebird/8630493749,https://www.flickr.com/photos/alittlebird/8630493749,data/desktop_scenes_batch5/manifest.csv
https://flickr.com/photos/allaboutgeorge/4482341055,https://www.flickr.com/photos/allaboutgeorge/4482341055,data/desktop_scenes_batch5/manifest.csv
https://flickr.com/photos/allanhenderson/2287077114,https://www.flickr.com/photos/allanhenderson/2287077114,data/desktop_scenes_batch3/manifest.csv
https://flickr.com/photos/allanhenderson/5209716136,https://www.flickr.com/photos/allanhenderson/5209716136,data/desktop_scenes_batch3/manifest.csv
https://flickr.com/photos/aloha75/16320325059,https://www.flickr.com/photos/aloha75/16320325059,data/desktop_scenes_batch3/manifest.csv
https://flickr.com/photos/alper/10596663346,https://www.flickr.com/photos/alper/10596663346,data/desktop_scenes_batch5/manifest.csv
https://flickr.com/photos/alper/120440088,https://www.flickr.com/photos/alper/120440088,data/desktop_scenes_batch3/manifest.csv
https://flickr.com/photos/alper/12432889333,https://www.flickr.com/photos/alper/12432889333,data/desktop_scenes_batch3/manifest.csv
https://flickr.com/photos/alper/1356548679,https://www.flickr.com/photos/alper/1356548679,data/desktop_scenes_batch5/manifest.csv
https://flickr.com/photos/alper/15702165331,https://www.flickr.com/photos/alper/15702165331,data/desktop_scenes_batch3/manifest.csv
https://flickr.com/photos/alper/25943141870,https://www.flickr.com/photos/alper/25943141870,data/desktop_scenes_batch5/manifest.csv
https://flickr.com/photos/alper/2782215142,https://www.flickr.com/photos/alper/2782215142,data/desktop_scenes_batch3/manifest.csv
https://flickr.com/photos/alper/3856565754,https://www.flickr.com/photos/alper/3856565754,data/desktop_scenes_batch3/manifest.csv
https://flickr.com/photos/alper/9594726618,https://www.flickr.com/photos/alper/9594726618,data/desktop_scenes_batch5/manifest.csv
https://flickr.com/photos/alper/9802712893,https://www.flickr.com/photos/alper/9802712893,data/desktop_scenes_batch3/manifest.csv
https://flickr.com/photos/alreadytaken/167155969,https://www.flickr.com/photos/alreadytaken/167155969,data/desktop_scenes_batch4/manifest.csv
https://flickr.com/photos/altotemi/23464196971,https://www.flickr.com/photos/altotemi/23464196971,data/desktop_scenes_batch5/manifest.csv
https://flickr.com/photos/amagill/2373519184,https://www.flickr.com/photos/amagill/2373519184,data/desktop_scenes_batch5/manifest.csv
https://flickr.com/photos/amitp/80574064,https://www.flickr.com/photos/amitp/80574064,data/desktop_scenes_batch5/manifest.csv
https://flickr.com/photos/ammz/468077369,https://www.flickr.com/photos/ammz/468077369,data/desktop_scenes_batch4/manifest.csv
https://flickr.com/photos/ammz/56639428,https://www.flickr.com/photos/ammz/56639428,data/desktop_scenes_batch4/manifest.csv
https://flickr.com/photos/amorminopainting/6986614982,https://www.flickr.com/photos/amorminopainting/6986614982,data/desktop_scenes_batch3/manifest.csv
https://flickr.com/photos/anantablamichhane/16754755400,https://www.flickr.com/photos/anantablamichhane/16754755400,data/desktop_scenes_batch4/manifest.csv
https://flickr.com/photos/anantablamichhane/16916258456,https://www.flickr.com/photos/anantablamichhane/16916258456,data/desktop_scenes_batch4/manifest.csv
https://flickr.com/photos/anarchivist/310526230,https://www.flickr.com/photos/anarchivist/310526230,data/desktop_scenes_batch5/manifest.csv
https://flickr.com/photos/anaulin/188266183,https://www.flickr.com/photos/anaulin/188266183,data/desktop_scenes_batch3/manifest.csv
https://flickr.com/photos/andertoons-cartoons/208170271,https://www.flickr.com/photos/andertoons-cartoons/208170271,data/desktop_scenes_batch5/manifest.csv
https://flickr.com/photos/andreweason/3292720274,https://www.flickr.com/photos/andreweason/3292720274,data/desktop_scenes_batch3/manifest.csv
https://flickr.com/photos/andyarthur/6310462784,https://www.flickr.com/photos/andyarthur/6310462784,data/desktop_scenes_batch3/manifest.csv
https://flickr.com/photos/andybutkaj/405145961,https://www.flickr.com/photos/andybutkaj/405145961,data/desktop_scenes_batch3/manifest.csv
https://flickr.com/photos/andymag/42521870280,https://www.flickr.com/photos/andymag/42521870280,data/desktop_scenes_batch3/manifest.csv
https://flickr.com/photos/andynash/13465091585,https://www.flickr.com/photos/andynash/13465091585,data/desktop_scenes_batch3/manifest.csv
https://flickr.com/photos/anilbhatt/8027081015,https://www.flickr.com/photos/anilbhatt/8027081015,data/desktop_scenes_batch3/manifest.csv
https://flickr.com/photos/anks/4256427576,https://www.flickr.com/photos/anks/4256427576,data/desktop_scenes_batch5/manifest.csv
https://flickr.com/photos/anniemole/5992634696,https://www.flickr.com/photos/anniemole/5992634696,data/desktop_scenes_batch3/manifest.csv
https://flickr.com/photos/anniemole/5992635174,https://www.flickr.com/photos/anniemole/5992635174,data/desktop_scenes_batch3/manifest.csv
https://flickr.com/photos/anoopkumar/9453461331,https://www.flickr.com/photos/anoopkumar/9453461331,data/desktop_scenes_batch3/manifest.csv
https://flickr.com/photos/anoopkumar/9453465535,https://www.flickr.com/photos/anoopkumar/9453465535,data/desktop_scenes_batch3/manifest.csv
https://flickr.com/photos/antmoose/4193480948,https://www.flickr.com/photos/antmoose/4193480948,data/desktop_scenes_batch5/manifest.csv
https://flickr.com/photos/apartmentshowcase/25865322980,https://www.flickr.com/photos/apartmentshowcase/25865322980,data/desktop_scenes_batch5/manifest.csv
https://flickr.com/photos/apartmentshowcase/26138171635,https://www.flickr.com/photos/apartmentshowcase/26138171635,data/desktop_scenes_batch4/manifest.csv
https://flickr.com/photos/apes_abroad/4690659482,https://www.flickr.com/photos/apes_abroad/4690659482,data/desktop_scenes_batch5/manifest.csv
https://flickr.com/photos/aplumb/5316649805,https://www.flickr.com/photos/aplumb/5316649805,data/desktop_scenes_batch4/manifest.csv
https://flickr.com/photos/apreche/157368352,https://www.flickr.com/photos/apreche/157368352,data/desktop_scenes_batch5/manifest.csv
https://flickr.com/photos/aranach/27604434264,https://www.flickr.com/photos/aranach/27604434264,data/desktop_scenes_batch5/manifest.csv
https://flickr.com/photos/archer10/19983634703,https://www.flickr.com/photos/archer10/19983634703,data/desktop_scenes_batch3/manifest.csv
https://flickr.com/photos/archer10/8176655660,https://www.flickr.com/photos/archer10/8176655660,data/desktop_scenes_batch3/manifest.csv
https://flickr.com/photos/archer10/8176813207,https://www.flickr.com/photos/archer10/8176813207,data/desktop_scenes_batch5/manifest.csv
https://flickr.com/photos/arcticwarrior/27634029703,https://www.flickr.com/photos/arcticwarrior/27634029703,data/desktop_scenes_batch3/manifest.csv
https://flickr.com/photos/arcticwarrior/7757297340,https://www.flickr.com/photos/arcticwarrior/7757297340,data/desktop_scenes_batch3/manifest.csv
https://flickr.com/photos/arenamontanus/2814430306,https://www.flickr.com/photos/arenamontanus/2814430306,data/desktop_scenes_batch3/manifest.csv
https://flickr.com/photos/arika/4068087532,https://www.flickr.com/photos/arika/4068087532,data/desktop_scenes_batch4/manifest.csv
https://flickr.com/photos/armydre2008/3338582803,https://www.flickr.com/photos/armydre2008/3338582803,data/desktop_scenes_batch5/manifest.csv
https://flickr.com/photos/armydre2008/4439394608,https://www.flickr.com/photos/armydre2008/4439394608,data/desktop_scenes_batch4/manifest.csv
https://flickr.com/photos/arne_heggestad/17802900,https://www.flickr.com/photos/arne_heggestad/17802900,data/desktop_scenes_batch3/manifest.csv
https://flickr.com/photos/arne_heggestad/86491715,https://www.flickr.com/photos/arne_heggestad/86491715,data/desktop_scenes_batch4/manifest.csv
https://flickr.com/photos/aroberts/8721324022,https://www.flickr.com/photos/aroberts/8721324022,data/desktop_scenes_batch3/manifest.csv
https://flickr.com/photos/aromano/3859695555,https://www.flickr.com/photos/aromano/3859695555,data/desktop_scenes_batch3/manifest.csv
https://flickr.com/photos/artdecodude/5860752454,https://www.flickr.com/photos/artdecodude/5860752454,data/desktop_scenes_batch3/manifest.csv
https://flickr.com/photos/artsylens/4711300310,https://www.flickr.com/photos/artsylens/4711300310,data/desktop_scenes_batch5/manifest.csv
https://flickr.com/photos/arvindgrover/3171161577,https://www.flickr.com/photos/arvindgrover/3171161577,data/desktop_scenes_batch4/manifest.csv
https://flickr.com/photos/ashkyd/5130194926,https://www.flickr.com/photos/ashkyd/5130194926,data/desktop_scenes_batch3/manifest.csv
https://flickr.com/photos/ashkyd/5651859572,https://www.flickr.com/photos/ashkyd/5651859572,data/desktop_scenes_batch5/manifest.csv
https://flickr.com/photos/asiyaqureshi/7980528927,https://www.flickr.com/photos/asiyaqureshi/7980528927,data/desktop_scenes_batch3/manifest.csv
https://flickr.com/photos/atalaya/7063339289,https://www.flickr.com/photos/atalaya/7063339289,data/desktop_scenes_batch5/manifest.csv
https://flickr.com/photos/atbartlett/3069911856,https://www.flickr.com/photos/atbartlett/3069911856,data/desktop_scenes_batch4/manifest.csv
https://flickr.com/photos/athomson/4918518441,https://www.flickr.com/photos/athomson/4918518441,data/desktop_scenes_batch3/manifest.csv
https://flickr.com/photos/aubergene/4862437275,https://www.flickr.com/photos/aubergene/4862437275,data/desktop_scenes_batch4/manifest.csv
https://flickr.com/photos/aucklandmuseum_collections/51360067208,https://www.flickr.com/photos/aucklandmuseum_collections/51360067208,data/desktop_scenes_batch5/manifest.csv
https://flickr.com/photos/aucklandmuseum_collections/51360570909,https://www.flickr.com/photos/aucklandmuseum_collections/51360570909,data/desktop_scenes_batch5/manifest.csv
https://flickr.com/photos/aucklandmuseum_collections/51360572479,https://www.flickr.com/photos/aucklandmuseum_collections/51360572479,data/desktop_scenes_batch5/manifest.csv
https://flickr.com/photos/audinou/3285459804,https://www.flickr.com/photos/audinou/3285459804,data/desktop_scenes_batch4/manifest.csv
https://flickr.com/photos/averagejane/2154941844,https://www.flickr.com/photos/averagejane/2154941844,data/desktop_scenes_batch3/manifest.csv
https://flickr.com/photos/avlxyz/179696379,https://www.flickr.com/photos/avlxyz/179696379,data/desktop_scenes_batch5/manifest.csv
https://flickr.com/photos/avlxyz/2237853159,https://www.flickr.com/photos/avlxyz/2237853159,data/desktop_scenes_batch3/manifest.csv
https://flickr.com/photos/avlxyz/608675514,https://www.flickr.com/photos/avlxyz/608675514,data/desktop_scenes_batch3/manifest.csv
https://flickr.com/photos/avlxyz/77080881,https://www.flickr.com/photos/avlxyz/77080881,data/desktop_scenes_batch5/manifest.csv
https://flickr.com/photos/axelhartmann/14126454462,https://www.flickr.com/photos/axelhartmann/14126454462,data/desktop_scenes_batch3/manifest.csv
https://flickr.com/photos/axelhartmann/27310447685,https://www.flickr.com/photos/axelhartmann/27310447685,data/desktop_scenes_batch3/manifest.csv
https://flickr.com/photos/b0000per/6612083703,https://www.flickr.com/photos/b0000per/6612083703,data/desktop_scenes_batch3/manifest.csv
https://flickr.com/photos/ballena/3311927371,https://www.flickr.com/photos/ballena/3311927371,data/desktop_scenes_batch4/manifest.csv
https://flickr.com/photos/barto/28135419,https://www.flickr.com/photos/barto/28135419,data/desktop_scenes_batch3/manifest.csv
https://flickr.com/photos/basictheory/144975232,https://www.flickr.com/photos/basictheory/144975232,data/desktop_scenes_batch5/manifest.csv
https://flickr.com/photos/basictheory/372938185,https://www.flickr.com/photos/basictheory/372938185,data/desktop_scenes_batch5/manifest.csv
https://flickr.com/photos/bastique/15896868760,https://www.flickr.com/photos/bastique/15896868760,data/desktop_scenes_batch5/manifest.csv
https://flickr.com/photos/battlewagon/282884760,https://www.flickr.com/photos/battlewagon/282884760,data/desktop_scenes_batch3/manifest.csv
https://flickr.com/photos/bazzadarambler/5532365003,https://www.flickr.com/photos/bazzadarambler/5532365003,data/desktop_scenes_batch3/manifest.csv
https://flickr.com/photos/bbmiller/25464296938,https://www.flickr.com/photos/bbmiller/25464296938,data/desktop_scenes_batch4/manifest.csv
https://flickr.com/photos/beccapie/942641749,https://www.flickr.com/photos/beccapie/942641749,data/desktop_scenes_batch3/manifest.csv
https://flickr.com/photos/beckyfiedler/33723047,https://www.flickr.com/photos/beckyfiedler/33723047,data/desktop_scenes_batch3/manifest.csv
https://flickr.com/photos/befuddledsenses/483097020,https://www.flickr.com/photos/befuddledsenses/483097020,data/desktop_scenes_batch3/manifest.csv
https://flickr.com/photos/beigephotos/70326675,https://www.flickr.com/photos/beigephotos/70326675,data/desktop_scenes_batch3/manifest.csv
https://flickr.com/photos/bekathwia/1460209202,https://www.flickr.com/photos/bekathwia/1460209202,data/desktop_scenes_batch3/manifest.csv
https://flickr.com/photos/bekathwia/2184834274,https://www.flickr.com/photos/bekathwia/2184834274,data/desktop_scenes_batch3/manifest.csv
https://flickr.com/photos/bekathwia/2799365829,https://www.flickr.com/photos/bekathwia/2799365829,data/desktop_scenes_batch3/manifest.csv
https://flickr.com/photos/bekathwia/2800212486,https://www.flickr.com/photos/bekathwia/2800212486,data/desktop_scenes_batch3/manifest.csv
https://flickr.com/photos/beleaveme/4092287211,https://www.flickr.com/photos/beleaveme/4092287211,data/desktop_scenes_batch5/manifest.csv
https://flickr.com/photos/bellafaye8/13319109825,https://www.flickr.com/photos/bellafaye8/13319109825,data/desktop_scenes_batch3/manifest.csv
https://flickr.com/photos/bellemarematt/51325745555,https://www.flickr.com/photos/bellemarematt/51325745555,data/desktop_scenes_batch3/manifest.csv
https://flickr.com/photos/bellemarematt/52312510584,https://www.flickr.com/photos/bellemarematt/52312510584,data/desktop_scenes_batch3/manifest.csv
https://flickr.com/photos/beltzner/3809720952,https://www.flickr.com/photos/beltzner/3809720952,data/desktop_scenes_batch5/manifest.csv
https://flickr.com/photos/beltzner/3811677026,https://www.flickr.com/photos/beltzner/3811677026,data/desktop_scenes_batch5/manifest.csv
https://flickr.com/photos/bendb/4725168163,https://www.flickr.com/photos/bendb/4725168163,data/desktop_scenes_batch4/manifest.csv
https://flickr.com/photos/bennyseidelman/25620203250,https://www.flickr.com/photos/bennyseidelman/25620203250,data/desktop_scenes_batch3/manifest.csv
https://flickr.com/photos/benzado/103304556,https://www.flickr.com/photos/benzado/103304556,data/desktop_scenes_batch3/manifest.csv
https://flickr.com/photos/beppebucco/9069663859,https://www.flickr.com/photos/beppebucco/9069663859,data/desktop_scenes_batch3/manifest.csv
https://flickr.com/photos/bergie/4617614521,https://www.flickr.com/photos/bergie/4617614521,data/desktop_scenes_batch5/manifest.csv
https://flickr.com/photos/best4garden/9015626805,https://www.flickr.com/photos/best4garden/9015626805,data/desktop_scenes_batch3/manifest.csv
https://flickr.com/photos/betsssssy/8132751333,https://www.flickr.com/photos/betsssssy/8132751333,data/desktop_scenes_batch3/manifest.csv
https://flickr.com/photos/bexwalton/33404979355,https://www.flickr.com/photos/bexwalton/33404979355,data/desktop_scenes_batch3/manifest.csv
https://flickr.com/photos/bezznet/51392726641,https://www.flickr.com/photos/bezznet/51392726641,data/desktop_scenes_batch5/manifest.csv
https://flickr.com/photos/bfishadow/11364665405,https://www.flickr.com/photos/bfishadow/11364665405,data/desktop_scenes_batch5/manifest.csv
https://flickr.com/photos/bfsminid/3786434163,https://www.flickr.com/photos/bfsminid/3786434163,data/desktop_scenes_batch5/manifest.csv
https://flickr.com/photos/bfsminid/3787247078,https://www.flickr.com/photos/bfsminid/3787247078,data/desktop_scenes_batch5/manifest.csv
https://flickr.com/photos/bfsminid/420316820,https://www.flickr.com/photos/bfsminid/420316820,data/desktop_scenes_batch5/manifest.csv
https://flickr.com/photos/bigbold/2240925351,https://www.flickr.com/photos/bigbold/2240925351,data/desktop_scenes_batch5/manifest.csv
https://flickr.com/photos/bigiain/5203006907,https://www.flickr.com/photos/bigiain/5203006907,data/desktop_scenes_batch3/manifest.csv
https://flickr.com/photos/biglesp/7050175643,https://www.flickr.com/photos/biglesp/7050175643,data/desktop_scenes_batch5/manifest.csv
https://flickr.com/photos/bigshock/2083977553,https://www.flickr.com/photos/bigshock/2083977553,data/desktop_scenes_batch3/manifest.csv
https://flickr.com/photos/bigshock/3441621939,https://www.flickr.com/photos/bigshock/3441621939,data/desktop_scenes_batch5/manifest.csv
https://flickr.com/photos/bigshock/534797066,https://www.flickr.com/photos/bigshock/534797066,data/desktop_scenes_batch5/manifest.csv
https://flickr.com/photos/bikashdas/17390699902,https://www.flickr.com/photos/bikashdas/17390699902,data/desktop_scenes_batch5/manifest.csv
https://flickr.com/photos/bilderschachtelphotography/21685094674,https://www.flickr.com/photos/bilderschachtelphotography/21685094674,data/desktop_scenes_batch3/manifest.csv
https://flickr.com/photos/billymillardphotography/27085251788,https://www.flickr.com/photos/billymillardphotography/27085251788,data/desktop_scenes_batch5/manifest.csv
https://flickr.com/photos/bionicteaching/16327302927,https://www.flickr.com/photos/bionicteaching/16327302927,data/desktop_scenes_batch3/manifest.csv
https://flickr.com/photos/bionicteaching/16598625858,https://www.flickr.com/photos/bionicteaching/16598625858,data/desktop_scenes_batch3/manifest.csv
https://flickr.com/photos/birdsaspoetry/52916350095,https://www.flickr.com/photos/birdsaspoetry/52916350095,data/desktop_scenes_batch3/manifest.csv
https://flickr.com/photos/bizmac/16332750147,https://www.flickr.com/photos/bizmac/16332750147,data/desktop_scenes_batch3/manifest.csv
https://flickr.com/photos/bjornb/1626029,https://www.flickr.com/photos/bjornb/1626029,data/desktop_scenes_batch5/manifest.csv
https://flickr.com/photos/bjornmeansbear/35552718490,https://www.flickr.com/photos/bjornmeansbear/35552718490,data/desktop_scenes_batch3/manifest.csv
https://flickr.com/photos/blakespot/2377583609,https://www.flickr.com/photos/blakespot/2377583609,data/desktop_scenes_batch5/manifest.csv
https://flickr.com/photos/blakespot/2391598097,https://www.flickr.com/photos/blakespot/2391598097,data/desktop_scenes_batch5/manifest.csv
https://flickr.com/photos/blakespot/2404029374,https://www.flickr.com/photos/blakespot/2404029374,data/desktop_scenes_batch4/manifest.csv
https://flickr.com/photos/blakespot/25316456261,https://www.flickr.com/photos/blakespot/25316456261,data/desktop_scenes_batch4/manifest.csv
https://flickr.com/photos/blakespot/29211789676,https://www.flickr.com/photos/blakespot/29211789676,data/desktop_scenes_batch4/manifest.csv
https://flickr.com/photos/blakespot/2968210374,https://www.flickr.com/photos/blakespot/2968210374,data/desktop_scenes_batch4/manifest.csv
https://flickr.com/photos/blakespot/33675447884,https://www.flickr.com/photos/blakespot/33675447884,data/desktop_scenes_batch3/manifest.csv
https://flickr.com/photos/blmaz/26095688413,https://www.flickr.com/photos/blmaz/26095688413,data/desktop_scenes_batch5/manifest.csv
https://flickr.com/photos/blmaz/26699738355,https://www.flickr.com/photos/blmaz/26699738355,data/desktop_scenes_batch5/manifest.csv
https://flickr.com/photos/blmnevada/32016619220,https://www.flickr.com/photos/blmnevada/32016619220,data/desktop_scenes_batch3/manifest.csv
https://flickr.com/photos/blmoregon/33175318644,https://www.flickr.com/photos/blmoregon/33175318644,data/desktop_scenes_batch3/manifest.csv
https://flickr.com/photos/blmurch/371239529,https://www.flickr.com/photos/blmurch/371239529,data/desktop_scenes_batch5/manifest.csv
https://flickr.com/photos/blmurch/80628510,https://www.flickr.com/photos/blmurch/80628510,data/desktop_scenes_batch3/manifest.csv
https://flickr.com/photos/blmurch/80628930,https://www.flickr.com/photos/blmurch/80628930,data/desktop_scenes_batch3/manifest.csv
https://flickr.com/photos/blondinrikard/22683813755,https://www.flickr.com/photos/blondinrikard/22683813755,data/desktop_scenes_batch5/manifest.csv
https://flickr.com/photos/blondinrikard/33391223338,https://www.flickr.com/photos/blondinrikard/33391223338,data/desktop_scenes_batch5/manifest.csv
https://flickr.com/photos/bludgeoner86/322940783,https://www.flickr.com/photos/bludgeoner86/322940783,data/desktop_scenes_batch3/manifest.csv
https://flickr.com/photos/blupics/1011455612,https://www.flickr.com/photos/blupics/1011455612,data/desktop_scenes_batch5/manifest.csv
https://flickr.com/photos/bob406/3174037005,https://www.flickr.com/photos/bob406/3174037005,data/desktop_scenes_batch3/manifest.csv
https://flickr.com/photos/bob406/6121351865,https://www.flickr.com/photos/bob406/6121351865,data/desktop_scenes_batch3/manifest.csv
https://flickr.com/photos/bobolink/6235120485,https://www.flickr.com/photos/bobolink/6235120485,data/desktop_scenes_batch5/manifest.csv
https://flickr.com/photos/bochalla/1849345729,https://www.flickr.com/photos/bochalla/1849345729,data/desktop_scenes_batch3/manifest.csv
https://flickr.com/photos/boltonbusinessfinance/51081312647,https://www.flickr.com/photos/boltonbusinessfinance/51081312647,data/desktop_scenes_batch5/manifest.csv
https://flickr.com/photos/bonappetitcatering-ulv/15067587635,https://www.flickr.com/photos/bonappetitcatering-ulv/15067587635,data/desktop_scenes_batch3/manifest.csv
https://flickr.com/photos/bonsoni_uk/11755704865,https://www.flickr.com/photos/bonsoni_uk/11755704865,data/desktop_scenes_batch5/manifest.csv
https://flickr.com/photos/bonsoni_uk/11755913343,https://www.flickr.com/photos/bonsoni_uk/11755913343,data/desktop_scenes_batch3/manifest.csv
https://flickr.com/photos/bonsoni_uk/11755940773,https://www.flickr.com/photos/bonsoni_uk/11755940773,data/desktop_scenes_batch3/manifest.csv
https://flickr.com/photos/bonsoni_uk/11755946643,https://www.flickr.com/photos/bonsoni_uk/11755946643,data/desktop_scenes_batch5/manifest.csv
https://flickr.com/photos/bonsoni_uk/11755948853,https://www.flickr.com/photos/bonsoni_uk/11755948853,data/desktop_scenes_batch3/manifest.csv
https://flickr.com/photos/bonsoni_uk/11755949773,https://www.flickr.com/photos/bonsoni_uk/11755949773,data/desktop_scenes_batch5/manifest.csv
https://flickr.com/photos/bonsoni_uk/11755954663,https://www.flickr.com/photos/bonsoni_uk/11755954663,data/desktop_scenes_batch3/manifest.csv
https://flickr.com/photos/bonsoni_uk/11756101354,https://www.flickr.com/photos/bonsoni_uk/11756101354,data/desktop_scenes_batch3/manifest.csv
https://flickr.com/photos/bonsoni_uk/11756102794,https://www.flickr.com/photos/bonsoni_uk/11756102794,data/desktop_scenes_batch3/manifest.csv
https://flickr.com/photos/bonsoni_uk/11756108384,https://www.flickr.com/photos/bonsoni_uk/11756108384,data/desktop_scenes_batch3/manifest.csv
https://flickr.com/photos/bonsoni_uk/11756111564,https://www.flickr.com/photos/bonsoni_uk/11756111564,data/desktop_scenes_batch5/manifest.csv
https://flickr.com/photos/bonsoni_uk/11756112704,https://www.flickr.com/photos/bonsoni_uk/11756112704,data/desktop_scenes_batch5/manifest.csv
https://flickr.com/photos/bonsoni_uk/11756309943,https://www.flickr.com/photos/bonsoni_uk/11756309943,data/desktop_scenes_batch5/manifest.csv
https://flickr.com/photos/bonsoni_uk/11756409906,https://www.flickr.com/photos/bonsoni_uk/11756409906,data/desktop_scenes_batch3/manifest.csv
https://flickr.com/photos/bonsoni_uk/11756442936,https://www.flickr.com/photos/bonsoni_uk/11756442936,data/desktop_scenes_batch3/manifest.csv
https://flickr.com/photos/bonsoni_uk/11756449246,https://www.flickr.com/photos/bonsoni_uk/11756449246,data/desktop_scenes_batch3/manifest.csv
https://flickr.com/photos/bonsoni_uk/11756462884,https://www.flickr.com/photos/bonsoni_uk/11756462884,data/desktop_scenes_batch4/manifest.csv
https://flickr.com/photos/bonsoni_uk/11756463354,https://www.flickr.com/photos/bonsoni_uk/11756463354,data/desktop_scenes_batch5/manifest.csv
https://flickr.com/photos/bonsoni_uk/11756807636,https://www.flickr.com/photos/bonsoni_uk/11756807636,data/desktop_scenes_batch5/manifest.csv
https://flickr.com/photos/bonsoni_uk/11780473096,https://www.flickr.com/photos/bonsoni_uk/11780473096,data/desktop_scenes_batch3/manifest.csv
https://flickr.com/photos/bonsoni_uk/11785757286,https://www.flickr.com/photos/bonsoni_uk/11785757286,data/desktop_scenes_batch3/manifest.csv
https://flickr.com/photos/bonsoni_uk/11785759206,https://www.flickr.com/photos/bonsoni_uk/11785759206,data/desktop_scenes_batch3/manifest.csv
https://flickr.com/photos/bonsoni_uk/11785785486,https://www.flickr.com/photos/bonsoni_uk/11785785486,data/desktop_scenes_batch3/manifest.csv
https://flickr.com/photos/bonsoni_uk/11795977415,https://www.flickr.com/photos/bonsoni_uk/11795977415,data/desktop_scenes_batch3/manifest.csv
https://flickr.com/photos/bonsoni_uk/11795978195,https://www.flickr.com/photos/bonsoni_uk/11795978195,data/desktop_scenes_batch3/manifest.csv
https://flickr.com/photos/bonsoni_uk/11796227983,https://www.flickr.com/photos/bonsoni_uk/11796227983,data/desktop_scenes_batch3/manifest.csv
https://flickr.com/photos/bonsoni_uk/11796228133,https://www.flickr.com/photos/bonsoni_uk/11796228133,data/desktop_scenes_batch3/manifest.csv
https://flickr.com/photos/bonsoni_uk/11796228803,https://www.flickr.com/photos/bonsoni_uk/11796228803,data/desktop_scenes_batch3/manifest.csv
https://flickr.com/photos/bonsoni_uk/11796396434,https://www.flickr.com/photos/bonsoni_uk/11796396434,data/desktop_scenes_batch3/manifest.csv
https://flickr.com/photos/bonsoni_uk/11796396924,https://www.flickr.com/photos/bonsoni_uk/11796396924,data/desktop_scenes_batch3/manifest.csv
https://flickr.com/photos/bonsoni_uk/11796740876,https://www.flickr.com/photos/bonsoni_uk/11796740876,data/desktop_scenes_batch3/manifest.csv
https://flickr.com/photos/bonsoni_uk/11815666145,https://www.flickr.com/photos/bonsoni_uk/11815666145,data/desktop_scenes_batch3/manifest.csv
https://flickr.com/photos/bonsoni_uk/11815671835,https://www.flickr.com/photos/bonsoni_uk/11815671835,data/desktop_scenes_batch3/manifest.csv
https://flickr.com/photos/bonsoni_uk/11815926923,https://www.flickr.com/photos/bonsoni_uk/11815926923,data/desktop_scenes_batch3/manifest.csv
https://flickr.com/photos/bonsoni_uk/11816083404,https://www.flickr.com/photos/bonsoni_uk/11816083404,data/desktop_scenes_batch3/manifest.csv
https://flickr.com/photos/bonsoni_uk/11816085314,https://www.flickr.com/photos/bonsoni_uk/11816085314,data/desktop_scenes_batch3/manifest.csv
https://flickr.com/photos/bonsoni_uk/11835557535,https://www.flickr.com/photos/bonsoni_uk/11835557535,data/desktop_scenes_batch3/manifest.csv
https://flickr.com/photos/bonsoni_uk/11836335096,https://www.flickr.com/photos/bonsoni_uk/11836335096,data/desktop_scenes_batch3/manifest.csv
https://flickr.com/photos/bonsoni_uk/12172074125,https://www.flickr.com/photos/bonsoni_uk/12172074125,data/desktop_scenes_batch3/manifest.csv
https://flickr.com/photos/bontempscharly/3384155292,https://www.flickr.com/photos/bontempscharly/3384155292,data/desktop_scenes_batch3/manifest.csv
https://flickr.com/photos/bootbearwdc/225532229,https://www.flickr.com/photos/bootbearwdc/225532229,data/desktop_scenes_batch5/manifest.csv
https://flickr.com/photos/bootbearwdc/2444300064,https://www.flickr.com/photos/bootbearwdc/2444300064,data/desktop_scenes_batch5/manifest.csv
https://flickr.com/photos/bootbearwdc/92412975,https://www.flickr.com/photos/bootbearwdc/92412975,data/desktop_scenes_batch5/manifest.csv
https://flickr.com/photos/bovinity/3064608015,https://www.flickr.com/photos/bovinity/3064608015,data/desktop_scenes_batch5/manifest.csv
https://flickr.com/photos/bowler4ever/3799205690,https://www.flickr.com/photos/bowler4ever/3799205690,data/desktop_scenes_batch4/manifest.csv
https://flickr.com/photos/boyfrom_bare/52191660511,https://www.flickr.com/photos/boyfrom_bare/52191660511,data/desktop_scenes_batch3/manifest.csv
https://flickr.com/photos/boyfrom_bare/53341206532,https://www.flickr.com/photos/boyfrom_bare/53341206532,data/desktop_scenes_batch3/manifest.csv
https://flickr.com/photos/bptakoma/3237596380,https://www.flickr.com/photos/bptakoma/3237596380,data/desktop_scenes_batch5/manifest.csv
https://flickr.com/photos/bptakoma/5302837947,https://www.flickr.com/photos/bptakoma/5302837947,data/desktop_scenes_batch3/manifest.csv
https://flickr.com/photos/bptakoma/5303428566,https://www.flickr.com/photos/bptakoma/5303428566,data/desktop_scenes_batch3/manifest.csv
https://flickr.com/photos/bptakoma/5398240470,https://www.flickr.com/photos/bptakoma/5398240470,data/desktop_scenes_batch3/manifest.csv
https://flickr.com/photos/bradleypjohnson/6138645073,https://www.flickr.com/photos/bradleypjohnson/6138645073,data/desktop_scenes_batch3/manifest.csv
https://flickr.com/photos/bradtopar/8108778029,https://www.flickr.com/photos/bradtopar/8108778029,data/desktop_scenes_batch3/manifest.csv
https://flickr.com/photos/brandie/2556866568,https://www.flickr.com/photos/brandie/2556866568,data/desktop_scenes_batch3/manifest.csv
https://flickr.com/photos/breatheindigital/7875433486,https://www.flickr.com/photos/breatheindigital/7875433486,data/desktop_scenes_batch3/manifest.csv
https://flickr.com/photos/brendanarthurring/7738080148,https://www.flickr.com/photos/brendanarthurring/7738080148,data/desktop_scenes_batch5/manifest.csv
https://flickr.com/photos/brendanarthurring/7738108398,https://www.flickr.com/photos/brendanarthurring/7738108398,data/desktop_scenes_batch5/manifest.csv
https://flickr.com/photos/brenneman/5214268836,https://www.flickr.com/photos/brenneman/5214268836,data/desktop_scenes_batch3/manifest.csv
https://flickr.com/photos/brento/4338439363,https://www.flickr.com/photos/brento/4338439363,data/desktop_scenes_batch3/manifest.csv
https://flickr.com/photos/brewbooks/15388372627,https://www.flickr.com/photos/brewbooks/15388372627,data/desktop_scenes_batch3/manifest.csv
https://flickr.com/photos/brewbooks/15550685686,https://www.flickr.com/photos/brewbooks/15550685686,data/desktop_scenes_batch5/manifest.csv
https://flickr.com/photos/brianrlawson/2227146555,https://www.flickr.com/photos/brianrlawson/2227146555,data/desktop_scenes_batch3/manifest.csv
https://flickr.com/photos/brianrlawson/2236925690,https://www.flickr.com/photos/brianrlawson/2236925690,data/desktop_scenes_batch3/manifest.csv
https://flickr.com/photos/brianteutsch/183107172,https://www.flickr.com/photos/brianteutsch/183107172,data/desktop_scenes_batch5/manifest.csv
https://flickr.com/photos/brownmichaelt/50539930446,https://www.flickr.com/photos/brownmichaelt/50539930446,data/desktop_scenes_batch5/manifest.csv
https://flickr.com/photos/brunogirin/2274947505,https://www.flickr.com/photos/brunogirin/2274947505,data/desktop_scenes_batch3/manifest.csv
https://flickr.com/photos/bryanalexander/49906292982,https://www.flickr.com/photos/bryanalexander/49906292982,data/desktop_scenes_batch3/manifest.csv
https://flickr.com/photos/bryanzug/16508151867,https://www.flickr.com/photos/bryanzug/16508151867,data/desktop_scenes_batch5/manifest.csv
https://flickr.com/photos/bsabarnowl/6336242730,https://www.flickr.com/photos/bsabarnowl/6336242730,data/desktop_scenes_batch5/manifest.csv
https://flickr.com/photos/bulknews/3080186226,https://www.flickr.com/photos/bulknews/3080186226,data/desktop_scenes_batch3/manifest.csv
https://flickr.com/photos/bumeister/21856492289,https://www.flickr.com/photos/bumeister/21856492289,data/desktop_scenes_batch3/manifest.csv
https://flickr.com/photos/bumeister/22031032482,https://www.flickr.com/photos/bumeister/22031032482,data/desktop_scenes_batch3/manifest.csv
https://flickr.com/photos/bumeister/22043383425,https://www.flickr.com/photos/bumeister/22043383425,data/desktop_scenes_batch3/manifest.csv
https://flickr.com/photos/byzantiumbooks/29662947842,https://www.flickr.com/photos/byzantiumbooks/29662947842,data/desktop_scenes_batch3/manifest.csv
https://flickr.com/photos/byzantiumbooks/29848946286,https://www.flickr.com/photos/byzantiumbooks/29848946286,data/desktop_scenes_batch3/manifest.csv
https://flickr.com/photos/byzantiumbooks/40286161320,https://www.flickr.com/photos/byzantiumbooks/40286161320,data/desktop_scenes_batch5/manifest.csv
https://flickr.com/photos/byzantiumbooks/45629813924,https://www.flickr.com/photos/byzantiumbooks/45629813924,data/desktop_scenes_batch5/manifest.csv
https://flickr.com/photos/byzantiumbooks/48620335467,https://www.flickr.com/photos/byzantiumbooks/48620335467,data/desktop_scenes_batch3/manifest.csv
https://flickr.com/photos/bzo/41056687,https://www.flickr.com/photos/bzo/41056687,data/desktop_scenes_batch5/manifest.csv
https://flickr.com/photos/c-b-campbell/33820291914,https://www.flickr.com/photos/c-b-campbell/33820291914,data/desktop_scenes_batch3/manifest.csv
https://flickr.com/photos/c0t0s0d0/1856568300,https://www.flickr.com/photos/c0t0s0d0/1856568300,data/desktop_scenes_batch3/manifest.csv
https://flickr.com/photos/cabhc/29447988210,https://www.flickr.com/photos/cabhc/29447988210,data/desktop_scenes_batch5/manifest.csv
https://flickr.com/photos/cabhc/51650525205,https://www.flickr.com/photos/cabhc/51650525205,data/desktop_scenes_batch3/manifest.csv
https://flickr.com/photos/cafecredit/31192595936,https://www.flickr.com/photos/cafecredit/31192595936,data/desktop_scenes_batch3/manifest.csv
https://flickr.com/photos/caitlinator/2972159953,https://www.flickr.com/photos/caitlinator/2972159953,data/desktop_scenes_batch5/manifest.csv
https://flickr.com/photos/caitlinator/90510565,https://www.flickr.com/photos/caitlinator/90510565,data/desktop_scenes_batch3/manifest.csv
https://flickr.com/photos/caius/2368546378,https://www.flickr.com/photos/caius/2368546378,data/desktop_scenes_batch4/manifest.csv
https://flickr.com/photos/cajsa_lilliehook/11350831003,https://www.flickr.com/photos/cajsa_lilliehook/11350831003,data/desktop_scenes_batch5/manifest.csv
https://flickr.com/photos/cajsa_lilliehook/16235658804,https://www.flickr.com/photos/cajsa_lilliehook/16235658804,data/desktop_scenes_batch5/manifest.csv
https://flickr.com/photos/cajsa_lilliehook/16711037479,https://www.flickr.com/photos/cajsa_lilliehook/16711037479,data/desktop_scenes_batch3/manifest.csv
https://flickr.com/photos/cajsa_lilliehook/16832154146,https://www.flickr.com/photos/cajsa_lilliehook/16832154146,data/desktop_scenes_batch5/manifest.csv
https://flickr.com/photos/cajsa_lilliehook/16856862552,https://www.flickr.com/photos/cajsa_lilliehook/16856862552,data/desktop_scenes_batch5/manifest.csv
https://flickr.com/photos/cajsa_lilliehook/16856865302,https://www.flickr.com/photos/cajsa_lilliehook/16856865302,data/desktop_scenes_batch5/manifest.csv
https://flickr.com/photos/cajsa_lilliehook/16856985751,https://www.flickr.com/photos/cajsa_lilliehook/16856985751,data/desktop_scenes_batch5/manifest.csv
https://flickr.com/photos/cajsa_lilliehook/16856986691,https://www.flickr.com/photos/cajsa_lilliehook/16856986691,data/desktop_scenes_batch5/manifest.csv
https://flickr.com/photos/cajsa_lilliehook/18721872386,https://www.flickr.com/photos/cajsa_lilliehook/18721872386,data/desktop_scenes_batch3/manifest.csv
https://flickr.com/photos/cajsa_lilliehook/21464831373,https://www.flickr.com/photos/cajsa_lilliehook/21464831373,data/desktop_scenes_batch5/manifest.csv
https://flickr.com/photos/cajsa_lilliehook/21897536880,https://www.flickr.com/photos/cajsa_lilliehook/21897536880,data/desktop_scenes_batch5/manifest.csv
https://flickr.com/photos/cajsa_lilliehook/21897801950,https://www.flickr.com/photos/cajsa_lilliehook/21897801950,data/desktop_scenes_batch5/manifest.csv
https://flickr.com/photos/cajsa_lilliehook/21898992429,https://www.flickr.com/photos/cajsa_lilliehook/21898992429,data/desktop_scenes_batch5/manifest.csv
https://flickr.com/photos/cajsa_lilliehook/22059776906,https://www.flickr.com/photos/cajsa_lilliehook/22059776906,data/desktop_scenes_batch5/manifest.csv
https://flickr.com/photos/cajsa_lilliehook/22060047046,https://www.flickr.com/photos/cajsa_lilliehook/22060047046,data/desktop_scenes_batch5/manifest.csv
https://flickr.com/photos/cajsa_lilliehook/22073537812,https://www.flickr.com/photos/cajsa_lilliehook/22073537812,data/desktop_scenes_batch5/manifest.csv
https://flickr.com/photos/cajsa_lilliehook/22086233825,https://www.flickr.com/photos/cajsa_lilliehook/22086233825,data/desktop_scenes_batch5/manifest.csv
https://flickr.com/photos/cajsa_lilliehook/22086247045,https://www.flickr.com/photos/cajsa_lilliehook/22086247045,data/desktop_scenes_batch5/manifest.csv
https://flickr.com/photos/cajsa_lilliehook/22096499111,https://www.flickr.com/photos/cajsa_lilliehook/22096499111,data/desktop_scenes_batch5/manifest.csv
https://flickr.com/photos/cajsa_lilliehook/25289749603,https://www.flickr.com/photos/cajsa_lilliehook/25289749603,data/desktop_scenes_batch3/manifest.csv
https://flickr.com/photos/cajsa_lilliehook/25823522011,https://www.flickr.com/photos/cajsa_lilliehook/25823522011,data/desktop_scenes_batch3/manifest.csv
https://flickr.com/photos/cajsa_lilliehook/25892568336,https://www.flickr.com/photos/cajsa_lilliehook/25892568336,data/desktop_scenes_batch3/manifest.csv
https://flickr.com/photos/cajsa_lilliehook/25892569746,https://www.flickr.com/photos/cajsa_lilliehook/25892569746,data/desktop_scenes_batch3/manifest.csv
https://flickr.com/photos/caleuanhopkins/6939522505,https://www.flickr.com/photos/caleuanhopkins/6939522505,data/desktop_scenes_batch5/manifest.csv
https://flickr.com/photos/calharding/6796569209,https://www.flickr.com/photos/calharding/6796569209,data/desktop_scenes_batch4/manifest.csv
https://flickr.com/photos/callion/396554227,https://www.flickr.com/photos/callion/396554227,data/desktop_scenes_batch5/manifest.csv
https://flickr.com/photos/calliope/66620507,https://www.flickr.com/photos/calliope/66620507,data/desktop_scenes_batch3/manifest.csv
https://flickr.com/photos/camperdown/27075203523,https://www.flickr.com/photos/camperdown/27075203523,data/desktop_scenes_batch3/manifest.csv
https://flickr.com/photos/candid/44810627,https://www.flickr.com/photos/candid/44810627,data/desktop_scenes_batch4/manifest.csv
https://flickr.com/photos/candlescents/3841277329,https://www.flickr.com/photos/candlescents/3841277329,data/desktop_scenes_batch5/manifest.csv
https://flickr.com/photos/cantoni/13437190745,https://www.flickr.com/photos/cantoni/13437190745,data/desktop_scenes_batch3/manifest.csv
https://flickr.com/photos/cappellacci/9482883875,https://www.flickr.com/photos/cappellacci/9482883875,data/desktop_scenes_batch3/manifest.csv
https://flickr.com/photos/carbonnyc/3191752970,https://www.flickr.com/photos/carbonnyc/3191752970,data/desktop_scenes_batch3/manifest.csv
https://flickr.com/photos/cardinalskate/8699309517,https://www.flickr.com/photos/cardinalskate/8699309517,data/desktop_scenes_batch5/manifest.csv
https://flickr.com/photos/carl-johan/3183383650,https://www.flickr.com/photos/carl-johan/3183383650,data/desktop_scenes_batch3/manifest.csv
https://flickr.com/photos/carolsouthern/1629766725,https://www.flickr.com/photos/carolsouthern/1629766725,data/desktop_scenes_batch3/manifest.csv
https://flickr.com/photos/castawayvintage/5573019037,https://www.flickr.com/photos/castawayvintage/5573019037,data/desktop_scenes_batch3/manifest.csv
https://flickr.com/photos/castawayvintage/5573607406,https://www.flickr.com/photos/castawayvintage/5573607406,data/desktop_scenes_batch3/manifest.csv
https://flickr.com/photos/castawayvintage/5573608002,https://www.flickr.com/photos/castawayvintage/5573608002,data/desktop_scenes_batch3/manifest.csv
https://flickr.com/photos/ccordova/2224022283,https://www.flickr.com/photos/ccordova/2224022283,data/desktop_scenes_batch3/manifest.csv
https://flickr.com/photos/cekent/6517483203,https://www.flickr.com/photos/cekent/6517483203,data/desktop_scenes_batch3/manifest.csv
https://flickr.com/photos/cell105/317399079,https://www.flickr.com/photos/cell105/317399079,data/desktop_scenes_batch5/manifest.csv
https://flickr.com/photos/ceonyc/7434379406,https://www.flickr.com/photos/ceonyc/7434379406,data/desktop_scenes_batch5/manifest.csv
https://flickr.com/photos/cgk/445551695,https://www.flickr.com/photos/cgk/445551695,data/desktop_scenes_batch4/manifest.csv
https://flickr.com/photos/championshipcatering/8167300105,https://www.flickr.com/photos/championshipcatering/8167300105,data/desktop_scenes_batch5/manifest.csv
https://flickr.com/photos/channone/6425194445,https://www.flickr.com/photos/channone/6425194445,data/desktop_scenes_batch3/manifest.csv
https://flickr.com/photos/charityduncan/4857375946,https://www.flickr.com/photos/charityduncan/4857375946,data/desktop_scenes_batch3/manifest.csv
https://flickr.com/photos/charityduncan/5813305137,https://www.flickr.com/photos/charityduncan/5813305137,data/desktop_scenes_batch3/manifest.csv
https://flickr.com/photos/charlesonflickr/2245462363,https://www.flickr.com/photos/charlesonflickr/2245462363,data/desktop_scenes_batch3/manifest.csv
https://flickr.com/photos/charlesroper/6439086063,https://www.flickr.com/photos/charlesroper/6439086063,data/desktop_scenes_batch5/manifest.csv
https://flickr.com/photos/chasqui/14555026402,https://www.flickr.com/photos/chasqui/14555026402,data/desktop_scenes_batch3/manifest.csv
https://flickr.com/photos/chicanerii/5167875238,https://www.flickr.com/photos/chicanerii/5167875238,data/desktop_scenes_batch5/manifest.csv
https://flickr.com/photos/choubistar/130046385,https://www.flickr.com/photos/choubistar/130046385,data/desktop_scenes_batch5/manifest.csv
https://flickr.com/photos/chr/1316156350,https://www.flickr.com/photos/chr/1316156350,data/desktop_scenes_batch3/manifest.csv
https://flickr.com/photos/chripell/3742195057,https://www.flickr.com/photos/chripell/3742195057,data/desktop_scenes_batch3/manifest.csv
https://flickr.com/photos/chris-yunker/2542231063,https://www.flickr.com/photos/chris-yunker/2542231063,data/desktop_scenes_batch3/manifest.csv
https://flickr.com/photos/chris_radcliff/21390853,https://www.flickr.com/photos/chris_radcliff/21390853,data/desktop_scenes_batch3/manifest.csv
https://flickr.com/photos/chrisdag/842431598,https://www.flickr.com/photos/chrisdag/842431598,data/desktop_scenes_batch3/manifest.csv
https://flickr.com/photos/chrisdlugosz/2609949336,https://www.flickr.com/photos/chrisdlugosz/2609949336,data/desktop_scenes_batch3/manifest.csv
https://flickr.com/photos/christinehawks/6828436912,https://www.flickr.com/photos/christinehawks/6828436912,data/desktop_scenes_batch5/manifest.csv
https://flickr.com/photos/christinehawks/8245937004,https://www.flickr.com/photos/christinehawks/8245937004,data/desktop_scenes_batch3/manifest.csv
https://flickr.com/photos/cipherswarm/29534525,https://www.flickr.com/photos/cipherswarm/29534525,data/desktop_scenes_batch3/manifest.csv
https://flickr.com/photos/city_of_dis/12643421554,https://www.flickr.com/photos/city_of_dis/12643421554,data/desktop_scenes_batch5/manifest.csv
https://flickr.com/photos/cityfoodsters/10284881683,https://www.flickr.com/photos/cityfoodsters/10284881683,data/desktop_scenes_batch5/manifest.csv
https://flickr.com/photos/cityfoodsters/11398159275,https://www.flickr.com/photos/cityfoodsters/11398159275,data/desktop_scenes_batch5/manifest.csv
https://flickr.com/photos/cityfoodsters/11882217464,https://www.flickr.com/photos/cityfoodsters/11882217464,data/desktop_scenes_batch5/manifest.csv
https://flickr.com/photos/cityfoodsters/14162269482,https://www.flickr.com/photos/cityfoodsters/14162269482,data/desktop_scenes_batch5/manifest.csv
https://flickr.com/photos/cityfoodsters/16152752569,https://www.flickr.com/photos/cityfoodsters/16152752569,data/desktop_scenes_batch5/manifest.csv
https://flickr.com/photos/cityfoodsters/16331051715,https://www.flickr.com/photos/cityfoodsters/16331051715,data/desktop_scenes_batch5/manifest.csv
https://flickr.com/photos/cityfoodsters/16444217546,https://www.flickr.com/photos/cityfoodsters/16444217546,data/desktop_scenes_batch5/manifest.csv
https://flickr.com/photos/cityfoodsters/16663796830,https://www.flickr.com/photos/cityfoodsters/16663796830,data/desktop_scenes_batch5/manifest.csv
https://flickr.com/photos/cityfoodsters/16664951959,https://www.flickr.com/photos/cityfoodsters/16664951959,data/desktop_scenes_batch5/manifest.csv
https://flickr.com/photos/cityfoodsters/9166771473,https://www.flickr.com/photos/cityfoodsters/9166771473,data/desktop_scenes_batch5/manifest.csv
https://flickr.com/photos/cityfoodsters/9364304832,https://www.flickr.com/photos/cityfoodsters/9364304832,data/desktop_scenes_batch5/manifest.csv
https://flickr.com/photos/cityfoodsters/9407002718,https://www.flickr.com/photos/cityfoodsters/9407002718,data/desktop_scenes_batch5/manifest.csv
https://flickr.com/photos/cityswift/51599522889,https://www.flickr.com/photos/cityswift/51599522889,data/desktop_scenes_batch5/manifest.csv
https://flickr.com/photos/ckelly/313134451,https://www.flickr.com/photos/ckelly/313134451,data/desktop_scenes_batch5/manifest.csv
https://flickr.com/photos/clarerichardson/3486781705,https://www.flickr.com/photos/clarerichardson/3486781705,data/desktop_scenes_batch3/manifest.csv
https://flickr.com/photos/claylo/5388589800,https://www.flickr.com/photos/claylo/5388589800,data/desktop_scenes_batch5/manifest.csv
https://flickr.com/photos/clearlyambiguous/164417191,https://www.flickr.com/photos/clearlyambiguous/164417191,data/desktop_scenes_batch3/manifest.csv
https://flickr.com/photos/cleong/7994613134,https://www.flickr.com/photos/cleong/7994613134,data/desktop_scenes_batch5/manifest.csv
https://flickr.com/photos/cleopatraclyalin/53656178129,https://www.flickr.com/photos/cleopatraclyalin/53656178129,data/desktop_scenes_batch5/manifest.csv
https://flickr.com/photos/cleopatraclyalin/53946077967,https://www.flickr.com/photos/cleopatraclyalin/53946077967,data/desktop_scenes_batch5/manifest.csv
https://flickr.com/photos/cleopatraclyalin/54168708959,https://www.flickr.com/photos/cleopatraclyalin/54168708959,data/desktop_scenes_batch5/manifest.csv
https://flickr.com/photos/cleopatraclyalin/54411327869,https://www.flickr.com/photos/cleopatraclyalin/54411327869,data/desktop_scenes_batch5/manifest.csv
https://flickr.com/photos/clutterbusters/2387120731,https://www.flickr.com/photos/clutterbusters/2387120731,data/desktop_scenes_batch5/manifest.csv
https://flickr.com/photos/clutterbusters/2522152369,https://www.flickr.com/photos/clutterbusters/2522152369,data/desktop_scenes_batch3/manifest.csv
https://flickr.com/photos/clutterbusters/3371938318,https://www.flickr.com/photos/clutterbusters/3371938318,data/desktop_scenes_batch3/manifest.csv
https://flickr.com/photos/cmag/538902553,https://www.flickr.com/photos/cmag/538902553,data/desktop_scenes_batch4/manifest.csv
https://flickr.com/photos/cmcbrien/3375963890,https://www.flickr.com/photos/cmcbrien/3375963890,data/desktop_scenes_batch3/manifest.csv
https://flickr.com/photos/cmims/30119566980,https://www.flickr.com/photos/cmims/30119566980,data/desktop_scenes_batch3/manifest.csv
https://flickr.com/photos/cmims/30119570140,https://www.flickr.com/photos/cmims/30119570140,data/desktop_scenes_batch3/manifest.csv
https://flickr.com/photos/cmims/30299879332,https://www.flickr.com/photos/cmims/30299879332,data/desktop_scenes_batch3/manifest.csv
https://flickr.com/photos/cmims/30416663355,https://www.flickr.com/photos/cmims/30416663355,data/desktop_scenes_batch3/manifest.csv
https://flickr.com/photos/cmims/30416666935,https://www.flickr.com/photos/cmims/30416666935,data/desktop_scenes_batch3/manifest.csv
https://flickr.com/photos/cne-cna-c6f/38870855051,https://www.flickr.com/photos/cne-cna-c6f/38870855051,data/desktop_scenes_batch4/manifest.csv
https://flickr.com/photos/coachdanny/3705416480,https://www.flickr.com/photos/coachdanny/3705416480,data/desktop_scenes_batch3/manifest.csv
https://flickr.com/photos/cobaltfish/8568334094,https://www.flickr.com/photos/cobaltfish/8568334094,data/desktop_scenes_batch3/manifest.csv
https://flickr.com/photos/cobaltfish/9454978149,https://www.flickr.com/photos/cobaltfish/9454978149,data/desktop_scenes_batch3/manifest.csv
https://flickr.com/photos/coffeepartyusa/4430652511,https://www.flickr.com/photos/coffeepartyusa/4430652511,data/desktop_scenes_batch5/manifest.csv
https://flickr.com/photos/cogdog/13005023905,https://www.flickr.com/photos/cogdog/13005023905,data/desktop_scenes_batch3/manifest.csv
https://flickr.com/photos/cogdog/15715174215,https://www.flickr.com/photos/cogdog/15715174215,data/desktop_scenes_batch5/manifest.csv
https://flickr.com/photos/cogdog/20261745069,https://www.flickr.com/photos/cogdog/20261745069,data/desktop_scenes_batch3/manifest.csv
https://flickr.com/photos/cogdog/222904256,https://www.flickr.com/photos/cogdog/222904256,data/desktop_scenes_batch3/manifest.csv
https://flickr.com/photos/cogdog/40258110145,https://www.flickr.com/photos/cogdog/40258110145,data/desktop_scenes_batch3/manifest.csv
https://flickr.com/photos/cogdog/41496993115,https://www.flickr.com/photos/cogdog/41496993115,data/desktop_scenes_batch3/manifest.csv
https://flickr.com/photos/cogdog/4270950710,https://www.flickr.com/photos/cogdog/4270950710,data/desktop_scenes_batch3/manifest.csv
https://flickr.com/photos/cogdog/6320676843,https://www.flickr.com/photos/cogdog/6320676843,data/desktop_scenes_batch5/manifest.csv
https://flickr.com/photos/cogdog/6857929779,https://www.flickr.com/photos/cogdog/6857929779,data/desktop_scenes_batch5/manifest.csv
https://flickr.com/photos/colleenmorgan/2887917422,https://www.flickr.com/photos/colleenmorgan/2887917422,data/desktop_scenes_batch4/manifest.csv
https://flickr.com/photos/coloring_our_moments/5632991906,https://www.flickr.com/photos/coloring_our_moments/5632991906,data/desktop_scenes_batch3/manifest.csv
https://flickr.com/photos/comedynose/26476339063,https://www.flickr.com/photos/comedynose/26476339063,data/desktop_scenes_batch5/manifest.csv
https://flickr.com/photos/comedynose/35737685354,https://www.flickr.com/photos/comedynose/35737685354,data/desktop_scenes_batch5/manifest.csv
https://flickr.com/photos/comedynose/36989104963,https://www.flickr.com/photos/comedynose/36989104963,data/desktop_scenes_batch3/manifest.csv
https://flickr.com/photos/comedynose/4012525634,https://www.flickr.com/photos/comedynose/4012525634,data/desktop_scenes_batch5/manifest.csv
https://flickr.com/photos/comedynose/4230176889,https://www.flickr.com/photos/comedynose/4230176889,data/desktop_scenes_batch3/manifest.csv
https://flickr.com/photos/comedynose/6533283993,https://www.flickr.com/photos/comedynose/6533283993,data/desktop_scenes_batch5/manifest.csv
https://flickr.com/photos/comedynose/6709948545,https://www.flickr.com/photos/comedynose/6709948545,data/desktop_scenes_batch5/manifest.csv
https://flickr.com/photos/comedynose/6912359007,https://www.flickr.com/photos/comedynose/6912359007,data/desktop_scenes_batch3/manifest.csv
https://flickr.com/photos/conall/33479649643,https://www.flickr.com/photos/conall/33479649643,data/desktop_scenes_batch5/manifest.csv
https://flickr.com/photos/conall/52926075095,https://www.flickr.com/photos/conall/52926075095,data/desktop_scenes_batch3/manifest.csv
https://flickr.com/photos/conchur/6484418379,https://www.flickr.com/photos/conchur/6484418379,data/desktop_scenes_batch3/manifest.csv
https://flickr.com/photos/conchur/6484418781,https://www.flickr.com/photos/conchur/6484418781,data/desktop_scenes_batch3/manifest.csv
https://flickr.com/photos/conchur/6484419259,https://www.flickr.com/photos/conchur/6484419259,data/desktop_scenes_batch3/manifest.csv
https://flickr.com/photos/conchur/6484419659,https://www.flickr.com/photos/conchur/6484419659,data/desktop_scenes_batch3/manifest.csv
https://flickr.com/photos/conchur/6484420123,https://www.flickr.com/photos/conchur/6484420123,data/desktop_scenes_batch3/manifest.csv
https://flickr.com/photos/conchur/6484420533,https://www.flickr.com/photos/conchur/6484420533,data/desktop_scenes_batch3/manifest.csv
https://flickr.com/photos/conchur/6484420853,https://www.flickr.com/photos/conchur/6484420853,data/desktop_scenes_batch3/manifest.csv
https://flickr.com/photos/conchur/6484421229,https://www.flickr.com/photos/conchur/6484421229,data/desktop_scenes_batch3/manifest.csv
https://flickr.com/photos/conchur/6484421709,https://www.flickr.com/photos/conchur/6484421709,data/desktop_scenes_batch3/manifest.csv
https://flickr.com/photos/conchur/6484422381,https://www.flickr.com/photos/conchur/6484422381,data/desktop_scenes_batch3/manifest.csv
https://flickr.com/photos/conchur/6484422885,https://www.flickr.com/photos/conchur/6484422885,data/desktop_scenes_batch3/manifest.csv
https://flickr.com/photos/conchur/6484423281,https://www.flickr.com/photos/conchur/6484423281,data/desktop_scenes_batch3/manifest.csv
https://flickr.com/photos/conchur/6484423557,https://www.flickr.com/photos/conchur/6484423557,data/desktop_scenes_batch3/manifest.csv
https://flickr.com/photos/conner395/8510629033,https://www.flickr.com/photos/conner395/8510629033,data/desktop_scenes_batch5/manifest.csv
https://flickr.com/photos/conner395/9783997261,https://www.flickr.com/photos/conner395/9783997261,data/desktop_scenes_batch5/manifest.csv
https://flickr.com/photos/conner395/9784189624,https://www.flickr.com/photos/conner395/9784189624,data/desktop_scenes_batch5/manifest.csv
https://flickr.com/photos/conner395/9784273333,https://www.flickr.com/photos/conner395/9784273333,data/desktop_scenes_batch5/manifest.csv
https://flickr.com/photos/conskeptical/3368175664,https://www.flickr.com/photos/conskeptical/3368175664,data/desktop_scenes_batch3/manifest.csv
https://flickr.com/photos/coral/95143571,https://www.flickr.com/photos/coral/95143571,data/desktop_scenes_batch3/manifest.csv
https://flickr.com/photos/coryschmitz/4925836266,https://www.flickr.com/photos/coryschmitz/4925836266,data/desktop_scenes_batch5/manifest.csv
https://flickr.com/photos/costa-rica-villas/6151184933,https://www.flickr.com/photos/costa-rica-villas/6151184933,data/desktop_scenes_batch5/manifest.csv
https://flickr.com/photos/counselman/5415962595,https://www.flickr.com/photos/counselman/5415962595,data/desktop_scenes_batch5/manifest.csv
https://flickr.com/photos/crabchick/2703494569,https://www.flickr.com/photos/crabchick/2703494569,data/desktop_scenes_batch3/manifest.csv
https://flickr.com/photos/crazytales562/3074430801,https://www.flickr.com/photos/crazytales562/3074430801,data/desktop_scenes_batch3/manifest.csv
https://flickr.com/photos/crdunn/20671822360,https://www.flickr.com/photos/crdunn/20671822360,data/desktop_scenes_batch3/manifest.csv
https://flickr.com/photos/cremeglace/2997544323,https://www.flickr.com/photos/cremeglace/2997544323,data/desktop_scenes_batch3/manifest.csv
https://flickr.com/photos/crimfants/271943871,https://www.flickr.com/photos/crimfants/271943871,data/desktop_scenes_batch3/manifest.csv
https://flickr.com/photos/criminalintent/14945500219,https://www.flickr.com/photos/criminalintent/14945500219,data/desktop_scenes_batch4/manifest.csv
https://flickr.com/photos/criminalintent/2506044641,https://www.flickr.com/photos/criminalintent/2506044641,data/desktop_scenes_batch5/manifest.csv
https://flickr.com/photos/criminalintent/3186468474,https://www.flickr.com/photos/criminalintent/3186468474,data/desktop_scenes_batch5/manifest.csv
https://flickr.com/photos/criminalintent/52019364840,https://www.flickr.com/photos/criminalintent/52019364840,data/desktop_scenes_batch3/manifest.csv
https://flickr.com/photos/crobj/4479229961,https://www.flickr.com/photos/crobj/4479229961,data/desktop_scenes_batch3/manifest.csv
https://flickr.com/photos/crossmediaweek/5020871832,https://www.flickr.com/photos/crossmediaweek/5020871832,data/desktop_scenes_batch3/manifest.csv
https://flickr.com/photos/crossmediaweek/7406971304,https://www.flickr.com/photos/crossmediaweek/7406971304,data/desktop_scenes_batch3/manifest.csv
https://flickr.com/photos/crossmediaweek/7406981268,https://www.flickr.com/photos/crossmediaweek/7406981268,data/desktop_scenes_batch3/manifest.csv
https://flickr.com/photos/csessums/4428583830,https://www.flickr.com/photos/csessums/4428583830,data/desktop_scenes_batch4/manifest.csv
https://flickr.com/photos/csessums/4553456984,https://www.flickr.com/photos/csessums/4553456984,data/desktop_scenes_batch3/manifest.csv
https://flickr.com/photos/csj_canada_archives/55091251842,https://www.flickr.com/photos/csj_canada_archives/55091251842,data/desktop_scenes_batch3/manifest.csv
https://flickr.com/photos/ctbto/8219385211,https://www.flickr.com/photos/ctbto/8219385211,data/desktop_scenes_batch5/manifest.csv
https://flickr.com/photos/ctbto/8219385359,https://www.flickr.com/photos/ctbto/8219385359,data/desktop_scenes_batch3/manifest.csv
https://flickr.com/photos/ctbto/8219385895,https://www.flickr.com/photos/ctbto/8219385895,data/desktop_scenes_batch5/manifest.csv
https://flickr.com/photos/ctbto/8219386155,https://www.flickr.com/photos/ctbto/8219386155,data/desktop_scenes_batch5/manifest.csv
https://flickr.com/photos/ctbto/8219386295,https://www.flickr.com/photos/ctbto/8219386295,data/desktop_scenes_batch3/manifest.csv
https://flickr.com/photos/ctbto/8219387573,https://www.flickr.com/photos/ctbto/8219387573,data/desktop_scenes_batch3/manifest.csv
https://flickr.com/photos/ctbto/8219388531,https://www.flickr.com/photos/ctbto/8219388531,data/desktop_scenes_batch5/manifest.csv
https://flickr.com/photos/ctbto/8219389233,https://www.flickr.com/photos/ctbto/8219389233,data/desktop_scenes_batch5/manifest.csv
https://flickr.com/photos/ctbto/8220465902,https://www.flickr.com/photos/ctbto/8220465902,data/desktop_scenes_batch3/manifest.csv
https://flickr.com/photos/ctbto/8220466068,https://www.flickr.com/photos/ctbto/8220466068,data/desktop_scenes_batch5/manifest.csv
https://flickr.com/photos/ctbto/8220466528,https://www.flickr.com/photos/ctbto/8220466528,data/desktop_scenes_batch3/manifest.csv
https://flickr.com/photos/ctbto/8220466726,https://www.flickr.com/photos/ctbto/8220466726,data/desktop_scenes_batch3/manifest.csv
https://flickr.com/photos/ctbto/8220467584,https://www.flickr.com/photos/ctbto/8220467584,data/desktop_scenes_batch3/manifest.csv
https://flickr.com/photos/ctbto/8220468474,https://www.flickr.com/photos/ctbto/8220468474,data/desktop_scenes_batch3/manifest.csv
https://flickr.com/photos/ctbto/8220468592,https://www.flickr.com/photos/ctbto/8220468592,data/desktop_scenes_batch5/manifest.csv
https://flickr.com/photos/ctbto/8220469128,https://www.flickr.com/photos/ctbto/8220469128,data/desktop_scenes_batch3/manifest.csv
https://flickr.com/photos/ctbto/8220469286,https://www.flickr.com/photos/ctbto/8220469286,data/desktop_scenes_batch3/manifest.csv
https://flickr.com/photos/ctbto/8220469646,https://www.flickr.com/photos/ctbto/8220469646,data/desktop_scenes_batch3/manifest.csv
https://flickr.com/photos/ctbto/8220470752,https://www.flickr.com/photos/ctbto/8220470752,data/desktop_scenes_batch5/manifest.csv
https://flickr.com/photos/cudmore/22115105,https://www.flickr.com/photos/cudmore/22115105,data/desktop_scenes_batch3/manifest.csv
https://flickr.com/photos/culturecat/346260426,https://www.flickr.com/photos/culturecat/346260426,data/desktop_scenes_batch3/manifest.csv
https://flickr.com/photos/dachis/6151652329,https://www.flickr.com/photos/dachis/6151652329,data/desktop_scenes_batch4/manifest.csv
https://flickr.com/photos/dagoaty/4374273290,https://www.flickr.com/photos/dagoaty/4374273290,data/desktop_scenes_batch3/manifest.csv
https://flickr.com/photos/dahlstroms/3902571235,https://www.flickr.com/photos/dahlstroms/3902571235,data/desktop_scenes_batch4/manifest.csv
https://flickr.com/photos/dahlstroms/5187565952,https://www.flickr.com/photos/dahlstroms/5187565952,data/desktop_scenes_batch3/manifest.csv
https://flickr.com/photos/dahlstroms/5523427077,https://www.flickr.com/photos/dahlstroms/5523427077,data/desktop_scenes_batch3/manifest.csv
https://flickr.com/photos/dahlstroms/5523438097,https://www.flickr.com/photos/dahlstroms/5523438097,data/desktop_scenes_batch3/manifest.csv
https://flickr.com/photos/dainec/2956547842,https://www.flickr.com/photos/dainec/2956547842,data/desktop_scenes_batch5/manifest.csv
https://flickr.com/photos/dalangalma/269581340,https://www.flickr.com/photos/dalangalma/269581340,data/desktop_scenes_batch3/manifest.csv
https://flickr.com/photos/dale_simonson/3594734730,https://www.flickr.com/photos/dale_simonson/3594734730,data/desktop_scenes_batch3/manifest.csv
https://flickr.com/photos/dale_simonson/3648247204,https://www.flickr.com/photos/dale_simonson/3648247204,data/desktop_scenes_batch3/manifest.csv
https://flickr.com/photos/dan_powell/415904269,https://www.flickr.com/photos/dan_powell/415904269,data/desktop_scenes_batch3/manifest.csv
https://flickr.com/photos/dana_moos/4878496025,https://www.flickr.com/photos/dana_moos/4878496025,data/desktop_scenes_batch3/manifest.csv
https://flickr.com/photos/dana_moos/4878496285,https://www.flickr.com/photos/dana_moos/4878496285,data/desktop_scenes_batch3/manifest.csv
https://flickr.com/photos/dana_moos/4879104384,https://www.flickr.com/photos/dana_moos/4879104384,data/desktop_scenes_batch3/manifest.csv
https://flickr.com/photos/danielhope/2407642459,https://www.flickr.com/photos/danielhope/2407642459,data/desktop_scenes_batch3/manifest.csv
https://flickr.com/photos/danielmee/28260557796,https://www.flickr.com/photos/danielmee/28260557796,data/desktop_scenes_batch3/manifest.csv
https://flickr.com/photos/danielspils/6758932,https://www.flickr.com/photos/danielspils/6758932,data/desktop_scenes_batch3/manifest.csv
https://flickr.com/photos/danja/5524154644,https://www.flickr.com/photos/danja/5524154644,data/desktop_scenes_batch3/manifest.csv
https://flickr.com/photos/danox/14346415954,https://www.flickr.com/photos/danox/14346415954,data/desktop_scenes_batch3/manifest.csv
https://flickr.com/photos/danox/15673271478,https://www.flickr.com/photos/danox/15673271478,data/desktop_scenes_batch3/manifest.csv
https://flickr.com/photos/daquellamanera/13224529103,https://www.flickr.com/photos/daquellamanera/13224529103,data/desktop_scenes_batch3/manifest.csv
https://flickr.com/photos/darach/435582765,https://www.flickr.com/photos/darach/435582765,data/desktop_scenes_batch5/manifest.csv
https://flickr.com/photos/darioalvarez/10993431634,https://www.flickr.com/photos/darioalvarez/10993431634,data/desktop_scenes_batch3/manifest.csv
https://flickr.com/photos/davedugdale/4954403678,https://www.flickr.com/photos/davedugdale/4954403678,data/desktop_scenes_batch5/manifest.csv
https://flickr.com/photos/davefayram/3195435737,https://www.flickr.com/photos/davefayram/3195435737,data/desktop_scenes_batch5/manifest.csv
https://flickr.com/photos/davefayram/5909546575,https://www.flickr.com/photos/davefayram/5909546575,data/desktop_scenes_batch5/manifest.csv
https://flickr.com/photos/davemont/2952897262,https://www.flickr.com/photos/davemont/2952897262,data/desktop_scenes_batch5/manifest.csv
https://flickr.com/photos/daveynin/2056363706,https://www.flickr.com/photos/daveynin/2056363706,data/desktop_scenes_batch4/manifest.csv
https://flickr.com/photos/david_carroll/3209236681,https://www.flickr.com/photos/david_carroll/3209236681,data/desktop_scenes_batch5/manifest.csv
https://flickr.com/photos/davidmarcel/6044799258,https://www.flickr.com/photos/davidmarcel/6044799258,data/desktop_scenes_batch3/manifest.csv
https://flickr.com/photos/davidmasters/3798305869,https://www.flickr.com/photos/davidmasters/3798305869,data/desktop_scenes_batch5/manifest.csv
https://flickr.com/photos/dcoetzee/3508876733,https://www.flickr.com/photos/dcoetzee/3508876733,data/desktop_scenes_batch5/manifest.csv
https://flickr.com/photos/dcoetzee/5872068598,https://www.flickr.com/photos/dcoetzee/5872068598,data/desktop_scenes_batch3/manifest.csv
https://flickr.com/photos/dearterisa/371205209,https://www.flickr.com/photos/dearterisa/371205209,data/desktop_scenes_batch5/manifest.csv
https://flickr.com/photos/debcorninginteriors/3170929037,https://www.flickr.com/photos/debcorninginteriors/3170929037,data/desktop_scenes_batch3/manifest.csv
https://flickr.com/photos/decorativeconcrete/33887742803,https://www.flickr.com/photos/decorativeconcrete/33887742803,data/desktop_scenes_batch3/manifest.csv
https://flickr.com/photos/decorativeconcrete/34485035214,https://www.flickr.com/photos/decorativeconcrete/34485035214,data/desktop_scenes_batch3/manifest.csv
https://flickr.com/photos/decorativeconcrete/37724516552,https://www.flickr.com/photos/decorativeconcrete/37724516552,data/desktop_scenes_batch3/manifest.csv
https://flickr.com/photos/defeated2k4/226107870,https://www.flickr.com/photos/defeated2k4/226107870,data/desktop_scenes_batch5/manifest.csv
https://flickr.com/photos/dejankrsmanovic/33207130558,https://www.flickr.com/photos/dejankrsmanovic/33207130558,data/desktop_scenes_batch3/manifest.csv
https://flickr.com/photos/dejankrsmanovic/44183005714,https://www.flickr.com/photos/dejankrsmanovic/44183005714,data/desktop_scenes_batch4/manifest.csv
https://flickr.com/photos/dejankrsmanovic/46168701365,https://www.flickr.com/photos/dejankrsmanovic/46168701365,data/desktop_scenes_batch5/manifest.csv
https://flickr.com/photos/dejankrsmanovic/47024892221,https://www.flickr.com/photos/dejankrsmanovic/47024892221,data/desktop_scenes_batch5/manifest.csv
https://flickr.com/photos/dejankrsmanovic/48210800471,https://www.flickr.com/photos/dejankrsmanovic/48210800471,data/desktop_scenes_batch5/manifest.csv
https://flickr.com/photos/delainahaslam/15052303799,https://www.flickr.com/photos/delainahaslam/15052303799,data/desktop_scenes_batch3/manifest.csv
https://flickr.com/photos/deldevries/5525004354,https://www.flickr.com/photos/deldevries/5525004354,data/desktop_scenes_batch5/manifest.csv
https://flickr.com/photos/denn/146887708,https://www.flickr.com/photos/denn/146887708,data/desktop_scenes_batch5/manifest.csv
https://flickr.com/photos/denn/149745741,https://www.flickr.com/photos/denn/149745741,data/desktop_scenes_batch5/manifest.csv
https://flickr.com/photos/dennis_hsuan/4699109666,https://www.flickr.com/photos/dennis_hsuan/4699109666,data/desktop_scenes_batch3/manifest.csv
https://flickr.com/photos/dennis_matheson/3954845528,https://www.flickr.com/photos/dennis_matheson/3954845528,data/desktop_scenes_batch3/manifest.csv
https://flickr.com/photos/dennis_matheson/6696007157,https://www.flickr.com/photos/dennis_matheson/6696007157,data/desktop_scenes_batch3/manifest.csv
https://flickr.com/photos/dennisharper/4955639727,https://www.flickr.com/photos/dennisharper/4955639727,data/desktop_scenes_batch3/manifest.csv
https://flickr.com/photos/dennissylvesterhurd/50102300908,https://www.flickr.com/photos/dennissylvesterhurd/50102300908,data/desktop_scenes_batch3/manifest.csv
https://flickr.com/photos/dennissylvesterhurd/58324518,https://www.flickr.com/photos/dennissylvesterhurd/58324518,data/desktop_scenes_batch5/manifest.csv
https://flickr.com/photos/denniswong/3516216396,https://www.flickr.com/photos/denniswong/3516216396,data/desktop_scenes_batch3/manifest.csv
https://flickr.com/photos/derek_curry/160387262,https://www.flickr.com/photos/derek_curry/160387262,data/desktop_scenes_batch3/manifest.csv
https://flickr.com/photos/derek_curry/160387358,https://www.flickr.com/photos/derek_curry/160387358,data/desktop_scenes_batch3/manifest.csv
https://flickr.com/photos/derek_curry/160387462,https://www.flickr.com/photos/derek_curry/160387462,data/desktop_scenes_batch3/manifest.csv
https://flickr.com/photos/dfmagazine/9668829389,https://www.flickr.com/photos/dfmagazine/9668829389,data/desktop_scenes_batch3/manifest.csv
https://flickr.com/photos/dfwcre8tive/5587549449,https://www.flickr.com/photos/dfwcre8tive/5587549449,data/desktop_scenes_batch3/manifest.csv
https://flickr.com/photos/dhaun/1951687410,https://www.flickr.com/photos/dhaun/1951687410,data/desktop_scenes_batch3/manifest.csv
https://flickr.com/photos/dielis/3864952639,https://www.flickr.com/photos/dielis/3864952639,data/desktop_scenes_batch3/manifest.csv
https://flickr.com/photos/dievesa/6914818229,https://www.flickr.com/photos/dievesa/6914818229,data/desktop_scenes_batch5/manifest.csv
https://flickr.com/photos/digdoug/14834131931,https://www.flickr.com/photos/digdoug/14834131931,data/desktop_scenes_batch5/manifest.csv
https://flickr.com/photos/digitalcj/6712855765,https://www.flickr.com/photos/digitalcj/6712855765,data/desktop_scenes_batch5/manifest.csv
https://flickr.com/photos/digitaldrew/4929843639,https://www.flickr.com/photos/digitaldrew/4929843639,data/desktop_scenes_batch5/manifest.csv
https://flickr.com/photos/digitaldrew/4930421300,https://www.flickr.com/photos/digitaldrew/4930421300,data/desktop_scenes_batch4/manifest.csv
https://flickr.com/photos/digitalsextant/4992599455,https://www.flickr.com/photos/digitalsextant/4992599455,data/desktop_scenes_batch5/manifest.csv
https://flickr.com/photos/dinnerseries/13249036615,https://www.flickr.com/photos/dinnerseries/13249036615,data/desktop_scenes_batch3/manifest.csv
https://flickr.com/photos/dinnerseries/17347384434,https://www.flickr.com/photos/dinnerseries/17347384434,data/desktop_scenes_batch3/manifest.csv
https://flickr.com/photos/dinnerseries/17943531046,https://www.flickr.com/photos/dinnerseries/17943531046,data/desktop_scenes_batch3/manifest.csv
https://flickr.com/photos/dinnerseries/21239108132,https://www.flickr.com/photos/dinnerseries/21239108132,data/desktop_scenes_batch5/manifest.csv
https://flickr.com/photos/dinnerseries/4920451889,https://www.flickr.com/photos/dinnerseries/4920451889,data/desktop_scenes_batch3/manifest.csv
https://flickr.com/photos/dinnerseries/4921050656,https://www.flickr.com/photos/dinnerseries/4921050656,data/desktop_scenes_batch3/manifest.csv
https://flickr.com/photos/dinnerseries/5202073538,https://www.flickr.com/photos/dinnerseries/5202073538,data/desktop_scenes_batch3/manifest.csv
https://flickr.com/photos/dinnerseries/8261257359,https://www.flickr.com/photos/dinnerseries/8261257359,data/desktop_scenes_batch3/manifest.csv
https://flickr.com/photos/dinnerseries/8262326054,https://www.flickr.com/photos/dinnerseries/8262326054,data/desktop_scenes_batch3/manifest.csv
https://flickr.com/photos/dinomite/4369116360,https://www.flickr.com/photos/dinomite/4369116360,data/desktop_scenes_batch3/manifest.csv
https://flickr.com/photos/dinrao/8432131427,https://www.flickr.com/photos/dinrao/8432131427,data/desktop_scenes_batch4/manifest.csv
https://flickr.com/photos/diomedenet/2255669055,https://www.flickr.com/photos/diomedenet/2255669055,data/desktop_scenes_batch4/manifest.csv
https://flickr.com/photos/diomedenet/7188462128,https://www.flickr.com/photos/diomedenet/7188462128,data/desktop_scenes_batch3/manifest.csv
https://flickr.com/photos/dionhinchcliffe/15776576864,https://www.flickr.com/photos/dionhinchcliffe/15776576864,data/desktop_scenes_batch4/manifest.csv
https://flickr.com/photos/dionhinchcliffe/3065089775,https://www.flickr.com/photos/dionhinchcliffe/3065089775,data/desktop_scenes_batch3/manifest.csv
https://flickr.com/photos/dionhinchcliffe/3065123247,https://www.flickr.com/photos/dionhinchcliffe/3065123247,data/desktop_scenes_batch3/manifest.csv
https://flickr.com/photos/dionhinchcliffe/3264999224,https://www.flickr.com/photos/dionhinchcliffe/3264999224,data/desktop_scenes_batch3/manifest.csv
https://flickr.com/photos/discoveroregon/34123560380,https://www.flickr.com/photos/discoveroregon/34123560380,data/desktop_scenes_batch3/manifest.csv
https://flickr.com/photos/djackmanson/29621120274,https://www.flickr.com/photos/djackmanson/29621120274,data/desktop_scenes_batch3/manifest.csv
https://flickr.com/photos/djsmiley2k/4596687760,https://www.flickr.com/photos/djsmiley2k/4596687760,data/desktop_scenes_batch4/manifest.csv
https://flickr.com/photos/djsmiley2k/4775276486,https://www.flickr.com/photos/djsmiley2k/4775276486,data/desktop_scenes_batch4/manifest.csv
https://flickr.com/photos/djsmiley2k/5146435833,https://www.flickr.com/photos/djsmiley2k/5146435833,data/desktop_scenes_batch4/manifest.csv
https://flickr.com/photos/djsmiley2k/8612077865,https://www.flickr.com/photos/djsmiley2k/8612077865,data/desktop_scenes_batch3/manifest.csv
https://flickr.com/photos/djtaz/36604668431,https://www.flickr.com/photos/djtaz/36604668431,data/desktop_scenes_batch3/manifest.csv
https://flickr.com/photos/dkeats/12713673563,https://www.flickr.com/photos/dkeats/12713673563,data/desktop_scenes_batch5/manifest.csv
https://flickr.com/photos/dklein/366498569,https://www.flickr.com/photos/dklein/366498569,data/desktop_scenes_batch5/manifest.csv
https://flickr.com/photos/dmitry-baranovskiy/2184121945,https://www.flickr.com/photos/dmitry-baranovskiy/2184121945,data/desktop_scenes_batch3/manifest.csv
https://flickr.com/photos/dmitry-baranovskiy/3091079955,https://www.flickr.com/photos/dmitry-baranovskiy/3091079955,data/desktop_scenes_batch3/manifest.csv
https://flickr.com/photos/dmuth/7294979532,https://www.flickr.com/photos/dmuth/7294979532,data/desktop_scenes_batch5/manifest.csv
https://flickr.com/photos/dmuth/7294981204,https://www.flickr.com/photos/dmuth/7294981204,data/desktop_scenes_batch3/manifest.csv
https://flickr.com/photos/doctorow/133461721,https://www.flickr.com/photos/doctorow/133461721,data/desktop_scenes_batch3/manifest.csv
https://flickr.com/photos/dolske/3277523748,https://www.flickr.com/photos/dolske/3277523748,data/desktop_scenes_batch4/manifest.csv
https://flickr.com/photos/dossy/1616854752,https://www.flickr.com/photos/dossy/1616854752,data/desktop_scenes_batch4/manifest.csv
https://flickr.com/photos/dossy/2439282538,https://www.flickr.com/photos/dossy/2439282538,data/desktop_scenes_batch3/manifest.csv
https://flickr.com/photos/dossy/4211496202,https://www.flickr.com/photos/dossy/4211496202,data/desktop_scenes_batch3/manifest.csv
https://flickr.com/photos/dotseverine/8056154325,https://www.flickr.com/photos/dotseverine/8056154325,data/desktop_scenes_batch3/manifest.csv
https://flickr.com/photos/dougbelshaw/4158083831,https://www.flickr.com/photos/dougbelshaw/4158083831,data/desktop_scenes_batch4/manifest.csv
https://flickr.com/photos/dougbutchy/5228436049,https://www.flickr.com/photos/dougbutchy/5228436049,data/desktop_scenes_batch4/manifest.csv
https://flickr.com/photos/dougbutchy/8534072493,https://www.flickr.com/photos/dougbutchy/8534072493,data/desktop_scenes_batch5/manifest.csv
https://flickr.com/photos/doviende/22175505,https://www.flickr.com/photos/doviende/22175505,data/desktop_scenes_batch4/manifest.csv
https://flickr.com/photos/dpstyles/3057221822,https://www.flickr.com/photos/dpstyles/3057221822,data/desktop_scenes_batch5/manifest.csv
https://flickr.com/photos/dragontomato/3616447528,https://www.flickr.com/photos/dragontomato/3616447528,data/desktop_scenes_batch3/manifest.csv
https://flickr.com/photos/dream_catchers/26515428492,https://www.flickr.com/photos/dream_catchers/26515428492,data/desktop_scenes_batch3/manifest.csv
https://flickr.com/photos/drewbsaunders/230392604,https://www.flickr.com/photos/drewbsaunders/230392604,data/desktop_scenes_batch5/manifest.csv
https://flickr.com/photos/driph/4491753526,https://www.flickr.com/photos/driph/4491753526,data/desktop_scenes_batch3/manifest.csv
https://flickr.com/photos/dsas/2716797015,https://www.flickr.com/photos/dsas/2716797015,data/desktop_scenes_batch5/manifest.csv
https://flickr.com/photos/dswcamera/14245485128,https://www.flickr.com/photos/dswcamera/14245485128,data/desktop_scenes_batch3/manifest.csv
https://flickr.com/photos/dugsong/4236156500,https://www.flickr.com/photos/dugsong/4236156500,data/desktop_scenes_batch5/manifest.csv
https://flickr.com/photos/dumbledad/4839878399,https://www.flickr.com/photos/dumbledad/4839878399,data/desktop_scenes_batch5/manifest.csv
https://flickr.com/photos/dustpuppy/5616754,https://www.flickr.com/photos/dustpuppy/5616754,data/desktop_scenes_batch3/manifest.csv
https://flickr.com/photos/dvortygirl/6907096249,https://www.flickr.com/photos/dvortygirl/6907096249,data/desktop_scenes_batch3/manifest.csv
https://flickr.com/photos/dxdt22/3280666091,https://www.flickr.com/photos/dxdt22/3280666091,data/desktop_scenes_batch4/manifest.csv
https://flickr.com/photos/dylan20/14004905961,https://www.flickr.com/photos/dylan20/14004905961,data/desktop_scenes_batch5/manifest.csv
https://flickr.com/photos/eager/8548494234,https://www.flickr.com/photos/eager/8548494234,data/desktop_scenes_batch5/manifest.csv
https://flickr.com/photos/eager/8653223289,https://www.flickr.com/photos/eager/8653223289,data/desktop_scenes_batch5/manifest.csv
https://flickr.com/photos/eannieb/5103879637,https://www.flickr.com/photos/eannieb/5103879637,data/desktop_scenes_batch5/manifest.csv
https://flickr.com/photos/earthisthering/5475617462,https://www.flickr.com/photos/earthisthering/5475617462,data/desktop_scenes_batch3/manifest.csv
https://flickr.com/photos/eastmidtownpartnership/12636870123,https://www.flickr.com/photos/eastmidtownpartnership/12636870123,data/desktop_scenes_batch5/manifest.csv
https://flickr.com/photos/ecodesignshow/5933638058,https://www.flickr.com/photos/ecodesignshow/5933638058,data/desktop_scenes_batch3/manifest.csv
https://flickr.com/photos/edenpictures/6906476909,https://www.flickr.com/photos/edenpictures/6906476909,data/desktop_scenes_batch5/manifest.csv
https://flickr.com/photos/eflon/3271730476,https://www.flickr.com/photos/eflon/3271730476,data/desktop_scenes_batch5/manifest.csv
https://flickr.com/photos/eflon/4907647192,https://www.flickr.com/photos/eflon/4907647192,data/desktop_scenes_batch5/manifest.csv
https://flickr.com/photos/elbereth_elflein/3576457919,https://www.flickr.com/photos/elbereth_elflein/3576457919,data/desktop_scenes_batch5/manifest.csv
https://flickr.com/photos/eleasa/2732031244,https://www.flickr.com/photos/eleasa/2732031244,data/desktop_scenes_batch5/manifest.csv
https://flickr.com/photos/electricwindows/284386917,https://www.flickr.com/photos/electricwindows/284386917,data/desktop_scenes_batch3/manifest.csv
https://flickr.com/photos/ell-r-brown/14915800481,https://www.flickr.com/photos/ell-r-brown/14915800481,data/desktop_scenes_batch5/manifest.csv
https://flickr.com/photos/ell-r-brown/21747293619,https://www.flickr.com/photos/ell-r-brown/21747293619,data/desktop_scenes_batch3/manifest.csv
https://flickr.com/photos/ell-r-brown/5955227294,https://www.flickr.com/photos/ell-r-brown/5955227294,data/desktop_scenes_batch3/manifest.csv
https://flickr.com/photos/ell-r-brown/6286718077,https://www.flickr.com/photos/ell-r-brown/6286718077,data/desktop_scenes_batch3/manifest.csv
https://flickr.com/photos/ellaolsson/44253759134,https://www.flickr.com/photos/ellaolsson/44253759134,data/desktop_scenes_batch3/manifest.csv
https://flickr.com/photos/ellaolsson/45603480082,https://www.flickr.com/photos/ellaolsson/45603480082,data/desktop_scenes_batch3/manifest.csv
https://flickr.com/photos/ellaolsson/45753479242,https://www.flickr.com/photos/ellaolsson/45753479242,data/desktop_scenes_batch3/manifest.csv
https://flickr.com/photos/ellf/5879347628,https://www.flickr.com/photos/ellf/5879347628,data/desktop_scenes_batch5/manifest.csv
https://flickr.com/photos/elliotmoore/143399846,https://www.flickr.com/photos/elliotmoore/143399846,data/desktop_scenes_batch3/manifest.csv
https://flickr.com/photos/elsie/14310116860,https://www.flickr.com/photos/elsie/14310116860,data/desktop_scenes_batch3/manifest.csv
https://flickr.com/photos/elsie/6158477457,https://www.flickr.com/photos/elsie/6158477457,data/desktop_scenes_batch3/manifest.csv
https://flickr.com/photos/elvissa/2287037720,https://www.flickr.com/photos/elvissa/2287037720,data/desktop_scenes_batch5/manifest.csv
https://flickr.com/photos/elzey/5920413930,https://www.flickr.com/photos/elzey/5920413930,data/desktop_scenes_batch3/manifest.csv
https://flickr.com/photos/emaringolo/179286730,https://www.flickr.com/photos/emaringolo/179286730,data/desktop_scenes_batch5/manifest.csv
https://flickr.com/photos/embecosm/8079718189,https://www.flickr.com/photos/embecosm/8079718189,data/desktop_scenes_batch4/manifest.csv
https://flickr.com/photos/emilysnuffer/14104146339,https://www.flickr.com/photos/emilysnuffer/14104146339,data/desktop_scenes_batch3/manifest.csv
https://flickr.com/photos/emilysnuffer/14290829705,https://www.flickr.com/photos/emilysnuffer/14290829705,data/desktop_scenes_batch3/manifest.csv
https://flickr.com/photos/empracht/22383958169,https://www.flickr.com/photos/empracht/22383958169,data/desktop_scenes_batch5/manifest.csv
https://flickr.com/photos/ephoz/8963767769,https://www.flickr.com/photos/ephoz/8963767769,data/desktop_scenes_batch3/manifest.csv
https://flickr.com/photos/epicantus/34634077196,https://www.flickr.com/photos/epicantus/34634077196,data/desktop_scenes_batch3/manifest.csv
https://flickr.com/photos/ericrichardson/218995775,https://www.flickr.com/photos/ericrichardson/218995775,data/desktop_scenes_batch5/manifest.csv
https://flickr.com/photos/eridius/68121583,https://www.flickr.com/photos/eridius/68121583,data/desktop_scenes_batch3/manifest.csv
https://flickr.com/photos/erikbenson/1035450,https://www.flickr.com/photos/erikbenson/1035450,data/desktop_scenes_batch3/manifest.csv
https://flickr.com/photos/erix/14695111391,https://www.flickr.com/photos/erix/14695111391,data/desktop_scenes_batch3/manifest.csv
https://flickr.com/photos/erix/6370986765,https://www.flickr.com/photos/erix/6370986765,data/desktop_scenes_batch3/manifest.csv
https://flickr.com/photos/erocsid/32905739524,https://www.flickr.com/photos/erocsid/32905739524,data/desktop_scenes_batch4/manifest.csv
https://flickr.com/photos/erocsid/4020959311,https://www.flickr.com/photos/erocsid/4020959311,data/desktop_scenes_batch5/manifest.csv
https://flickr.com/photos/erocsid/4859082569,https://www.flickr.com/photos/erocsid/4859082569,data/desktop_scenes_batch4/manifest.csv
https://flickr.com/photos/essayist/192806541,https://www.flickr.com/photos/essayist/192806541,data/desktop_scenes_batch5/manifest.csv
https://flickr.com/photos/euphro/5596608640,https://www.flickr.com/photos/euphro/5596608640,data/desktop_scenes_batch3/manifest.csv
https://flickr.com/photos/evelynsaenz/4987251558,https://www.flickr.com/photos/evelynsaenz/4987251558,data/desktop_scenes_batch3/manifest.csv
https://flickr.com/photos/evilsarah/3989577004,https://www.flickr.com/photos/evilsarah/3989577004,data/desktop_scenes_batch3/manifest.csv
https://flickr.com/photos/evilsarah/3989577244,https://www.flickr.com/photos/evilsarah/3989577244,data/desktop_scenes_batch5/manifest.csv
https://flickr.com/photos/experiencela/77236360,https://www.flickr.com/photos/experiencela/77236360,data/desktop_scenes_batch5/manifest.csv
https://flickr.com/photos/exportryan/13230143,https://www.flickr.com/photos/exportryan/13230143,data/desktop_scenes_batch5/manifest.csv
https://flickr.com/photos/eyeno/128506455,https://www.flickr.com/photos/eyeno/128506455,data/desktop_scenes_batch3/manifest.csv
https://flickr.com/photos/fabola/27563769762,https://www.flickr.com/photos/fabola/27563769762,data/desktop_scenes_batch5/manifest.csv
https://flickr.com/photos/fabola/28400049494,https://www.flickr.com/photos/fabola/28400049494,data/desktop_scenes_batch5/manifest.csv
https://flickr.com/photos/fabricio/3160416023,https://www.flickr.com/photos/fabricio/3160416023,data/desktop_scenes_batch3/manifest.csv
https://flickr.com/photos/fairbrand/2438846002,https://www.flickr.com/photos/fairbrand/2438846002,data/desktop_scenes_batch3/manifest.csv
https://flickr.com/photos/falchion/3993063728,https://www.flickr.com/photos/falchion/3993063728,data/desktop_scenes_batch4/manifest.csv
https://flickr.com/photos/falh/6394129505,https://www.flickr.com/photos/falh/6394129505,data/desktop_scenes_batch5/manifest.csv
https://flickr.com/photos/fecandia/8198769699,https://www.flickr.com/photos/fecandia/8198769699,data/desktop_scenes_batch3/manifest.csv
https://flickr.com/photos/fergiefam007/4677133183,https://www.flickr.com/photos/fergiefam007/4677133183,data/desktop_scenes_batch3/manifest.csv
https://flickr.com/photos/fernando/5374472951,https://www.flickr.com/photos/fernando/5374472951,data/desktop_scenes_batch5/manifest.csv
https://flickr.com/photos/fernando_pc/30413410642,https://www.flickr.com/photos/fernando_pc/30413410642,data/desktop_scenes_batch3/manifest.csv
https://flickr.com/photos/feserc/5497209721,https://www.flickr.com/photos/feserc/5497209721,data/desktop_scenes_batch3/manifest.csv
https://flickr.com/photos/feverblue/2558232415,https://www.flickr.com/photos/feverblue/2558232415,data/desktop_scenes_batch4/manifest.csv
https://flickr.com/photos/fifikins/3440453905,https://www.flickr.com/photos/fifikins/3440453905,data/desktop_scenes_batch3/manifest.csv
https://flickr.com/photos/flameeyes/2291902226,https://www.flickr.com/photos/flameeyes/2291902226,data/desktop_scenes_batch5/manifest.csv
https://flickr.com/photos/flashesofpanic/5553080194,https://www.flickr.com/photos/flashesofpanic/5553080194,data/desktop_scenes_batch5/manifest.csv
https://flickr.com/photos/flickr4jazz/3736798934,https://www.flickr.com/photos/flickr4jazz/3736798934,data/desktop_scenes_batch3/manifest.csv
https://flickr.com/photos/flickrsven/2782252233,https://www.flickr.com/photos/flickrsven/2782252233,data/desktop_scenes_batch5/manifest.csv
https://flickr.com/photos/flickrsven/5909728539,https://www.flickr.com/photos/flickrsven/5909728539,data/desktop_scenes_batch4/manifest.csv
https://flickr.com/photos/flissphil/157730005,https://www.flickr.com/photos/flissphil/157730005,data/desktop_scenes_batch3/manifest.csv
https://flickr.com/photos/floridamemory/15908459980,https://www.flickr.com/photos/floridamemory/15908459980,data/desktop_scenes_batch5/manifest.csv
https://flickr.com/photos/fo0bar/4850509973,https://www.flickr.com/photos/fo0bar/4850509973,data/desktop_scenes_batch3/manifest.csv
https://flickr.com/photos/fogcat5/7546505254,https://www.flickr.com/photos/fogcat5/7546505254,data/desktop_scenes_batch5/manifest.csv
https://flickr.com/photos/folkdevil/3879595865,https://www.flickr.com/photos/folkdevil/3879595865,data/desktop_scenes_batch3/manifest.csv
https://flickr.com/photos/ford/279427637,https://www.flickr.com/photos/ford/279427637,data/desktop_scenes_batch4/manifest.csv
https://flickr.com/photos/forwarddefensive/51977380832,https://www.flickr.com/photos/forwarddefensive/51977380832,data/desktop_scenes_batch5/manifest.csv
https://flickr.com/photos/foundingfarmers/4743045608,https://www.flickr.com/photos/foundingfarmers/4743045608,data/desktop_scenes_batch3/manifest.csv
https://flickr.com/photos/fran001/5604838945,https://www.flickr.com/photos/fran001/5604838945,data/desktop_scenes_batch5/manifest.csv
https://flickr.com/photos/frank_behrens/10139419364,https://www.flickr.com/photos/frank_behrens/10139419364,data/desktop_scenes_batch3/manifest.csv
https://flickr.com/photos/frank_behrens/24220930213,https://www.flickr.com/photos/frank_behrens/24220930213,data/desktop_scenes_batch3/manifest.csv
https://flickr.com/photos/frank_behrens/24914368936,https://www.flickr.com/photos/frank_behrens/24914368936,data/desktop_scenes_batch5/manifest.csv
https://flickr.com/photos/frank_behrens/8730920107,https://www.flickr.com/photos/frank_behrens/8730920107,data/desktop_scenes_batch3/manifest.csv
https://flickr.com/photos/frank_behrens/8753516959,https://www.flickr.com/photos/frank_behrens/8753516959,data/desktop_scenes_batch5/manifest.csv
https://flickr.com/photos/frank_behrens/8757507650,https://www.flickr.com/photos/frank_behrens/8757507650,data/desktop_scenes_batch3/manifest.csv
https://flickr.com/photos/franklinheijnen/28214600981,https://www.flickr.com/photos/franklinheijnen/28214600981,data/desktop_scenes_batch3/manifest.csv
https://flickr.com/photos/free-stuff/25414724083,https://www.flickr.com/photos/free-stuff/25414724083,data/desktop_scenes_batch3/manifest.csv
https://flickr.com/photos/freestocks/33631368531,https://www.flickr.com/photos/freestocks/33631368531,data/desktop_scenes_batch3/manifest.csv
https://flickr.com/photos/frkstyle/4854372700,https://www.flickr.com/photos/frkstyle/4854372700,data/desktop_scenes_batch3/manifest.csv
https://flickr.com/photos/fronx/533603302,https://www.flickr.com/photos/fronx/533603302,data/desktop_scenes_batch3/manifest.csv
https://flickr.com/photos/frted/4685567723,https://www.flickr.com/photos/frted/4685567723,data/desktop_scenes_batch5/manifest.csv
https://flickr.com/photos/frted/6101670729,https://www.flickr.com/photos/frted/6101670729,data/desktop_scenes_batch4/manifest.csv
https://flickr.com/photos/frted/6102220244,https://www.flickr.com/photos/frted/6102220244,data/desktop_scenes_batch3/manifest.csv
https://flickr.com/photos/fruey/5005685098,https://www.flickr.com/photos/fruey/5005685098,data/desktop_scenes_batch4/manifest.csv
https://flickr.com/photos/fukapon/11733895983,https://www.flickr.com/photos/fukapon/11733895983,data/desktop_scenes_batch5/manifest.csv
https://flickr.com/photos/furibond/363395183,https://www.flickr.com/photos/furibond/363395183,data/desktop_scenes_batch3/manifest.csv
https://flickr.com/photos/fusion_of_horizons/6132401607,https://www.flickr.com/photos/fusion_of_horizons/6132401607,data/desktop_scenes_batch5/manifest.csv
https://flickr.com/photos/fuzzysaurus/17094350343,https://www.flickr.com/photos/fuzzysaurus/17094350343,data/desktop_scenes_batch5/manifest.csv
https://flickr.com/photos/fw190a8/343932307,https://www.flickr.com/photos/fw190a8/343932307,data/desktop_scenes_batch4/manifest.csv
https://flickr.com/photos/gabizou/2361753871,https://www.flickr.com/photos/gabizou/2361753871,data/desktop_scenes_batch3/manifest.csv
https://flickr.com/photos/gabrielsaldana/3292928833,https://www.flickr.com/photos/gabrielsaldana/3292928833,data/desktop_scenes_batch5/manifest.csv
https://flickr.com/photos/gallen-kallelanmuseo/27835021492,https://www.flickr.com/photos/gallen-kallelanmuseo/27835021492,data/desktop_scenes_batch3/manifest.csv
https://flickr.com/photos/gardener41/5753015326,https://www.flickr.com/photos/gardener41/5753015326,data/desktop_scenes_batch3/manifest.csv
https://flickr.com/photos/garlik/139860458,https://www.flickr.com/photos/garlik/139860458,data/desktop_scenes_batch3/manifest.csv
https://flickr.com/photos/garyjwood/4841599247,https://www.flickr.com/photos/garyjwood/4841599247,data/desktop_scenes_batch3/manifest.csv
https://flickr.com/photos/gastaum/3550831073,https://www.flickr.com/photos/gastaum/3550831073,data/desktop_scenes_batch4/manifest.csv
https://flickr.com/photos/gee01/307965808,https://www.flickr.com/photos/gee01/307965808,data/desktop_scenes_batch3/manifest.csv
https://flickr.com/photos/geishaboy500/132834253,https://www.flickr.com/photos/geishaboy500/132834253,data/desktop_scenes_batch4/manifest.csv
https://flickr.com/photos/gemmerich/7246889348,https://www.flickr.com/photos/gemmerich/7246889348,data/desktop_scenes_batch3/manifest.csv
https://flickr.com/photos/gemstone/2215657406,https://www.flickr.com/photos/gemstone/2215657406,data/desktop_scenes_batch4/manifest.csv
https://flickr.com/photos/generationbass/4827013488,https://www.flickr.com/photos/generationbass/4827013488,data/desktop_scenes_batch5/manifest.csv
https://flickr.com/photos/genista/3232826673,https://www.flickr.com/photos/genista/3232826673,data/desktop_scenes_batch3/manifest.csv
https://flickr.com/photos/genista/5315376461,https://www.flickr.com/photos/genista/5315376461,data/desktop_scenes_batch5/manifest.csv
https://flickr.com/photos/georigami/5349690649,https://www.flickr.com/photos/georigami/5349690649,data/desktop_scenes_batch5/manifest.csv
https://flickr.com/photos/geroithe/163551152,https://www.flickr.com/photos/geroithe/163551152,data/desktop_scenes_batch5/manifest.csv
https://flickr.com/photos/gforsythe/41706752851,https://www.flickr.com/photos/gforsythe/41706752851,data/desktop_scenes_batch4/manifest.csv
https://flickr.com/photos/ghoseb/1380825019,https://www.flickr.com/photos/ghoseb/1380825019,data/desktop_scenes_batch3/manifest.csv
https://flickr.com/photos/ginnerobot/3421174304,https://www.flickr.com/photos/ginnerobot/3421174304,data/desktop_scenes_batch3/manifest.csv
https://flickr.com/photos/ginnerobot/3807874020,https://www.flickr.com/photos/ginnerobot/3807874020,data/desktop_scenes_batch3/manifest.csv
https://flickr.com/photos/ginnylgorman/4697908135,https://www.flickr.com/photos/ginnylgorman/4697908135,data/desktop_scenes_batch5/manifest.csv
https://flickr.com/photos/girlgeek/110469214,https://www.flickr.com/photos/girlgeek/110469214,data/desktop_scenes_batch5/manifest.csv
https://flickr.com/photos/girlgeek/16448507,https://www.flickr.com/photos/girlgeek/16448507,data/desktop_scenes_batch5/manifest.csv
https://flickr.com/photos/girlgeek/86669814,https://www.flickr.com/photos/girlgeek/86669814,data/desktop_scenes_batch5/manifest.csv
https://flickr.com/photos/git/2154780600,https://www.flickr.com/photos/git/2154780600,data/desktop_scenes_batch5/manifest.csv
https://flickr.com/photos/gj_thewhite/8570492902,https://www.flickr.com/photos/gj_thewhite/8570492902,data/desktop_scenes_batch3/manifest.csv
https://flickr.com/photos/glassblower/4214120125,https://www.flickr.com/photos/glassblower/4214120125,data/desktop_scenes_batch5/manifest.csv
https://flickr.com/photos/goblinbox/22542244212,https://www.flickr.com/photos/goblinbox/22542244212,data/desktop_scenes_batch5/manifest.csv
https://flickr.com/photos/goblinbox/29122257610,https://www.flickr.com/photos/goblinbox/29122257610,data/desktop_scenes_batch3/manifest.csv
https://flickr.com/photos/goblinbox/37199398635,https://www.flickr.com/photos/goblinbox/37199398635,data/desktop_scenes_batch3/manifest.csv
https://flickr.com/photos/goedekers/12994740683,https://www.flickr.com/photos/goedekers/12994740683,data/desktop_scenes_batch5/manifest.csv
https://flickr.com/photos/gopak/52380400959,https://www.flickr.com/photos/gopak/52380400959,data/desktop_scenes_batch3/manifest.csv
https://flickr.com/photos/gopak/52975959156,https://www.flickr.com/photos/gopak/52975959156,data/desktop_scenes_batch5/manifest.csv
https://flickr.com/photos/governornikkihaley/26923763511,https://www.flickr.com/photos/governornikkihaley/26923763511,data/desktop_scenes_batch5/manifest.csv
https://flickr.com/photos/governornikkihaley/26923764761,https://www.flickr.com/photos/governornikkihaley/26923764761,data/desktop_scenes_batch3/manifest.csv
https://flickr.com/photos/gracefaces/50542185627,https://www.flickr.com/photos/gracefaces/50542185627,data/desktop_scenes_batch5/manifest.csv
https://flickr.com/photos/granite-charlotte/4253638201,https://www.flickr.com/photos/granite-charlotte/4253638201,data/desktop_scenes_batch3/manifest.csv
https://flickr.com/photos/granite-charlotte/4253649357,https://www.flickr.com/photos/granite-charlotte/4253649357,data/desktop_scenes_batch3/manifest.csv
https://flickr.com/photos/granite-charlotte/4254408532,https://www.flickr.com/photos/granite-charlotte/4254408532,data/desktop_scenes_batch3/manifest.csv
https://flickr.com/photos/grantlairdjr/147348118,https://www.flickr.com/photos/grantlairdjr/147348118,data/desktop_scenes_batch3/manifest.csv
https://flickr.com/photos/grantwickes/14029406960,https://www.flickr.com/photos/grantwickes/14029406960,data/desktop_scenes_batch5/manifest.csv
https://flickr.com/photos/greenehouse/8267471234,https://www.flickr.com/photos/greenehouse/8267471234,data/desktop_scenes_batch3/manifest.csv
https://flickr.com/photos/greghahn/2529374638,https://www.flickr.com/photos/greghahn/2529374638,data/desktop_scenes_batch3/manifest.csv
https://flickr.com/photos/gregwalters/308149230,https://www.flickr.com/photos/gregwalters/308149230,data/desktop_scenes_batch5/manifest.csv
https://flickr.com/photos/grggrssmr/3653560187,https://www.flickr.com/photos/grggrssmr/3653560187,data/desktop_scenes_batch3/manifest.csv
https://flickr.com/photos/grggrssmr/3654355082,https://www.flickr.com/photos/grggrssmr/3654355082,data/desktop_scenes_batch3/manifest.csv
https://flickr.com/photos/grosmornecoop/9250516428,https://www.flickr.com/photos/grosmornecoop/9250516428,data/desktop_scenes_batch5/manifest.csv
https://flickr.com/photos/grumpychris/303743815,https://www.flickr.com/photos/grumpychris/303743815,data/desktop_scenes_batch3/manifest.csv
https://flickr.com/photos/gt8073a/5378040054,https://www.flickr.com/photos/gt8073a/5378040054,data/desktop_scenes_batch5/manifest.csv
https://flickr.com/photos/gudmd/2592760079,https://www.flickr.com/photos/gudmd/2592760079,data/desktop_scenes_batch5/manifest.csv
https://flickr.com/photos/gudmd/2592772981,https://www.flickr.com/photos/gudmd/2592772981,data/desktop_scenes_batch5/manifest.csv
https://flickr.com/photos/gudmd/2592772993,https://www.flickr.com/photos/gudmd/2592772993,data/desktop_scenes_batch5/manifest.csv
https://flickr.com/photos/gudmd/2592772997,https://www.flickr.com/photos/gudmd/2592772997,data/desktop_scenes_batch5/manifest.csv
https://flickr.com/photos/guyblade/4254345025,https://www.flickr.com/photos/guyblade/4254345025,data/desktop_scenes_batch3/manifest.csv
https://flickr.com/photos/gwdexter/2573281072,https://www.flickr.com/photos/gwdexter/2573281072,data/desktop_scenes_batch3/manifest.csv
https://flickr.com/photos/h4ck/2499722763,https://www.flickr.com/photos/h4ck/2499722763,data/desktop_scenes_batch5/manifest.csv
https://flickr.com/photos/h4ck/6360314823,https://www.flickr.com/photos/h4ck/6360314823,data/desktop_scenes_batch3/manifest.csv
https://flickr.com/photos/haemoglobe/2125423115,https://www.flickr.com/photos/haemoglobe/2125423115,data/desktop_scenes_batch3/manifest.csv
https://flickr.com/photos/halfaloafoftofu/413465271,https://www.flickr.com/photos/halfaloafoftofu/413465271,data/desktop_scenes_batch5/manifest.csv
https://flickr.com/photos/hamed/428063513,https://www.flickr.com/photos/hamed/428063513,data/desktop_scenes_batch5/manifest.csv
https://flickr.com/photos/hammer51012/27103565321,https://www.flickr.com/photos/hammer51012/27103565321,data/desktop_scenes_batch5/manifest.csv
https://flickr.com/photos/hansbrastad/3370238964,https://www.flickr.com/photos/hansbrastad/3370238964,data/desktop_scenes_batch3/manifest.csv
https://flickr.com/photos/hanuska/10412188545,https://www.flickr.com/photos/hanuska/10412188545,data/desktop_scenes_batch3/manifest.csv
https://flickr.com/photos/hanuska/4947779263,https://www.flickr.com/photos/hanuska/4947779263,data/desktop_scenes_batch5/manifest.csv
https://flickr.com/photos/hanuska/5852580431,https://www.flickr.com/photos/hanuska/5852580431,data/desktop_scenes_batch3/manifest.csv
https://flickr.com/photos/happenstancephotos/4582796505,https://www.flickr.com/photos/happenstancephotos/4582796505,data/desktop_scenes_batch3/manifest.csv
https://flickr.com/photos/hashir/936394705,https://www.flickr.com/photos/hashir/936394705,data/desktop_scenes_batch5/manifest.csv
https://flickr.com/photos/hawksanddoves/1423312308,https://www.flickr.com/photos/hawksanddoves/1423312308,data/desktop_scenes_batch3/manifest.csv
https://flickr.com/photos/haynes/395228752,https://www.flickr.com/photos/haynes/395228752,data/desktop_scenes_batch3/manifest.csv
https://flickr.com/photos/haynes/8523632420,https://www.flickr.com/photos/haynes/8523632420,data/desktop_scenes_batch3/manifest.csv
https://flickr.com/photos/headrotor/3534524551,https://www.flickr.com/photos/headrotor/3534524551,data/desktop_scenes_batch3/manifest.csv
https://flickr.com/photos/headrotor/3534524555,https://www.flickr.com/photos/headrotor/3534524555,data/desktop_scenes_batch3/manifest.csv
https://flickr.com/photos/heatheronhertravels/6488627849,https://www.flickr.com/photos/heatheronhertravels/6488627849,data/desktop_scenes_batch3/manifest.csv
https://flickr.com/photos/heathersokol/4894254381,https://www.flickr.com/photos/heathersokol/4894254381,data/desktop_scenes_batch3/manifest.csv
https://flickr.com/photos/heathersokol/4894855272,https://www.flickr.com/photos/heathersokol/4894855272,data/desktop_scenes_batch3/manifest.csv
https://flickr.com/photos/heinecke/3005506765,https://www.flickr.com/photos/heinecke/3005506765,data/desktop_scenes_batch4/manifest.csv
https://flickr.com/photos/heleenmeijer/26958522721,https://www.flickr.com/photos/heleenmeijer/26958522721,data/desktop_scenes_batch5/manifest.csv
https://flickr.com/photos/hendry/1258626919,https://www.flickr.com/photos/hendry/1258626919,data/desktop_scenes_batch4/manifest.csv
https://flickr.com/photos/hendry/2067324986,https://www.flickr.com/photos/hendry/2067324986,data/desktop_scenes_batch4/manifest.csv
https://flickr.com/photos/herestanding/6686966955,https://www.flickr.com/photos/herestanding/6686966955,data/desktop_scenes_batch3/manifest.csv
https://flickr.com/photos/heroiclife/5828862291,https://www.flickr.com/photos/heroiclife/5828862291,data/desktop_scenes_batch3/manifest.csv
https://flickr.com/photos/hexidecimal/5557120108,https://www.flickr.com/photos/hexidecimal/5557120108,data/desktop_scenes_batch5/manifest.csv
https://flickr.com/photos/hexidecimal/6869044846,https://www.flickr.com/photos/hexidecimal/6869044846,data/desktop_scenes_batch5/manifest.csv
https://flickr.com/photos/heyahsan/7735071052,https://www.flickr.com/photos/heyahsan/7735071052,data/desktop_scenes_batch5/manifest.csv
https://flickr.com/photos/heyrocker/122383901,https://www.flickr.com/photos/heyrocker/122383901,data/desktop_scenes_batch3/manifest.csv
https://flickr.com/photos/hfiguiere/14829654884,https://www.flickr.com/photos/hfiguiere/14829654884,data/desktop_scenes_batch5/manifest.csv
https://flickr.com/photos/hfiguiere/15063679024,https://www.flickr.com/photos/hfiguiere/15063679024,data/desktop_scenes_batch5/manifest.csv
https://flickr.com/photos/hfiguiere/15133869343,https://www.flickr.com/photos/hfiguiere/15133869343,data/desktop_scenes_batch5/manifest.csv
https://flickr.com/photos/hfiguiere/15245409653,https://www.flickr.com/photos/hfiguiere/15245409653,data/desktop_scenes_batch5/manifest.csv
https://flickr.com/photos/hfiguiere/15442153208,https://www.flickr.com/photos/hfiguiere/15442153208,data/desktop_scenes_batch5/manifest.csv
https://flickr.com/photos/hfiguiere/15609426236,https://www.flickr.com/photos/hfiguiere/15609426236,data/desktop_scenes_batch5/manifest.csv
https://flickr.com/photos/hfiguiere/15674250183,https://www.flickr.com/photos/hfiguiere/15674250183,data/desktop_scenes_batch5/manifest.csv
https://flickr.com/photos/hfiguiere/15683268201,https://www.flickr.com/photos/hfiguiere/15683268201,data/desktop_scenes_batch5/manifest.csv
https://flickr.com/photos/hfiguiere/16023428948,https://www.flickr.com/photos/hfiguiere/16023428948,data/desktop_scenes_batch5/manifest.csv
https://flickr.com/photos/hfiguiere/16024442737,https://www.flickr.com/photos/hfiguiere/16024442737,data/desktop_scenes_batch5/manifest.csv
https://flickr.com/photos/hfiguiere/16132629275,https://www.flickr.com/photos/hfiguiere/16132629275,data/desktop_scenes_batch5/manifest.csv
https://flickr.com/photos/hfiguiere/16276650296,https://www.flickr.com/photos/hfiguiere/16276650296,data/desktop_scenes_batch5/manifest.csv
https://flickr.com/photos/hfiguiere/16328000441,https://www.flickr.com/photos/hfiguiere/16328000441,data/desktop_scenes_batch5/manifest.csv
https://flickr.com/photos/hfiguiere/16535788297,https://www.flickr.com/photos/hfiguiere/16535788297,data/desktop_scenes_batch5/manifest.csv
https://flickr.com/photos/hfiguiere/16551280849,https://www.flickr.com/photos/hfiguiere/16551280849,data/desktop_scenes_batch5/manifest.csv
https://flickr.com/photos/hfiguiere/16620784007,https://www.flickr.com/photos/hfiguiere/16620784007,data/desktop_scenes_batch5/manifest.csv
https://flickr.com/photos/hfiguiere/16674840053,https://www.flickr.com/photos/hfiguiere/16674840053,data/desktop_scenes_batch5/manifest.csv
https://flickr.com/photos/hfiguiere/16715281276,https://www.flickr.com/photos/hfiguiere/16715281276,data/desktop_scenes_batch5/manifest.csv
https://flickr.com/photos/hfiguiere/16739708812,https://www.flickr.com/photos/hfiguiere/16739708812,data/desktop_scenes_batch5/manifest.csv
https://flickr.com/photos/hfiguiere/16747236205,https://www.flickr.com/photos/hfiguiere/16747236205,data/desktop_scenes_batch5/manifest.csv
https://flickr.com/photos/hfiguiere/16752834167,https://www.flickr.com/photos/hfiguiere/16752834167,data/desktop_scenes_batch5/manifest.csv
https://flickr.com/photos/hfiguiere/17008301179,https://www.flickr.com/photos/hfiguiere/17008301179,data/desktop_scenes_batch5/manifest.csv
https://flickr.com/photos/hfiguiere/18254918065,https://www.flickr.com/photos/hfiguiere/18254918065,data/desktop_scenes_batch5/manifest.csv
https://flickr.com/photos/hfiguiere/18345384306,https://www.flickr.com/photos/hfiguiere/18345384306,data/desktop_scenes_batch5/manifest.csv
https://flickr.com/photos/hfiguiere/26277535183,https://www.flickr.com/photos/hfiguiere/26277535183,data/desktop_scenes_batch5/manifest.csv
https://flickr.com/photos/hfiguiere/26429354323,https://www.flickr.com/photos/hfiguiere/26429354323,data/desktop_scenes_batch5/manifest.csv
https://flickr.com/photos/hfiguiere/26689706062,https://www.flickr.com/photos/hfiguiere/26689706062,data/desktop_scenes_batch5/manifest.csv
https://flickr.com/photos/hfiguiere/27170057013,https://www.flickr.com/photos/hfiguiere/27170057013,data/desktop_scenes_batch3/manifest.csv
https://flickr.com/photos/hfiguiere/32161209526,https://www.flickr.com/photos/hfiguiere/32161209526,data/desktop_scenes_batch3/manifest.csv
https://flickr.com/photos/hfiguiere/33746590280,https://www.flickr.com/photos/hfiguiere/33746590280,data/desktop_scenes_batch5/manifest.csv
https://flickr.com/photos/hfiguiere/34593670560,https://www.flickr.com/photos/hfiguiere/34593670560,data/desktop_scenes_batch5/manifest.csv
https://flickr.com/photos/hibino/41969307,https://www.flickr.com/photos/hibino/41969307,data/desktop_scenes_batch3/manifest.csv
https://flickr.com/photos/hibino/4611363,https://www.flickr.com/photos/hibino/4611363,data/desktop_scenes_batch5/manifest.csv
https://flickr.com/photos/hibino/4648349,https://www.flickr.com/photos/hibino/4648349,data/desktop_scenes_batch3/manifest.csv
https://flickr.com/photos/hickey-fry/22406783326,https://www.flickr.com/photos/hickey-fry/22406783326,data/desktop_scenes_batch3/manifest.csv
https://flickr.com/photos/hildgrim/4136809491,https://www.flickr.com/photos/hildgrim/4136809491,data/desktop_scenes_batch5/manifest.csv
https://flickr.com/photos/hinnosaar/8500133795,https://www.flickr.com/photos/hinnosaar/8500133795,data/desktop_scenes_batch3/manifest.csv
https://flickr.com/photos/hisgett/14613997099,https://www.flickr.com/photos/hisgett/14613997099,data/desktop_scenes_batch5/manifest.csv
https://flickr.com/photos/hisgett/14798254544,https://www.flickr.com/photos/hisgett/14798254544,data/desktop_scenes_batch5/manifest.csv
https://flickr.com/photos/hisgett/14798289024,https://www.flickr.com/photos/hisgett/14798289024,data/desktop_scenes_batch5/manifest.csv
https://flickr.com/photos/hlokenende/52299805131,https://www.flickr.com/photos/hlokenende/52299805131,data/desktop_scenes_batch3/manifest.csv
https://flickr.com/photos/hodgers/3126952638,https://www.flickr.com/photos/hodgers/3126952638,data/desktop_scenes_batch4/manifest.csv
https://flickr.com/photos/homegetscom/29727415408,https://www.flickr.com/photos/homegetscom/29727415408,data/desktop_scenes_batch3/manifest.csv
https://flickr.com/photos/homegetscom/44020060401,https://www.flickr.com/photos/homegetscom/44020060401,data/desktop_scenes_batch5/manifest.csv
https://flickr.com/photos/houdini_cs/2952281650,https://www.flickr.com/photos/houdini_cs/2952281650,data/desktop_scenes_batch3/manifest.csv
https://flickr.com/photos/houdini_cs/2952281666,https://www.flickr.com/photos/houdini_cs/2952281666,data/desktop_scenes_batch3/manifest.csv
https://flickr.com/photos/houseofhall/9765713252,https://www.flickr.com/photos/houseofhall/9765713252,data/desktop_scenes_batch5/manifest.csv
https://flickr.com/photos/hsabetto/8544606138,https://www.flickr.com/photos/hsabetto/8544606138,data/desktop_scenes_batch3/manifest.csv
https://flickr.com/photos/huffstutterrobertl/4511222673,https://www.flickr.com/photos/huffstutterrobertl/4511222673,data/desktop_scenes_batch5/manifest.csv
https://flickr.com/photos/huffstutterrobertl/8242121896,https://www.flickr.com/photos/huffstutterrobertl/8242121896,data/desktop_scenes_batch3/manifest.csv
https://flickr.com/photos/hulagway/5538775950,https://www.flickr.com/photos/hulagway/5538775950,data/desktop_scenes_batch3/manifest.csv
https://flickr.com/photos/hyku/493708236,https://www.flickr.com/photos/hyku/493708236,data/desktop_scenes_batch3/manifest.csv
https://flickr.com/photos/hywell/349295916,https://www.flickr.com/photos/hywell/349295916,data/desktop_scenes_batch3/manifest.csv
https://flickr.com/photos/ibaraki2001/5720780847,https://www.flickr.com/photos/ibaraki2001/5720780847,data/desktop_scenes_batch3/manifest.csv
https://flickr.com/photos/icanchangethisright/3614356783,https://www.flickr.com/photos/icanchangethisright/3614356783,data/desktop_scenes_batch5/manifest.csv
https://flickr.com/photos/icetsarina/50561182987,https://www.flickr.com/photos/icetsarina/50561182987,data/desktop_scenes_batch3/manifest.csv
https://flickr.com/photos/icyfrance/106817589,https://www.flickr.com/photos/icyfrance/106817589,data/desktop_scenes_batch4/manifest.csv
https://flickr.com/photos/illinoislibrary/8291555505,https://www.flickr.com/photos/illinoislibrary/8291555505,data/desktop_scenes_batch5/manifest.csv
https://flickr.com/photos/image-catalog/21430074014,https://www.flickr.com/photos/image-catalog/21430074014,data/desktop_scenes_batch3/manifest.csv
https://flickr.com/photos/image-catalog/22405874902,https://www.flickr.com/photos/image-catalog/22405874902,data/desktop_scenes_batch5/manifest.csv
https://flickr.com/photos/inbounduk/21084326569,https://www.flickr.com/photos/inbounduk/21084326569,data/desktop_scenes_batch3/manifest.csv
https://flickr.com/photos/indogemstone/15890451262,https://www.flickr.com/photos/indogemstone/15890451262,data/desktop_scenes_batch3/manifest.csv
https://flickr.com/photos/indogemstone/16123895572,https://www.flickr.com/photos/indogemstone/16123895572,data/desktop_scenes_batch3/manifest.csv
https://flickr.com/photos/indogemstone/16401789676,https://www.flickr.com/photos/indogemstone/16401789676,data/desktop_scenes_batch3/manifest.csv
https://flickr.com/photos/indogemstone/16401790056,https://www.flickr.com/photos/indogemstone/16401790056,data/desktop_scenes_batch3/manifest.csv
https://flickr.com/photos/indogemstone/17380594513,https://www.flickr.com/photos/indogemstone/17380594513,data/desktop_scenes_batch3/manifest.csv
https://flickr.com/photos/indogemstone/17380594573,https://www.flickr.com/photos/indogemstone/17380594573,data/desktop_scenes_batch3/manifest.csv
https://flickr.com/photos/indogemstone/17380594653,https://www.flickr.com/photos/indogemstone/17380594653,data/desktop_scenes_batch3/manifest.csv
https://flickr.com/photos/indogemstone/17380594663,https://www.flickr.com/photos/indogemstone/17380594663,data/desktop_scenes_batch3/manifest.csv
https://flickr.com/photos/indogemstone/17814307879,https://www.flickr.com/photos/indogemstone/17814307879,data/desktop_scenes_batch3/manifest.csv
https://flickr.com/photos/indogemstone/17814749679,https://www.flickr.com/photos/indogemstone/17814749679,data/desktop_scenes_batch3/manifest.csv
https://flickr.com/photos/indogemstone/17814749739,https://www.flickr.com/photos/indogemstone/17814749739,data/desktop_scenes_batch3/manifest.csv
https://flickr.com/photos/indogemstone/18000663805,https://www.flickr.com/photos/indogemstone/18000663805,data/desktop_scenes_batch3/manifest.csv
https://flickr.com/photos/indogemstone/18000663885,https://www.flickr.com/photos/indogemstone/18000663885,data/desktop_scenes_batch3/manifest.csv
https://flickr.com/photos/indogemstone/18000663895,https://www.flickr.com/photos/indogemstone/18000663895,data/desktop_scenes_batch3/manifest.csv
https://flickr.com/photos/indogemstone/18000663915,https://www.flickr.com/photos/indogemstone/18000663915,data/desktop_scenes_batch3/manifest.csv
https://flickr.com/photos/indogemstone/18001480295,https://www.flickr.com/photos/indogemstone/18001480295,data/desktop_scenes_batch3/manifest.csv
https://flickr.com/photos/indogemstone/18611377618,https://www.flickr.com/photos/indogemstone/18611377618,data/desktop_scenes_batch3/manifest.csv
https://flickr.com/photos/indogemstone/34064921204,https://www.flickr.com/photos/indogemstone/34064921204,data/desktop_scenes_batch3/manifest.csv
https://flickr.com/photos/indogemstone/34244459524,https://www.flickr.com/photos/indogemstone/34244459524,data/desktop_scenes_batch3/manifest.csv
https://flickr.com/photos/indogemstone/34520885290,https://www.flickr.com/photos/indogemstone/34520885290,data/desktop_scenes_batch3/manifest.csv
https://flickr.com/photos/indogemstone/34705033280,https://www.flickr.com/photos/indogemstone/34705033280,data/desktop_scenes_batch3/manifest.csv
https://flickr.com/photos/indogemstone/34705033430,https://www.flickr.com/photos/indogemstone/34705033430,data/desktop_scenes_batch3/manifest.csv
https://flickr.com/photos/indogemstone/34705033470,https://www.flickr.com/photos/indogemstone/34705033470,data/desktop_scenes_batch3/manifest.csv
https://flickr.com/photos/indogemstone/34961553911,https://www.flickr.com/photos/indogemstone/34961553911,data/desktop_scenes_batch3/manifest.csv
https://flickr.com/photos/indogemstone/35053460066,https://www.flickr.com/photos/indogemstone/35053460066,data/desktop_scenes_batch3/manifest.csv
https://flickr.com/photos/indogemstone/35053460096,https://www.flickr.com/photos/indogemstone/35053460096,data/desktop_scenes_batch3/manifest.csv
https://flickr.com/photos/indogemstone/38724312024,https://www.flickr.com/photos/indogemstone/38724312024,data/desktop_scenes_batch5/manifest.csv
https://flickr.com/photos/indycaver/5643674744,https://www.flickr.com/photos/indycaver/5643674744,data/desktop_scenes_batch3/manifest.csv
https://flickr.com/photos/infomastern/30493319336,https://www.flickr.com/photos/infomastern/30493319336,data/desktop_scenes_batch3/manifest.csv
https://flickr.com/photos/infomastern/30529671275,https://www.flickr.com/photos/infomastern/30529671275,data/desktop_scenes_batch3/manifest.csv
https://flickr.com/photos/infomastern/34850796951,https://www.flickr.com/photos/infomastern/34850796951,data/desktop_scenes_batch3/manifest.csv
https://flickr.com/photos/infomatique/6154047128,https://www.flickr.com/photos/infomatique/6154047128,data/desktop_scenes_batch3/manifest.csv
https://flickr.com/photos/infomatique/6876427752,https://www.flickr.com/photos/infomatique/6876427752,data/desktop_scenes_batch5/manifest.csv
https://flickr.com/photos/infomofo/140886438,https://www.flickr.com/photos/infomofo/140886438,data/desktop_scenes_batch3/manifest.csv
https://flickr.com/photos/infrogmation/27213396930,https://www.flickr.com/photos/infrogmation/27213396930,data/desktop_scenes_batch3/manifest.csv
https://flickr.com/photos/ingemarsdotter/6789151588,https://www.flickr.com/photos/ingemarsdotter/6789151588,data/desktop_scenes_batch3/manifest.csv
https://flickr.com/photos/ingveeh/14263642526,https://www.flickr.com/photos/ingveeh/14263642526,data/desktop_scenes_batch5/manifest.csv
https://flickr.com/photos/intheologus/3844307614,https://www.flickr.com/photos/intheologus/3844307614,data/desktop_scenes_batch5/manifest.csv
https://flickr.com/photos/ipjmike/305282659,https://www.flickr.com/photos/ipjmike/305282659,data/desktop_scenes_batch3/manifest.csv
https://flickr.com/photos/irenedavault/7509237104,https://www.flickr.com/photos/irenedavault/7509237104,data/desktop_scenes_batch3/manifest.csv
https://flickr.com/photos/iushosh/4523656175,https://www.flickr.com/photos/iushosh/4523656175,data/desktop_scenes_batch3/manifest.csv
https://flickr.com/photos/ivydawned/4053912539,https://www.flickr.com/photos/ivydawned/4053912539,data/desktop_scenes_batch5/manifest.csv
https://flickr.com/photos/iz4aks/4890262388,https://www.flickr.com/photos/iz4aks/4890262388,data/desktop_scenes_batch3/manifest.csv
https://flickr.com/photos/j26/5572545697,https://www.flickr.com/photos/j26/5572545697,data/desktop_scenes_batch4/manifest.csv
https://flickr.com/photos/j33pman/27603608793,https://www.flickr.com/photos/j33pman/27603608793,data/desktop_scenes_batch5/manifest.csv
https://flickr.com/photos/jacopast/2931235241,https://www.flickr.com/photos/jacopast/2931235241,data/desktop_scenes_batch3/manifest.csv
https://flickr.com/photos/jakecaptive/2061837291,https://www.flickr.com/photos/jakecaptive/2061837291,data/desktop_scenes_batch3/manifest.csv
https://flickr.com/photos/jamesdkirk/1608133364,https://www.flickr.com/photos/jamesdkirk/1608133364,data/desktop_scenes_batch5/manifest.csv
https://flickr.com/photos/janek_b/3605512041,https://www.flickr.com/photos/janek_b/3605512041,data/desktop_scenes_batch3/manifest.csv
https://flickr.com/photos/jaredfrazer/5090475248,https://www.flickr.com/photos/jaredfrazer/5090475248,data/desktop_scenes_batch3/manifest.csv
https://flickr.com/photos/jbaty/46678611364,https://www.flickr.com/photos/jbaty/46678611364,data/desktop_scenes_batch3/manifest.csv
https://flickr.com/photos/jbrons/5412226714,https://www.flickr.com/photos/jbrons/5412226714,data/desktop_scenes_batch3/manifest.csv
https://flickr.com/photos/jcbarros71/17212512784,https://www.flickr.com/photos/jcbarros71/17212512784,data/desktop_scenes_batch3/manifest.csv
https://flickr.com/photos/jcbarros71/17212514104,https://www.flickr.com/photos/jcbarros71/17212514104,data/desktop_scenes_batch3/manifest.csv
https://flickr.com/photos/jcbarros71/17647225438,https://www.flickr.com/photos/jcbarros71/17647225438,data/desktop_scenes_batch3/manifest.csv
https://flickr.com/photos/jcbarros71/17808729816,https://www.flickr.com/photos/jcbarros71/17808729816,data/desktop_scenes_batch3/manifest.csv
https://flickr.com/photos/jcwesley/370942317,https://www.flickr.com/photos/jcwesley/370942317,data/desktop_scenes_batch5/manifest.csv
https://flickr.com/photos/jdlouhy/3244045831,https://www.flickr.com/photos/jdlouhy/3244045831,data/desktop_scenes_batch5/manifest.csv
https://flickr.com/photos/jeanbaptistem/5048044629,https://www.flickr.com/photos/jeanbaptistem/5048044629,data/desktop_scenes_batch4/manifest.csv
https://flickr.com/photos/jemimus/4389619241,https://www.flickr.com/photos/jemimus/4389619241,data/desktop_scenes_batch4/manifest.csv
https://flickr.com/photos/jemimus/4824594750,https://www.flickr.com/photos/jemimus/4824594750,data/desktop_scenes_batch4/manifest.csv
https://flickr.com/photos/jemimus/5378288606,https://www.flickr.com/photos/jemimus/5378288606,data/desktop_scenes_batch3/manifest.csv
https://flickr.com/photos/jemimus/5536824093,https://www.flickr.com/photos/jemimus/5536824093,data/desktop_scenes_batch3/manifest.csv
https://flickr.com/photos/jemimus/602552279,https://www.flickr.com/photos/jemimus/602552279,data/desktop_scenes_batch5/manifest.csv
https://flickr.com/photos/jemimus/66531002,https://www.flickr.com/photos/jemimus/66531002,data/desktop_scenes_batch3/manifest.csv
https://flickr.com/photos/jennerosity/3026165737,https://www.flickr.com/photos/jennerosity/3026165737,data/desktop_scenes_batch3/manifest.csv
https://flickr.com/photos/jeremyfoo/1819304,https://www.flickr.com/photos/jeremyfoo/1819304,data/desktop_scenes_batch5/manifest.csv
https://flickr.com/photos/jeremyfoo/3585652834,https://www.flickr.com/photos/jeremyfoo/3585652834,data/desktop_scenes_batch3/manifest.csv
https://flickr.com/photos/jeremylevinedesign/16714471974,https://www.flickr.com/photos/jeremylevinedesign/16714471974,data/desktop_scenes_batch3/manifest.csv
https://flickr.com/photos/jeremylevinedesign/3640915522,https://www.flickr.com/photos/jeremylevinedesign/3640915522,data/desktop_scenes_batch3/manifest.csv
https://flickr.com/photos/jerhoyet/398680215,https://www.flickr.com/photos/jerhoyet/398680215,data/desktop_scenes_batch3/manifest.csv
https://flickr.com/photos/jessicamullen/4244484395,https://www.flickr.com/photos/jessicamullen/4244484395,data/desktop_scenes_batch5/manifest.csv
https://flickr.com/photos/jfanaian/7244708230,https://www.flickr.com/photos/jfanaian/7244708230,data/desktop_scenes_batch4/manifest.csv
https://flickr.com/photos/jim_woodward/6410046413,https://www.flickr.com/photos/jim_woodward/6410046413,data/desktop_scenes_batch3/manifest.csv
https://flickr.com/photos/jimmybenson/30804745784,https://www.flickr.com/photos/jimmybenson/30804745784,data/desktop_scenes_batch5/manifest.csv
https://flickr.com/photos/jimregan/26929599052,https://www.flickr.com/photos/jimregan/26929599052,data/desktop_scenes_batch5/manifest.csv
https://flickr.com/photos/jimregan/29849975682,https://www.flickr.com/photos/jimregan/29849975682,data/desktop_scenes_batch5/manifest.csv
https://flickr.com/photos/jimregan/30406645265,https://www.flickr.com/photos/jimregan/30406645265,data/desktop_scenes_batch5/manifest.csv
https://flickr.com/photos/jimwinstead/60217629,https://www.flickr.com/photos/jimwinstead/60217629,data/desktop_scenes_batch3/manifest.csv
https://flickr.com/photos/jjes84/54401145641,https://www.flickr.com/photos/jjes84/54401145641,data/desktop_scenes_batch3/manifest.csv
https://flickr.com/photos/jm3/1090158658,https://www.flickr.com/photos/jm3/1090158658,data/desktop_scenes_batch3/manifest.csv
https://flickr.com/photos/jmlawlor/3118851838,https://www.flickr.com/photos/jmlawlor/3118851838,data/desktop_scenes_batch4/manifest.csv
https://flickr.com/photos/jmv/11703870,https://www.flickr.com/photos/jmv/11703870,data/desktop_scenes_batch3/manifest.csv
https://flickr.com/photos/jocelyn777/40149653803,https://www.flickr.com/photos/jocelyn777/40149653803,data/desktop_scenes_batch3/manifest.csv
https://flickr.com/photos/joe57spike/6082076219,https://www.flickr.com/photos/joe57spike/6082076219,data/desktop_scenes_batch5/manifest.csv
https://flickr.com/photos/joeclin/33300504440,https://www.flickr.com/photos/joeclin/33300504440,data/desktop_scenes_batch3/manifest.csv
https://flickr.com/photos/joeflintham/5470922616,https://www.flickr.com/photos/joeflintham/5470922616,data/desktop_scenes_batch3/manifest.csv
https://flickr.com/photos/joeross/22964964943,https://www.flickr.com/photos/joeross/22964964943,data/desktop_scenes_batch5/manifest.csv
https://flickr.com/photos/johnath/7511660750,https://www.flickr.com/photos/johnath/7511660750,data/desktop_scenes_batch3/manifest.csv
https://flickr.com/photos/johnjoh/315282193,https://www.flickr.com/photos/johnjoh/315282193,data/desktop_scenes_batch5/manifest.csv
https://flickr.com/photos/johnkeane/5312816078,https://www.flickr.com/photos/johnkeane/5312816078,data/desktop_scenes_batch5/manifest.csv
https://flickr.com/photos/joiseyshowaa/46449086035,https://www.flickr.com/photos/joiseyshowaa/46449086035,data/desktop_scenes_batch5/manifest.csv
https://flickr.com/photos/jonbro/3183557857,https://www.flickr.com/photos/jonbro/3183557857,data/desktop_scenes_batch4/manifest.csv
https://flickr.com/photos/jondissed/4478377440,https://www.flickr.com/photos/jondissed/4478377440,data/desktop_scenes_batch5/manifest.csv
https://flickr.com/photos/jonhurd/3310326170,https://www.flickr.com/photos/jonhurd/3310326170,data/desktop_scenes_batch4/manifest.csv
https://flickr.com/photos/jonnyscholes/6183008207,https://www.flickr.com/photos/jonnyscholes/6183008207,data/desktop_scenes_batch3/manifest.csv
https://flickr.com/photos/joopey/3002799897,https://www.flickr.com/photos/joopey/3002799897,data/desktop_scenes_batch3/manifest.csv
https://flickr.com/photos/jopoe/5240558898,https://www.flickr.com/photos/jopoe/5240558898,data/desktop_scenes_batch3/manifest.csv
https://flickr.com/photos/jordan_wooley/2295921706,https://www.flickr.com/photos/jordan_wooley/2295921706,data/desktop_scenes_batch3/manifest.csv
https://flickr.com/photos/jordanklein/22661615398,https://www.flickr.com/photos/jordanklein/22661615398,data/desktop_scenes_batch3/manifest.csv
https://flickr.com/photos/joshleejosh/14915802053,https://www.flickr.com/photos/joshleejosh/14915802053,data/desktop_scenes_batch3/manifest.csv
https://flickr.com/photos/joshtabti/8204530290,https://www.flickr.com/photos/joshtabti/8204530290,data/desktop_scenes_batch5/manifest.csv
https://flickr.com/photos/joshuatreenp/31284256114,https://www.flickr.com/photos/joshuatreenp/31284256114,data/desktop_scenes_batch3/manifest.csv
https://flickr.com/photos/joshuatreenp/31315480233,https://www.flickr.com/photos/joshuatreenp/31315480233,data/desktop_scenes_batch3/manifest.csv
https://flickr.com/photos/joshuatreenp/32086459316,https://www.flickr.com/photos/joshuatreenp/32086459316,data/desktop_scenes_batch3/manifest.csv
https://flickr.com/photos/jp3d/4097125357,https://www.flickr.com/photos/jp3d/4097125357,data/desktop_scenes_batch4/manifest.csv
https://flickr.com/photos/jp3d/5093062404,https://www.flickr.com/photos/jp3d/5093062404,data/desktop_scenes_batch4/manifest.csv
https://flickr.com/photos/jstealth03/2289662376,https://www.flickr.com/photos/jstealth03/2289662376,data/desktop_scenes_batch4/manifest.csv
https://flickr.com/photos/juergen_ska/19166609428,https://www.flickr.com/photos/juergen_ska/19166609428,data/desktop_scenes_batch5/manifest.csv
https://flickr.com/photos/juggernautco/38267943632,https://www.flickr.com/photos/juggernautco/38267943632,data/desktop_scenes_batch5/manifest.csv
https://flickr.com/photos/juggernautco/6401177659,https://www.flickr.com/photos/juggernautco/6401177659,data/desktop_scenes_batch3/manifest.csv
https://flickr.com/photos/juggernautco/6787158736,https://www.flickr.com/photos/juggernautco/6787158736,data/desktop_scenes_batch3/manifest.csv
https://flickr.com/photos/juliejordanscott/23642221132,https://www.flickr.com/photos/juliejordanscott/23642221132,data/desktop_scenes_batch5/manifest.csv
https://flickr.com/photos/juliejordanscott/4419449967,https://www.flickr.com/photos/juliejordanscott/4419449967,data/desktop_scenes_batch3/manifest.csv
https://flickr.com/photos/juliejordanscott/4420213504,https://www.flickr.com/photos/juliejordanscott/4420213504,data/desktop_scenes_batch5/manifest.csv
https://flickr.com/photos/juliejordanscott/8586751124,https://www.flickr.com/photos/juliejordanscott/8586751124,data/desktop_scenes_batch5/manifest.csv
https://flickr.com/photos/jurvetson/49210977926,https://www.flickr.com/photos/jurvetson/49210977926,data/desktop_scenes_batch5/manifest.csv
https://flickr.com/photos/jurvetson/6218487522,https://www.flickr.com/photos/jurvetson/6218487522,data/desktop_scenes_batch5/manifest.csv
https://flickr.com/photos/justin/287491628,https://www.flickr.com/photos/justin/287491628,data/desktop_scenes_batch5/manifest.csv
https://flickr.com/photos/justthismoment/5209561106,https://www.flickr.com/photos/justthismoment/5209561106,data/desktop_scenes_batch5/manifest.csv
https://flickr.com/photos/jwalsh_/1394386843,https://www.flickr.com/photos/jwalsh_/1394386843,data/desktop_scenes_batch3/manifest.csv
https://flickr.com/photos/jwalsh_/2818875378,https://www.flickr.com/photos/jwalsh_/2818875378,data/desktop_scenes_batch5/manifest.csv
https://flickr.com/photos/jwyg/4497438196,https://www.flickr.com/photos/jwyg/4497438196,data/desktop_scenes_batch3/manifest.csv
https://flickr.com/photos/kahunapulej/7160997546,https://www.flickr.com/photos/kahunapulej/7160997546,data/desktop_scenes_batch3/manifest.csv
https://flickr.com/photos/kakurady/3916636839,https://www.flickr.com/photos/kakurady/3916636839,data/desktop_scenes_batch4/manifest.csv
https://flickr.com/photos/kalleboo/2240103283,https://www.flickr.com/photos/kalleboo/2240103283,data/desktop_scenes_batch3/manifest.csv
https://flickr.com/photos/kalleboo/2240644294,https://www.flickr.com/photos/kalleboo/2240644294,data/desktop_scenes_batch3/manifest.csv
https://flickr.com/photos/kalleboo/2240656076,https://www.flickr.com/photos/kalleboo/2240656076,data/desktop_scenes_batch3/manifest.csv
https://flickr.com/photos/kalleboo/2240837460,https://www.flickr.com/photos/kalleboo/2240837460,data/desktop_scenes_batch4/manifest.csv
https://flickr.com/photos/kalleboo/6624003277,https://www.flickr.com/photos/kalleboo/6624003277,data/desktop_scenes_batch3/manifest.csv
https://flickr.com/photos/kansirnet/118814288,https://www.flickr.com/photos/kansirnet/118814288,data/desktop_scenes_batch3/manifest.csv
https://flickr.com/photos/kansirnet/220008638,https://www.flickr.com/photos/kansirnet/220008638,data/desktop_scenes_batch4/manifest.csv
https://flickr.com/photos/karen_roe/6948597809,https://www.flickr.com/photos/karen_roe/6948597809,data/desktop_scenes_batch3/manifest.csv
https://flickr.com/photos/karen_roe/7190263225,https://www.flickr.com/photos/karen_roe/7190263225,data/desktop_scenes_batch5/manifest.csv
https://flickr.com/photos/karen_roe/7190263805,https://www.flickr.com/photos/karen_roe/7190263805,data/desktop_scenes_batch5/manifest.csv
https://flickr.com/photos/karen_roe/7190264985,https://www.flickr.com/photos/karen_roe/7190264985,data/desktop_scenes_batch5/manifest.csv
https://flickr.com/photos/karen_roe/7355207268,https://www.flickr.com/photos/karen_roe/7355207268,data/desktop_scenes_batch3/manifest.csv
https://flickr.com/photos/karen_roe/7375507052,https://www.flickr.com/photos/karen_roe/7375507052,data/desktop_scenes_batch5/manifest.csv
https://flickr.com/photos/karen_roe/7375512280,https://www.flickr.com/photos/karen_roe/7375512280,data/desktop_scenes_batch5/manifest.csv
https://flickr.com/photos/karen_roe/7472296758,https://www.flickr.com/photos/karen_roe/7472296758,data/desktop_scenes_batch5/manifest.csv
https://flickr.com/photos/karen_roe/7472301004,https://www.flickr.com/photos/karen_roe/7472301004,data/desktop_scenes_batch5/manifest.csv
https://flickr.com/photos/karlhorton/16266978959,https://www.flickr.com/photos/karlhorton/16266978959,data/desktop_scenes_batch5/manifest.csv
https://flickr.com/photos/katbus/25803811647,https://www.flickr.com/photos/katbus/25803811647,data/desktop_scenes_batch4/manifest.csv
https://flickr.com/photos/katbus/39965236864,https://www.flickr.com/photos/katbus/39965236864,data/desktop_scenes_batch4/manifest.csv
https://flickr.com/photos/katerha/5476408095,https://www.flickr.com/photos/katerha/5476408095,data/desktop_scenes_batch5/manifest.csv
https://flickr.com/photos/kathika/2450179968,https://www.flickr.com/photos/kathika/2450179968,data/desktop_scenes_batch3/manifest.csv
https://flickr.com/photos/kathycsus/2027175702,https://www.flickr.com/photos/kathycsus/2027175702,data/desktop_scenes_batch5/manifest.csv
https://flickr.com/photos/katsommers/8358174161,https://www.flickr.com/photos/katsommers/8358174161,data/desktop_scenes_batch5/manifest.csv
https://flickr.com/photos/kbl_luccia/22312263105,https://www.flickr.com/photos/kbl_luccia/22312263105,data/desktop_scenes_batch3/manifest.csv
https://flickr.com/photos/kedleson/50729589453,https://www.flickr.com/photos/kedleson/50729589453,data/desktop_scenes_batch5/manifest.csv
https://flickr.com/photos/kedleson/50738893967,https://www.flickr.com/photos/kedleson/50738893967,data/desktop_scenes_batch5/manifest.csv
https://flickr.com/photos/kedleson/50909725551,https://www.flickr.com/photos/kedleson/50909725551,data/desktop_scenes_batch5/manifest.csv
https://flickr.com/photos/kedleson/51087165116,https://www.flickr.com/photos/kedleson/51087165116,data/desktop_scenes_batch5/manifest.csv
https://flickr.com/photos/kedleson/51267441958,https://www.flickr.com/photos/kedleson/51267441958,data/desktop_scenes_batch5/manifest.csv
https://flickr.com/photos/kelly-brian/132044928,https://www.flickr.com/photos/kelly-brian/132044928,data/desktop_scenes_batch3/manifest.csv
https://flickr.com/photos/kellymccarthy/6282857501,https://www.flickr.com/photos/kellymccarthy/6282857501,data/desktop_scenes_batch3/manifest.csv
https://flickr.com/photos/ken_mayer/13694816703,https://www.flickr.com/photos/ken_mayer/13694816703,data/desktop_scenes_batch4/manifest.csv
https://flickr.com/photos/ken_mayer/13694824093,https://www.flickr.com/photos/ken_mayer/13694824093,data/desktop_scenes_batch4/manifest.csv
https://flickr.com/photos/ken_mayer/13695151324,https://www.flickr.com/photos/ken_mayer/13695151324,data/desktop_scenes_batch4/manifest.csv
https://flickr.com/photos/kencf0618/2457884815,https://www.flickr.com/photos/kencf0618/2457884815,data/desktop_scenes_batch3/manifest.csv
https://flickr.com/photos/kenlund/21826797412,https://www.flickr.com/photos/kenlund/21826797412,data/desktop_scenes_batch5/manifest.csv
https://flickr.com/photos/kenlund/21848256831,https://www.flickr.com/photos/kenlund/21848256831,data/desktop_scenes_batch5/manifest.csv
https://flickr.com/photos/kenlund/38818123915,https://www.flickr.com/photos/kenlund/38818123915,data/desktop_scenes_batch5/manifest.csv
https://flickr.com/photos/kenlund/5070129969,https://www.flickr.com/photos/kenlund/5070129969,data/desktop_scenes_batch5/manifest.csv
https://flickr.com/photos/kenlund/71856008,https://www.flickr.com/photos/kenlund/71856008,data/desktop_scenes_batch5/manifest.csv
https://flickr.com/photos/kennejima/410900005,https://www.flickr.com/photos/kennejima/410900005,data/desktop_scenes_batch3/manifest.csv
https://flickr.com/photos/kennejima/503250516,https://www.flickr.com/photos/kennejima/503250516,data/desktop_scenes_batch3/manifest.csv
https://flickr.com/photos/kentwang/218551602,https://www.flickr.com/photos/kentwang/218551602,data/desktop_scenes_batch3/manifest.csv
https://flickr.com/photos/kerinin/14335434549,https://www.flickr.com/photos/kerinin/14335434549,data/desktop_scenes_batch3/manifest.csv
https://flickr.com/photos/kevingessner/4791432035,https://www.flickr.com/photos/kevingessner/4791432035,data/desktop_scenes_batch5/manifest.csv
https://flickr.com/photos/kevinmarsh/1387348766,https://www.flickr.com/photos/kevinmarsh/1387348766,data/desktop_scenes_batch5/manifest.csv
https://flickr.com/photos/kevinmarsh/1425243727,https://www.flickr.com/photos/kevinmarsh/1425243727,data/desktop_scenes_batch4/manifest.csv
https://flickr.com/photos/kevins_adventure/58244293,https://www.flickr.com/photos/kevins_adventure/58244293,data/desktop_scenes_batch4/manifest.csv
https://flickr.com/photos/kevinwburkett/8307612972,https://www.flickr.com/photos/kevinwburkett/8307612972,data/desktop_scenes_batch3/manifest.csv
https://flickr.com/photos/kevygee/3017028968,https://www.flickr.com/photos/kevygee/3017028968,data/desktop_scenes_batch5/manifest.csv
https://flickr.com/photos/kimberlynmerrill/7787879316,https://www.flickr.com/photos/kimberlynmerrill/7787879316,data/desktop_scenes_batch3/manifest.csv
https://flickr.com/photos/kimtaro/3394772944,https://www.flickr.com/photos/kimtaro/3394772944,data/desktop_scenes_batch3/manifest.csv
https://flickr.com/photos/king-edward/5740795865,https://www.flickr.com/photos/king-edward/5740795865,data/desktop_scenes_batch3/manifest.csv
https://flickr.com/photos/kiwinz/4142780769,https://www.flickr.com/photos/kiwinz/4142780769,data/desktop_scenes_batch3/manifest.csv
https://flickr.com/photos/kkoukopoulos/3597761851,https://www.flickr.com/photos/kkoukopoulos/3597761851,data/desktop_scenes_batch5/manifest.csv
https://flickr.com/photos/klmircea/8775851227,https://www.flickr.com/photos/klmircea/8775851227,data/desktop_scenes_batch3/manifest.csv
https://flickr.com/photos/kmdoncaster/27401688481,https://www.flickr.com/photos/kmdoncaster/27401688481,data/desktop_scenes_batch3/manifest.csv
https://flickr.com/photos/kmore/6258398639,https://www.flickr.com/photos/kmore/6258398639,data/desktop_scenes_batch3/manifest.csv
https://flickr.com/photos/kmore/9144304914,https://www.flickr.com/photos/kmore/9144304914,data/desktop_scenes_batch5/manifest.csv
https://flickr.com/photos/kmsiever/4599919070,https://www.flickr.com/photos/kmsiever/4599919070,data/desktop_scenes_batch4/manifest.csv
https://flickr.com/photos/knittymarie/16842886409,https://www.flickr.com/photos/knittymarie/16842886409,data/desktop_scenes_batch3/manifest.csv
https://flickr.com/photos/knittymarie/4962412948,https://www.flickr.com/photos/knittymarie/4962412948,data/desktop_scenes_batch5/manifest.csv
https://flickr.com/photos/kodok/8365211606,https://www.flickr.com/photos/kodok/8365211606,data/desktop_scenes_batch5/manifest.csv
https://flickr.com/photos/komunews/5452474352,https://www.flickr.com/photos/komunews/5452474352,data/desktop_scenes_batch3/manifest.csv
https://flickr.com/photos/kona99/4303924522,https://www.flickr.com/photos/kona99/4303924522,data/desktop_scenes_batch3/manifest.csv
https://flickr.com/photos/konrad/27767294,https://www.flickr.com/photos/konrad/27767294,data/desktop_scenes_batch3/manifest.csv
https://flickr.com/photos/konrad/27767393,https://www.flickr.com/photos/konrad/27767393,data/desktop_scenes_batch3/manifest.csv
https://flickr.com/photos/korom/4550724491,https://www.flickr.com/photos/korom/4550724491,data/desktop_scenes_batch3/manifest.csv
https://flickr.com/photos/kreyc/5673687239,https://www.flickr.com/photos/kreyc/5673687239,data/desktop_scenes_batch5/manifest.csv
https://flickr.com/photos/kristoffer-trolle/15085955416,https://www.flickr.com/photos/kristoffer-trolle/15085955416,data/desktop_scenes_batch3/manifest.csv
https://flickr.com/photos/ksblack99/14429108395,https://www.flickr.com/photos/ksblack99/14429108395,data/desktop_scenes_batch3/manifest.csv
https://flickr.com/photos/ksulib/6432961603,https://www.flickr.com/photos/ksulib/6432961603,data/desktop_scenes_batch5/manifest.csv
https://flickr.com/photos/kumarsedit/23468938330,https://www.flickr.com/photos/kumarsedit/23468938330,data/desktop_scenes_batch3/manifest.csv
https://flickr.com/photos/kungpaocowboy/6083523048,https://www.flickr.com/photos/kungpaocowboy/6083523048,data/desktop_scenes_batch3/manifest.csv
https://flickr.com/photos/kurafire/29931785604,https://www.flickr.com/photos/kurafire/29931785604,data/desktop_scenes_batch3/manifest.csv
https://flickr.com/photos/kvh/5580666238,https://www.flickr.com/photos/kvh/5580666238,data/desktop_scenes_batch3/manifest.csv
https://flickr.com/photos/kylegordon/3382627016,https://www.flickr.com/photos/kylegordon/3382627016,data/desktop_scenes_batch4/manifest.csv
https://flickr.com/photos/kylegordon/7984821943,https://www.flickr.com/photos/kylegordon/7984821943,data/desktop_scenes_batch5/manifest.csv
https://flickr.com/photos/kyleriess/24142531069,https://www.flickr.com/photos/kyleriess/24142531069,data/desktop_scenes_batch5/manifest.csv
https://flickr.com/photos/kyletaylor/8143375119,https://www.flickr.com/photos/kyletaylor/8143375119,data/desktop_scenes_batch3/manifest.csv
https://flickr.com/photos/la-citta-vita/6262196947,https://www.flickr.com/photos/la-citta-vita/6262196947,data/desktop_scenes_batch3/manifest.csv
https://flickr.com/photos/la-citta-vita/6262199377,https://www.flickr.com/photos/la-citta-vita/6262199377,data/desktop_scenes_batch3/manifest.csv
https://flickr.com/photos/labor2008/3929291844,https://www.flickr.com/photos/labor2008/3929291844,data/desktop_scenes_batch3/manifest.csv
https://flickr.com/photos/ladyada/1907647898,https://www.flickr.com/photos/ladyada/1907647898,data/desktop_scenes_batch3/manifest.csv
https://flickr.com/photos/laggus/32253654525,https://www.flickr.com/photos/laggus/32253654525,data/desktop_scenes_batch5/manifest.csv
https://flickr.com/photos/lakemartinvoice/20518227905,https://www.flickr.com/photos/lakemartinvoice/20518227905,data/desktop_scenes_batch3/manifest.csv
https://flickr.com/photos/lancefisher/8336199051,https://www.flickr.com/photos/lancefisher/8336199051,data/desktop_scenes_batch5/manifest.csv
https://flickr.com/photos/landschaft/113524107,https://www.flickr.com/photos/landschaft/113524107,data/desktop_scenes_batch5/manifest.csv
https://flickr.com/photos/landschaft/528693000,https://www.flickr.com/photos/landschaft/528693000,data/desktop_scenes_batch5/manifest.csv
https://flickr.com/photos/laundry/8558033970,https://www.flickr.com/photos/laundry/8558033970,data/desktop_scenes_batch3/manifest.csv
https://flickr.com/photos/laurelfan/8101412239,https://www.flickr.com/photos/laurelfan/8101412239,data/desktop_scenes_batch3/manifest.csv
https://flickr.com/photos/learnscope/4650680039,https://www.flickr.com/photos/learnscope/4650680039,data/desktop_scenes_batch3/manifest.csv
https://flickr.com/photos/leehaywood/4231539406,https://www.flickr.com/photos/leehaywood/4231539406,data/desktop_scenes_batch3/manifest.csv
https://flickr.com/photos/leighklotz/28063589097,https://www.flickr.com/photos/leighklotz/28063589097,data/desktop_scenes_batch3/manifest.csv
https://flickr.com/photos/lenore-m/2514975647,https://www.flickr.com/photos/lenore-m/2514975647,data/desktop_scenes_batch3/manifest.csv
https://flickr.com/photos/lenore-m/2515800654,https://www.flickr.com/photos/lenore-m/2515800654,data/desktop_scenes_batch3/manifest.csv
https://flickr.com/photos/lenore-m/504167978,https://www.flickr.com/photos/lenore-m/504167978,data/desktop_scenes_batch3/manifest.csv
https://flickr.com/photos/lere/2671668444,https://www.flickr.com/photos/lere/2671668444,data/desktop_scenes_batch5/manifest.csv
https://flickr.com/photos/lesroches/9679505500,https://www.flickr.com/photos/lesroches/9679505500,data/desktop_scenes_batch5/manifest.csv
https://flickr.com/photos/leunix/2548455287,https://www.flickr.com/photos/leunix/2548455287,data/desktop_scenes_batch3/manifest.csv
https://flickr.com/photos/leyink/6481002081,https://www.flickr.com/photos/leyink/6481002081,data/desktop_scenes_batch3/manifest.csv
https://flickr.com/photos/leyla_arsan/6639611465,https://www.flickr.com/photos/leyla_arsan/6639611465,data/desktop_scenes_batch5/manifest.csv
https://flickr.com/photos/librariesrock/35668359402,https://www.flickr.com/photos/librariesrock/35668359402,data/desktop_scenes_batch5/manifest.csv
https://flickr.com/photos/librariesrock/50634553358,https://www.flickr.com/photos/librariesrock/50634553358,data/desktop_scenes_batch3/manifest.csv
https://flickr.com/photos/librariesrock/53194359398,https://www.flickr.com/photos/librariesrock/53194359398,data/desktop_scenes_batch5/manifest.csv
https://flickr.com/photos/librariesrock/53533376378,https://www.flickr.com/photos/librariesrock/53533376378,data/desktop_scenes_batch5/manifest.csv
https://flickr.com/photos/library-company-of-philadelphia/20374643175,https://www.flickr.com/photos/library-company-of-philadelphia/20374643175,data/desktop_scenes_batch5/manifest.csv
https://flickr.com/photos/library_mistress/3474136828,https://www.flickr.com/photos/library_mistress/3474136828,data/desktop_scenes_batch5/manifest.csv
https://flickr.com/photos/library_of_virginia/2899334278,https://www.flickr.com/photos/library_of_virginia/2899334278,data/desktop_scenes_batch5/manifest.csv
https://flickr.com/photos/librarylvr/6102611695,https://www.flickr.com/photos/librarylvr/6102611695,data/desktop_scenes_batch5/manifest.csv
https://flickr.com/photos/liewcf/1401060873,https://www.flickr.com/photos/liewcf/1401060873,data/desktop_scenes_batch5/manifest.csv
https://flickr.com/photos/liewcf/14408671592,https://www.flickr.com/photos/liewcf/14408671592,data/desktop_scenes_batch4/manifest.csv
https://flickr.com/photos/liewcf/268421712,https://www.flickr.com/photos/liewcf/268421712,data/desktop_scenes_batch5/manifest.csv
https://flickr.com/photos/liewcf/268421763,https://www.flickr.com/photos/liewcf/268421763,data/desktop_scenes_batch4/manifest.csv
https://flickr.com/photos/liketearsintherain/5379147484,https://www.flickr.com/photos/liketearsintherain/5379147484,data/desktop_scenes_batch5/manifest.csv
https://flickr.com/photos/lincolnlog/27370016,https://www.flickr.com/photos/lincolnlog/27370016,data/desktop_scenes_batch3/manifest.csv
https://flickr.com/photos/lindseywb/10429644444,https://www.flickr.com/photos/lindseywb/10429644444,data/desktop_scenes_batch5/manifest.csv
https://flickr.com/photos/lisazins/36019275324,https://www.flickr.com/photos/lisazins/36019275324,data/desktop_scenes_batch5/manifest.csv
https://flickr.com/photos/lissjasmin/467171705,https://www.flickr.com/photos/lissjasmin/467171705,data/desktop_scenes_batch5/manifest.csv
https://flickr.com/photos/listener42/3545147701,https://www.flickr.com/photos/listener42/3545147701,data/desktop_scenes_batch5/manifest.csv
https://flickr.com/photos/littledebbie11/4504292121,https://www.flickr.com/photos/littledebbie11/4504292121,data/desktop_scenes_batch3/manifest.csv
https://flickr.com/photos/littlelovemonster/3074617301,https://www.flickr.com/photos/littlelovemonster/3074617301,data/desktop_scenes_batch5/manifest.csv
https://flickr.com/photos/livunni/5665827056,https://www.flickr.com/photos/livunni/5665827056,data/desktop_scenes_batch3/manifest.csv
https://flickr.com/photos/lkbm/258816657,https://www.flickr.com/photos/lkbm/258816657,data/desktop_scenes_batch3/manifest.csv
https://flickr.com/photos/lkbm/280325275,https://www.flickr.com/photos/lkbm/280325275,data/desktop_scenes_batch3/manifest.csv
https://flickr.com/photos/lolheyitsrichie/4173340258,https://www.flickr.com/photos/lolheyitsrichie/4173340258,data/desktop_scenes_batch5/manifest.csv
https://flickr.com/photos/londonexpat/51940757288,https://www.flickr.com/photos/londonexpat/51940757288,data/desktop_scenes_batch5/manifest.csv
https://flickr.com/photos/londonmatt/22762463152,https://www.flickr.com/photos/londonmatt/22762463152,data/desktop_scenes_batch3/manifest.csv
https://flickr.com/photos/lordsutch/439279859,https://www.flickr.com/photos/lordsutch/439279859,data/desktop_scenes_batch4/manifest.csv
https://flickr.com/photos/louisephotography/8613174547,https://www.flickr.com/photos/louisephotography/8613174547,data/desktop_scenes_batch5/manifest.csv
https://flickr.com/photos/lovelihood/7306586990,https://www.flickr.com/photos/lovelihood/7306586990,data/desktop_scenes_batch5/manifest.csv
https://flickr.com/photos/lplewnia/15271461199,https://www.flickr.com/photos/lplewnia/15271461199,data/desktop_scenes_batch3/manifest.csv
https://flickr.com/photos/lselibrary/23070625006,https://www.flickr.com/photos/lselibrary/23070625006,data/desktop_scenes_batch5/manifest.csv
https://flickr.com/photos/lucyjones/9494138,https://www.flickr.com/photos/lucyjones/9494138,data/desktop_scenes_batch5/manifest.csv
https://flickr.com/photos/lucyjones/9494139,https://www.flickr.com/photos/lucyjones/9494139,data/desktop_scenes_batch5/manifest.csv
https://flickr.com/photos/lucyjones/9494140,https://www.flickr.com/photos/lucyjones/9494140,data/desktop_scenes_batch5/manifest.csv
https://flickr.com/photos/luminarie/2184073576,https://www.flickr.com/photos/luminarie/2184073576,data/desktop_scenes_batch3/manifest.csv
https://flickr.com/photos/lyng883/2371835853,https://www.flickr.com/photos/lyng883/2371835853,data/desktop_scenes_batch3/manifest.csv
https://flickr.com/photos/lyng883/2372553644,https://www.flickr.com/photos/lyng883/2372553644,data/desktop_scenes_batch3/manifest.csv
https://flickr.com/photos/lyng883/2372591090,https://www.flickr.com/photos/lyng883/2372591090,data/desktop_scenes_batch3/manifest.csv
https://flickr.com/photos/lyng883/2372592034,https://www.flickr.com/photos/lyng883/2372592034,data/desktop_scenes_batch3/manifest.csv
https://flickr.com/photos/lyng883/2372634180,https://www.flickr.com/photos/lyng883/2372634180,data/desktop_scenes_batch3/manifest.csv
https://flickr.com/photos/lyng883/2372638216,https://www.flickr.com/photos/lyng883/2372638216,data/desktop_scenes_batch3/manifest.csv
https://flickr.com/photos/lyng883/2372639164,https://www.flickr.com/photos/lyng883/2372639164,data/desktop_scenes_batch3/manifest.csv
https://flickr.com/photos/lyng883/2372661148,https://www.flickr.com/photos/lyng883/2372661148,data/desktop_scenes_batch3/manifest.csv
https://flickr.com/photos/lyng883/2372670690,https://www.flickr.com/photos/lyng883/2372670690,data/desktop_scenes_batch3/manifest.csv
https://flickr.com/photos/lyng883/2372671252,https://www.flickr.com/photos/lyng883/2372671252,data/desktop_scenes_batch3/manifest.csv
https://flickr.com/photos/m-louis/14642082250,https://www.flickr.com/photos/m-louis/14642082250,data/desktop_scenes_batch3/manifest.csv
https://flickr.com/photos/maebmij/5562874,https://www.flickr.com/photos/maebmij/5562874,data/desktop_scenes_batch4/manifest.csv
https://flickr.com/photos/maggiejones/26270162945,https://www.flickr.com/photos/maggiejones/26270162945,data/desktop_scenes_batch5/manifest.csv
https://flickr.com/photos/maggiejones/26787986193,https://www.flickr.com/photos/maggiejones/26787986193,data/desktop_scenes_batch5/manifest.csv
https://flickr.com/photos/mah_japan/2372677004,https://www.flickr.com/photos/mah_japan/2372677004,data/desktop_scenes_batch5/manifest.csv
https://flickr.com/photos/mah_japan/2617103183,https://www.flickr.com/photos/mah_japan/2617103183,data/desktop_scenes_batch5/manifest.csv
https://flickr.com/photos/mah_japan/6776566455,https://www.flickr.com/photos/mah_japan/6776566455,data/desktop_scenes_batch4/manifest.csv
https://flickr.com/photos/mahinui/668031050,https://www.flickr.com/photos/mahinui/668031050,data/desktop_scenes_batch3/manifest.csv
https://flickr.com/photos/mainbanana/25197917205,https://www.flickr.com/photos/mainbanana/25197917205,data/desktop_scenes_batch5/manifest.csv
https://flickr.com/photos/mainbanana/31094880542,https://www.flickr.com/photos/mainbanana/31094880542,data/desktop_scenes_batch5/manifest.csv
https://flickr.com/photos/maine-homeseller/8199299871,https://www.flickr.com/photos/maine-homeseller/8199299871,data/desktop_scenes_batch3/manifest.csv
https://flickr.com/photos/majkowska/30637847,https://www.flickr.com/photos/majkowska/30637847,data/desktop_scenes_batch3/manifest.csv
https://flickr.com/photos/makototakeuchi/8646690388,https://www.flickr.com/photos/makototakeuchi/8646690388,data/desktop_scenes_batch4/manifest.csv
https://flickr.com/photos/malias/58718225,https://www.flickr.com/photos/malias/58718225,data/desktop_scenes_batch3/manifest.csv
https://flickr.com/photos/maltman23/30538707760,https://www.flickr.com/photos/maltman23/30538707760,data/desktop_scenes_batch3/manifest.csv
https://flickr.com/photos/mamsy/2529090563,https://www.flickr.com/photos/mamsy/2529090563,data/desktop_scenes_batch4/manifest.csv
https://flickr.com/photos/manarianz5/5356097510,https://www.flickr.com/photos/manarianz5/5356097510,data/desktop_scenes_batch5/manifest.csv
https://flickr.com/photos/manchesterlibrary/2413970334,https://www.flickr.com/photos/manchesterlibrary/2413970334,data/desktop_scenes_batch3/manifest.csv
https://flickr.com/photos/manolo_ramirez/12082871053,https://www.flickr.com/photos/manolo_ramirez/12082871053,data/desktop_scenes_batch3/manifest.csv
https://flickr.com/photos/marantoni1950/24476914852,https://www.flickr.com/photos/marantoni1950/24476914852,data/desktop_scenes_batch3/manifest.csv
https://flickr.com/photos/marantoni1950/32378644536,https://www.flickr.com/photos/marantoni1950/32378644536,data/desktop_scenes_batch3/manifest.csv
https://flickr.com/photos/marcdroberts/4525925552,https://www.flickr.com/photos/marcdroberts/4525925552,data/desktop_scenes_batch4/manifest.csv
https://flickr.com/photos/marco_ask/5458473704,https://www.flickr.com/photos/marco_ask/5458473704,data/desktop_scenes_batch3/manifest.csv
https://flickr.com/photos/marcogomes/542745879,https://www.flickr.com/photos/marcogomes/542745879,data/desktop_scenes_batch4/manifest.csv
https://flickr.com/photos/marcoziero/2395804018,https://www.flickr.com/photos/marcoziero/2395804018,data/desktop_scenes_batch3/manifest.csv
https://flickr.com/photos/marianne_oleary/6793282865,https://www.flickr.com/photos/marianne_oleary/6793282865,data/desktop_scenes_batch5/manifest.csv
https://flickr.com/photos/mariyaz/4477249700,https://www.flickr.com/photos/mariyaz/4477249700,data/desktop_scenes_batch3/manifest.csv
https://flickr.com/photos/markcph/5496238715,https://www.flickr.com/photos/markcph/5496238715,data/desktop_scenes_batch4/manifest.csv
https://flickr.com/photos/markhillary/3794833847,https://www.flickr.com/photos/markhillary/3794833847,data/desktop_scenes_batch3/manifest.csv
https://flickr.com/photos/markomni/5552952219,https://www.flickr.com/photos/markomni/5552952219,data/desktop_scenes_batch5/manifest.csv
https://flickr.com/photos/marsupilami92/13741051393,https://www.flickr.com/photos/marsupilami92/13741051393,data/desktop_scenes_batch5/manifest.csv
https://flickr.com/photos/mastermaq/15863830651,https://www.flickr.com/photos/mastermaq/15863830651,data/desktop_scenes_batch3/manifest.csv
https://flickr.com/photos/mastermaq/19548014198,https://www.flickr.com/photos/mastermaq/19548014198,data/desktop_scenes_batch5/manifest.csv
https://flickr.com/photos/mastermaq/19548033928,https://www.flickr.com/photos/mastermaq/19548033928,data/desktop_scenes_batch4/manifest.csv
https://flickr.com/photos/mastermaq/19548044600,https://www.flickr.com/photos/mastermaq/19548044600,data/desktop_scenes_batch4/manifest.csv
https://flickr.com/photos/mastermaq/2754710295,https://www.flickr.com/photos/mastermaq/2754710295,data/desktop_scenes_batch4/manifest.csv
https://flickr.com/photos/mastermaq/27800212632,https://www.flickr.com/photos/mastermaq/27800212632,data/desktop_scenes_batch3/manifest.csv
https://flickr.com/photos/masukomi/2332887765,https://www.flickr.com/photos/masukomi/2332887765,data/desktop_scenes_batch3/manifest.csv
https://flickr.com/photos/maticulous/2227957440,https://www.flickr.com/photos/maticulous/2227957440,data/desktop_scenes_batch3/manifest.csv
https://flickr.com/photos/matsuyuki/4662696157,https://www.flickr.com/photos/matsuyuki/4662696157,data/desktop_scenes_batch3/manifest.csv
https://flickr.com/photos/matsuyuki/4662696975,https://www.flickr.com/photos/matsuyuki/4662696975,data/desktop_scenes_batch3/manifest.csv
https://flickr.com/photos/matsuyuki/4662697881,https://www.flickr.com/photos/matsuyuki/4662697881,data/desktop_scenes_batch4/manifest.csv
https://flickr.com/photos/matsuyuki/4663317226,https://www.flickr.com/photos/matsuyuki/4663317226,data/desktop_scenes_batch3/manifest.csv
https://flickr.com/photos/matsuyuki/4663318148,https://www.flickr.com/photos/matsuyuki/4663318148,data/desktop_scenes_batch4/manifest.csv
https://flickr.com/photos/mattbuck007/31938321373,https://www.flickr.com/photos/mattbuck007/31938321373,data/desktop_scenes_batch5/manifest.csv
https://flickr.com/photos/mattcrampton/2327145721,https://www.flickr.com/photos/mattcrampton/2327145721,data/desktop_scenes_batch3/manifest.csv
https://flickr.com/photos/mattkrause/8279655221,https://www.flickr.com/photos/mattkrause/8279655221,data/desktop_scenes_batch5/manifest.csv
https://flickr.com/photos/mattx27/6877437041,https://www.flickr.com/photos/mattx27/6877437041,data/desktop_scenes_batch3/manifest.csv
https://flickr.com/photos/mbiddulph/4150396819,https://www.flickr.com/photos/mbiddulph/4150396819,data/desktop_scenes_batch5/manifest.csv
https://flickr.com/photos/mbiddulph/5017024333,https://www.flickr.com/photos/mbiddulph/5017024333,data/desktop_scenes_batch5/manifest.csv
https://flickr.com/photos/mccaffry/2999366585,https://www.flickr.com/photos/mccaffry/2999366585,data/desktop_scenes_batch5/manifest.csv
https://flickr.com/photos/mdesjardin/2460186227,https://www.flickr.com/photos/mdesjardin/2460186227,data/desktop_scenes_batch5/manifest.csv
https://flickr.com/photos/mdesjardin/2461021206,https://www.flickr.com/photos/mdesjardin/2461021206,data/desktop_scenes_batch5/manifest.csv
https://flickr.com/photos/mdgovpics/8381999554,https://www.flickr.com/photos/mdgovpics/8381999554,data/desktop_scenes_batch5/manifest.csv
https://flickr.com/photos/mdpettitt/4409049887,https://www.flickr.com/photos/mdpettitt/4409049887,data/desktop_scenes_batch3/manifest.csv
https://flickr.com/photos/mdpettitt/4409050613,https://www.flickr.com/photos/mdpettitt/4409050613,data/desktop_scenes_batch3/manifest.csv
https://flickr.com/photos/mdpettitt/4409050925,https://www.flickr.com/photos/mdpettitt/4409050925,data/desktop_scenes_batch3/manifest.csv
https://flickr.com/photos/mdpettitt/4409051261,https://www.flickr.com/photos/mdpettitt/4409051261,data/desktop_scenes_batch3/manifest.csv
https://flickr.com/photos/mdpettitt/4409052783,https://www.flickr.com/photos/mdpettitt/4409052783,data/desktop_scenes_batch3/manifest.csv
https://flickr.com/photos/mdpettitt/4409053813,https://www.flickr.com/photos/mdpettitt/4409053813,data/desktop_scenes_batch3/manifest.csv
https://flickr.com/photos/mdpettitt/4409054079,https://www.flickr.com/photos/mdpettitt/4409054079,data/desktop_scenes_batch3/manifest.csv
https://flickr.com/photos/mdpettitt/4409055275,https://www.flickr.com/photos/mdpettitt/4409055275,data/desktop_scenes_batch3/manifest.csv
https://flickr.com/photos/mdpettitt/4409055835,https://www.flickr.com/photos/mdpettitt/4409055835,data/desktop_scenes_batch3/manifest.csv
https://flickr.com/photos/mdpettitt/4409056273,https://www.flickr.com/photos/mdpettitt/4409056273,data/desktop_scenes_batch3/manifest.csv
https://flickr.com/photos/mdpettitt/4409819110,https://www.flickr.com/photos/mdpettitt/4409819110,data/desktop_scenes_batch3/manifest.csv
https://flickr.com/photos/mdpettitt/4409819458,https://www.flickr.com/photos/mdpettitt/4409819458,data/desktop_scenes_batch3/manifest.csv
https://flickr.com/photos/mdpettitt/4409820046,https://www.flickr.com/photos/mdpettitt/4409820046,data/desktop_scenes_batch3/manifest.csv
https://flickr.com/photos/mdpettitt/4409820460,https://www.flickr.com/photos/mdpettitt/4409820460,data/desktop_scenes_batch3/manifest.csv
https://flickr.com/photos/mdpettitt/4409821250,https://www.flickr.com/photos/mdpettitt/4409821250,data/desktop_scenes_batch3/manifest.csv
https://flickr.com/photos/mdpettitt/4409821554,https://www.flickr.com/photos/mdpettitt/4409821554,data/desktop_scenes_batch3/manifest.csv
https://flickr.com/photos/mdpettitt/4409821828,https://www.flickr.com/photos/mdpettitt/4409821828,data/desktop_scenes_batch3/manifest.csv
https://flickr.com/photos/mdpettitt/4409822840,https://www.flickr.com/photos/mdpettitt/4409822840,data/desktop_scenes_batch3/manifest.csv
https://flickr.com/photos/me_vs_gutenberg/13314244,https://www.flickr.com/photos/me_vs_gutenberg/13314244,data/desktop_scenes_batch3/manifest.csv
https://flickr.com/photos/me_vs_gutenberg/52123060,https://www.flickr.com/photos/me_vs_gutenberg/52123060,data/desktop_scenes_batch3/manifest.csv
https://flickr.com/photos/meanderingwa/16439315165,https://www.flickr.com/photos/meanderingwa/16439315165,data/desktop_scenes_batch3/manifest.csv
https://flickr.com/photos/meanderingwa/9052915830,https://www.flickr.com/photos/meanderingwa/9052915830,data/desktop_scenes_batch3/manifest.csv
https://flickr.com/photos/meanmarcus/3563189640,https://www.flickr.com/photos/meanmarcus/3563189640,data/desktop_scenes_batch4/manifest.csv
https://flickr.com/photos/medmss/24487552895,https://www.flickr.com/photos/medmss/24487552895,data/desktop_scenes_batch5/manifest.csv
https://flickr.com/photos/medmss/5428708060,https://www.flickr.com/photos/medmss/5428708060,data/desktop_scenes_batch5/manifest.csv
https://flickr.com/photos/meg-z/15497304096,https://www.flickr.com/photos/meg-z/15497304096,data/desktop_scenes_batch5/manifest.csv
https://flickr.com/photos/megs_pics/4788915613,https://www.flickr.com/photos/megs_pics/4788915613,data/desktop_scenes_batch3/manifest.csv
https://flickr.com/photos/melindarae/3660970899,https://www.flickr.com/photos/melindarae/3660970899,data/desktop_scenes_batch3/manifest.csv
https://flickr.com/photos/memnativ/4628511451,https://www.flickr.com/photos/memnativ/4628511451,data/desktop_scenes_batch3/manifest.csv
https://flickr.com/photos/mendhak/6212220380,https://www.flickr.com/photos/mendhak/6212220380,data/desktop_scenes_batch3/manifest.csv
https://flickr.com/photos/merriehaskell/2279606892,https://www.flickr.com/photos/merriehaskell/2279606892,data/desktop_scenes_batch3/manifest.csv
https://flickr.com/photos/merriehaskell/2303125135,https://www.flickr.com/photos/merriehaskell/2303125135,data/desktop_scenes_batch3/manifest.csv
https://flickr.com/photos/mgaylard/52707861212,https://www.flickr.com/photos/mgaylard/52707861212,data/desktop_scenes_batch5/manifest.csv
https://flickr.com/photos/mgaylard/52708383031,https://www.flickr.com/photos/mgaylard/52708383031,data/desktop_scenes_batch3/manifest.csv
https://flickr.com/photos/michaeljohnbutton/11324367065,https://www.flickr.com/photos/michaeljohnbutton/11324367065,data/desktop_scenes_batch5/manifest.csv
https://flickr.com/photos/microcline/2386319025,https://www.flickr.com/photos/microcline/2386319025,data/desktop_scenes_batch3/manifest.csv
https://flickr.com/photos/midwestkimchee/2166329841,https://www.flickr.com/photos/midwestkimchee/2166329841,data/desktop_scenes_batch5/manifest.csv
https://flickr.com/photos/mike-burns/1338066407,https://www.flickr.com/photos/mike-burns/1338066407,data/desktop_scenes_batch4/manifest.csv
https://flickr.com/photos/mike-burns/1338948976,https://www.flickr.com/photos/mike-burns/1338948976,data/desktop_scenes_batch3/manifest.csv
https://flickr.com/photos/mike-burns/2072119747,https://www.flickr.com/photos/mike-burns/2072119747,data/desktop_scenes_batch5/manifest.csv
https://flickr.com/photos/mike-burns/3028975508,https://www.flickr.com/photos/mike-burns/3028975508,data/desktop_scenes_batch4/manifest.csv
https://flickr.com/photos/mike_mc/2967300086,https://www.flickr.com/photos/mike_mc/2967300086,data/desktop_scenes_batch3/manifest.csv
https://flickr.com/photos/mikecogh/23735829406,https://www.flickr.com/photos/mikecogh/23735829406,data/desktop_scenes_batch4/manifest.csv
https://flickr.com/photos/mikecogh/30097106394,https://www.flickr.com/photos/mikecogh/30097106394,data/desktop_scenes_batch3/manifest.csv
https://flickr.com/photos/mikecogh/30121981518,https://www.flickr.com/photos/mikecogh/30121981518,data/desktop_scenes_batch3/manifest.csv
https://flickr.com/photos/mikecogh/44029947871,https://www.flickr.com/photos/mikecogh/44029947871,data/desktop_scenes_batch5/manifest.csv
https://flickr.com/photos/mikecogh/48438565027,https://www.flickr.com/photos/mikecogh/48438565027,data/desktop_scenes_batch5/manifest.csv
https://flickr.com/photos/mikecogh/4993420052,https://www.flickr.com/photos/mikecogh/4993420052,data/desktop_scenes_batch3/manifest.csv
https://flickr.com/photos/mikecogh/5214618622,https://www.flickr.com/photos/mikecogh/5214618622,data/desktop_scenes_batch3/manifest.csv
https://flickr.com/photos/mikecogh/5237936732,https://www.flickr.com/photos/mikecogh/5237936732,data/desktop_scenes_batch3/manifest.csv
https://flickr.com/photos/mikecogh/5248055115,https://www.flickr.com/photos/mikecogh/5248055115,data/desktop_scenes_batch3/manifest.csv
https://flickr.com/photos/mikecogh/52740208944,https://www.flickr.com/photos/mikecogh/52740208944,data/desktop_scenes_batch5/manifest.csv
https://flickr.com/photos/mikecogh/5993470391,https://www.flickr.com/photos/mikecogh/5993470391,data/desktop_scenes_batch3/manifest.csv
https://flickr.com/photos/mikecogh/6175196194,https://www.flickr.com/photos/mikecogh/6175196194,data/desktop_scenes_batch4/manifest.csv
https://flickr.com/photos/mikecogh/6402669217,https://www.flickr.com/photos/mikecogh/6402669217,data/desktop_scenes_batch4/manifest.csv
https://flickr.com/photos/mikecogh/6854247761,https://www.flickr.com/photos/mikecogh/6854247761,data/desktop_scenes_batch5/manifest.csv
https://flickr.com/photos/mikecogh/7170580830,https://www.flickr.com/photos/mikecogh/7170580830,data/desktop_scenes_batch4/manifest.csv
https://flickr.com/photos/mikecogh/8293995852,https://www.flickr.com/photos/mikecogh/8293995852,data/desktop_scenes_batch5/manifest.csv
https://flickr.com/photos/mines_paristech/16295195628,https://www.flickr.com/photos/mines_paristech/16295195628,data/desktop_scenes_batch5/manifest.csv
https://flickr.com/photos/minnellium/32956075330,https://www.flickr.com/photos/minnellium/32956075330,data/desktop_scenes_batch5/manifest.csv
https://flickr.com/photos/miriamparkinson/298419394,https://www.flickr.com/photos/miriamparkinson/298419394,data/desktop_scenes_batch3/manifest.csv
https://flickr.com/photos/mission-beach/6148732461,https://www.flickr.com/photos/mission-beach/6148732461,data/desktop_scenes_batch3/manifest.csv
https://flickr.com/photos/mjcrodez/3707317082,https://www.flickr.com/photos/mjcrodez/3707317082,data/desktop_scenes_batch3/manifest.csv
https://flickr.com/photos/mjhagen/2126175939,https://www.flickr.com/photos/mjhagen/2126175939,data/desktop_scenes_batch5/manifest.csv
https://flickr.com/photos/mlevisay/22748329663,https://www.flickr.com/photos/mlevisay/22748329663,data/desktop_scenes_batch3/manifest.csv
https://flickr.com/photos/mlevisay/4290887072,https://www.flickr.com/photos/mlevisay/4290887072,data/desktop_scenes_batch3/manifest.csv
https://flickr.com/photos/mlinksva/29783933670,https://www.flickr.com/photos/mlinksva/29783933670,data/desktop_scenes_batch5/manifest.csv
https://flickr.com/photos/mliu92/35419155176,https://www.flickr.com/photos/mliu92/35419155176,data/desktop_scenes_batch3/manifest.csv
https://flickr.com/photos/mliu92/7763469188,https://www.flickr.com/photos/mliu92/7763469188,data/desktop_scenes_batch3/manifest.csv
https://flickr.com/photos/mobili/2443048508,https://www.flickr.com/photos/mobili/2443048508,data/desktop_scenes_batch4/manifest.csv
https://flickr.com/photos/modomatic/2819582675,https://www.flickr.com/photos/modomatic/2819582675,data/desktop_scenes_batch3/manifest.csv
https://flickr.com/photos/moehlmillwork/7161352298,https://www.flickr.com/photos/moehlmillwork/7161352298,data/desktop_scenes_batch3/manifest.csv
https://flickr.com/photos/monoooki/3046801881,https://www.flickr.com/photos/monoooki/3046801881,data/desktop_scenes_batch3/manifest.csv
https://flickr.com/photos/moogan/3080868684,https://www.flickr.com/photos/moogan/3080868684,data/desktop_scenes_batch3/manifest.csv
https://flickr.com/photos/morag_riddell/8400620288,https://www.flickr.com/photos/morag_riddell/8400620288,data/desktop_scenes_batch4/manifest.csv
https://flickr.com/photos/morebyless/14244333772,https://www.flickr.com/photos/morebyless/14244333772,data/desktop_scenes_batch3/manifest.csv
https://flickr.com/photos/morgaine/6886367340,https://www.flickr.com/photos/morgaine/6886367340,data/desktop_scenes_batch5/manifest.csv
https://flickr.com/photos/moriza/52242816,https://www.flickr.com/photos/moriza/52242816,data/desktop_scenes_batch3/manifest.csv
https://flickr.com/photos/moriza/52242819,https://www.flickr.com/photos/moriza/52242819,data/desktop_scenes_batch3/manifest.csv
https://flickr.com/photos/moriza/65440151,https://www.flickr.com/photos/moriza/65440151,data/desktop_scenes_batch4/manifest.csv
https://flickr.com/photos/morten812/5235560960,https://www.flickr.com/photos/morten812/5235560960,data/desktop_scenes_batch5/manifest.csv
https://flickr.com/photos/mountainash/2357644316,https://www.flickr.com/photos/mountainash/2357644316,data/desktop_scenes_batch4/manifest.csv
https://flickr.com/photos/mpclemens/2667509765,https://www.flickr.com/photos/mpclemens/2667509765,data/desktop_scenes_batch4/manifest.csv
https://flickr.com/photos/mr_rcollins/7294604610,https://www.flickr.com/photos/mr_rcollins/7294604610,data/desktop_scenes_batch5/manifest.csv
https://flickr.com/photos/mrbill/49274708,https://www.flickr.com/photos/mrbill/49274708,data/desktop_scenes_batch3/manifest.csv
https://flickr.com/photos/mrdonduck/10076869864,https://www.flickr.com/photos/mrdonduck/10076869864,data/desktop_scenes_batch5/manifest.csv
https://flickr.com/photos/mroach/2144616058,https://www.flickr.com/photos/mroach/2144616058,data/desktop_scenes_batch3/manifest.csv
https://flickr.com/photos/mroach/5330845051,https://www.flickr.com/photos/mroach/5330845051,data/desktop_scenes_batch4/manifest.csv
https://flickr.com/photos/mrpolyonymous/5730841609,https://www.flickr.com/photos/mrpolyonymous/5730841609,data/desktop_scenes_batch5/manifest.csv
https://flickr.com/photos/mrsdkrebs/7777976384,https://www.flickr.com/photos/mrsdkrebs/7777976384,data/desktop_scenes_batch3/manifest.csv
https://flickr.com/photos/mshipp/11900976516,https://www.flickr.com/photos/mshipp/11900976516,data/desktop_scenes_batch3/manifest.csv
https://flickr.com/photos/msvg/5165190740,https://www.flickr.com/photos/msvg/5165190740,data/desktop_scenes_batch5/manifest.csv
https://flickr.com/photos/mujitra/13934645775,https://www.flickr.com/photos/mujitra/13934645775,data/desktop_scenes_batch3/manifest.csv
https://flickr.com/photos/mujitra/2498959258,https://www.flickr.com/photos/mujitra/2498959258,data/desktop_scenes_batch3/manifest.csv
https://flickr.com/photos/mujitra/2706177974,https://www.flickr.com/photos/mujitra/2706177974,data/desktop_scenes_batch3/manifest.csv
https://flickr.com/photos/mujitra/6818077864,https://www.flickr.com/photos/mujitra/6818077864,data/desktop_scenes_batch3/manifest.csv
https://flickr.com/photos/mulad/2397453620,https://www.flickr.com/photos/mulad/2397453620,data/desktop_scenes_batch3/manifest.csv
https://flickr.com/photos/mulad/2397453632,https://www.flickr.com/photos/mulad/2397453632,data/desktop_scenes_batch3/manifest.csv
https://flickr.com/photos/mulad/2397453634,https://www.flickr.com/photos/mulad/2397453634,data/desktop_scenes_batch3/manifest.csv
https://flickr.com/photos/mulad/3239895815,https://www.flickr.com/photos/mulad/3239895815,data/desktop_scenes_batch3/manifest.csv
https://flickr.com/photos/mullingitover/7446303,https://www.flickr.com/photos/mullingitover/7446303,data/desktop_scenes_batch5/manifest.csv
https://flickr.com/photos/mwf2005/33338268392,https://www.flickr.com/photos/mwf2005/33338268392,data/desktop_scenes_batch3/manifest.csv
https://flickr.com/photos/mwf2005/53936685810,https://www.flickr.com/photos/mwf2005/53936685810,data/desktop_scenes_batch5/manifest.csv
https://flickr.com/photos/mwichary/2465032702,https://www.flickr.com/photos/mwichary/2465032702,data/desktop_scenes_batch3/manifest.csv
https://flickr.com/photos/n0ssc/6589188887,https://www.flickr.com/photos/n0ssc/6589188887,data/desktop_scenes_batch3/manifest.csv
https://flickr.com/photos/nai_collection/10209029853,https://www.flickr.com/photos/nai_collection/10209029853,data/desktop_scenes_batch3/manifest.csv
https://flickr.com/photos/nakedracing/21891378299,https://www.flickr.com/photos/nakedracing/21891378299,data/desktop_scenes_batch3/manifest.csv
https://flickr.com/photos/nanpalmero/23037122243,https://www.flickr.com/photos/nanpalmero/23037122243,data/desktop_scenes_batch3/manifest.csv
https://flickr.com/photos/naql/51980430255,https://www.flickr.com/photos/naql/51980430255,data/desktop_scenes_batch3/manifest.csv
https://flickr.com/photos/nasacommons/4940324481,https://www.flickr.com/photos/nasacommons/4940324481,data/desktop_scenes_batch5/manifest.csv
https://flickr.com/photos/nasawebbtelescope/51787480108,https://www.flickr.com/photos/nasawebbtelescope/51787480108,data/desktop_scenes_batch5/manifest.csv
https://flickr.com/photos/nasonurb/6308653783,https://www.flickr.com/photos/nasonurb/6308653783,data/desktop_scenes_batch3/manifest.csv
https://flickr.com/photos/nataliemaynor/2113570061,https://www.flickr.com/photos/nataliemaynor/2113570061,data/desktop_scenes_batch3/manifest.csv
https://flickr.com/photos/nataliemaynor/6980581682,https://www.flickr.com/photos/nataliemaynor/6980581682,data/desktop_scenes_batch3/manifest.csv
https://flickr.com/photos/navalsurfaceforces/14266020630,https://www.flickr.com/photos/navalsurfaceforces/14266020630,data/desktop_scenes_batch5/manifest.csv
https://flickr.com/photos/naviniea/3222274430,https://www.flickr.com/photos/naviniea/3222274430,data/desktop_scenes_batch5/manifest.csv
https://flickr.com/photos/navink/12082072906,https://www.flickr.com/photos/navink/12082072906,data/desktop_scenes_batch5/manifest.csv
https://flickr.com/photos/navjotsingh1/14136866734,https://www.flickr.com/photos/navjotsingh1/14136866734,data/desktop_scenes_batch3/manifest.csv
https://flickr.com/photos/ncusar/15715436333,https://www.flickr.com/photos/ncusar/15715436333,data/desktop_scenes_batch5/manifest.csv
https://flickr.com/photos/ndrwfgg/100019960,https://www.flickr.com/photos/ndrwfgg/100019960,data/desktop_scenes_batch5/manifest.csv
https://flickr.com/photos/nearnearfuture/255054094,https://www.flickr.com/photos/nearnearfuture/255054094,data/desktop_scenes_batch3/manifest.csv
https://flickr.com/photos/neeta_lind/763179156,https://www.flickr.com/photos/neeta_lind/763179156,data/desktop_scenes_batch5/manifest.csv
https://flickr.com/photos/neilconway/5625707813,https://www.flickr.com/photos/neilconway/5625707813,data/desktop_scenes_batch3/manifest.csv
https://flickr.com/photos/nesster/14729984374,https://www.flickr.com/photos/nesster/14729984374,data/desktop_scenes_batch5/manifest.csv
https://flickr.com/photos/newtown_grafitti/5715864654,https://www.flickr.com/photos/newtown_grafitti/5715864654,data/desktop_scenes_batch3/manifest.csv
https://flickr.com/photos/newtown_grafitti/5960961124,https://www.flickr.com/photos/newtown_grafitti/5960961124,data/desktop_scenes_batch3/manifest.csv
https://flickr.com/photos/nick-od/7329025300,https://www.flickr.com/photos/nick-od/7329025300,data/desktop_scenes_batch3/manifest.csv
https://flickr.com/photos/nicokaiser/24364494806,https://www.flickr.com/photos/nicokaiser/24364494806,data/desktop_scenes_batch3/manifest.csv
https://flickr.com/photos/nicole_beauchamp/14797427582,https://www.flickr.com/photos/nicole_beauchamp/14797427582,data/desktop_scenes_batch5/manifest.csv
https://flickr.com/photos/nicole_beauchamp/14797432112,https://www.flickr.com/photos/nicole_beauchamp/14797432112,data/desktop_scenes_batch5/manifest.csv
https://flickr.com/photos/nicole_beauchamp/15733696784,https://www.flickr.com/photos/nicole_beauchamp/15733696784,data/desktop_scenes_batch5/manifest.csv
https://flickr.com/photos/nicole_beauchamp/16170252047,https://www.flickr.com/photos/nicole_beauchamp/16170252047,data/desktop_scenes_batch5/manifest.csv
https://flickr.com/photos/niff/9892110486,https://www.flickr.com/photos/niff/9892110486,data/desktop_scenes_batch3/manifest.csv
https://flickr.com/photos/nikkvalentine/27522524852,https://www.flickr.com/photos/nikkvalentine/27522524852,data/desktop_scenes_batch5/manifest.csv
https://flickr.com/photos/niklasstjerna/4960422582,https://www.flickr.com/photos/niklasstjerna/4960422582,data/desktop_scenes_batch5/manifest.csv
https://flickr.com/photos/nilsradenmark/8425349472,https://www.flickr.com/photos/nilsradenmark/8425349472,data/desktop_scenes_batch5/manifest.csv
https://flickr.com/photos/nkeppol/5829442256,https://www.flickr.com/photos/nkeppol/5829442256,data/desktop_scenes_batch3/manifest.csv
https://flickr.com/photos/nlireland/6045408726,https://www.flickr.com/photos/nlireland/6045408726,data/desktop_scenes_batch3/manifest.csv
https://flickr.com/photos/nlireland/6678007009,https://www.flickr.com/photos/nlireland/6678007009,data/desktop_scenes_batch5/manifest.csv
https://flickr.com/photos/nobo/3848952047,https://www.flickr.com/photos/nobo/3848952047,data/desktop_scenes_batch3/manifest.csv
https://flickr.com/photos/nola_agent/2952396616,https://www.flickr.com/photos/nola_agent/2952396616,data/desktop_scenes_batch3/manifest.csv
https://flickr.com/photos/noricum/3537995610,https://www.flickr.com/photos/noricum/3537995610,data/desktop_scenes_batch3/manifest.csv
https://flickr.com/photos/noricum/85492391,https://www.flickr.com/photos/noricum/85492391,data/desktop_scenes_batch3/manifest.csv
https://flickr.com/photos/noricum/85492392,https://www.flickr.com/photos/noricum/85492392,data/desktop_scenes_batch3/manifest.csv
https://flickr.com/photos/northcharleston/8696262082,https://www.flickr.com/photos/northcharleston/8696262082,data/desktop_scenes_batch3/manifest.csv
https://flickr.com/photos/northcharleston/8696262894,https://www.flickr.com/photos/northcharleston/8696262894,data/desktop_scenes_batch3/manifest.csv
https://flickr.com/photos/nothingpersonal/577527820,https://www.flickr.com/photos/nothingpersonal/577527820,data/desktop_scenes_batch5/manifest.csv
https://flickr.com/photos/nucho/3084094854,https://www.flickr.com/photos/nucho/3084094854,data/desktop_scenes_batch3/manifest.csv
https://flickr.com/photos/nudelbach/15687835451,https://www.flickr.com/photos/nudelbach/15687835451,data/desktop_scenes_batch3/manifest.csv
https://flickr.com/photos/number7cloud/33160465641,https://www.flickr.com/photos/number7cloud/33160465641,data/desktop_scenes_batch5/manifest.csv
https://flickr.com/photos/nyalr/52578465095,https://www.flickr.com/photos/nyalr/52578465095,data/desktop_scenes_batch5/manifest.csv
https://flickr.com/photos/obvio171/2503682611,https://www.flickr.com/photos/obvio171/2503682611,data/desktop_scenes_batch5/manifest.csv
https://flickr.com/photos/oceanyamaha/4606030368,https://www.flickr.com/photos/oceanyamaha/4606030368,data/desktop_scenes_batch5/manifest.csv
https://flickr.com/photos/oceanyamaha/4606031408,https://www.flickr.com/photos/oceanyamaha/4606031408,data/desktop_scenes_batch5/manifest.csv
https://flickr.com/photos/oceanyamaha/4606031606,https://www.flickr.com/photos/oceanyamaha/4606031606,data/desktop_scenes_batch5/manifest.csv
https://flickr.com/photos/oddwick/4464450369,https://www.flickr.com/photos/oddwick/4464450369,data/desktop_scenes_batch4/manifest.csv
https://flickr.com/photos/oddwick/4469737591,https://www.flickr.com/photos/oddwick/4469737591,data/desktop_scenes_batch5/manifest.csv
https://flickr.com/photos/officialgdc/52775339814,https://www.flickr.com/photos/officialgdc/52775339814,data/desktop_scenes_batch5/manifest.csv
https://flickr.com/photos/officialgdc/52775497940,https://www.flickr.com/photos/officialgdc/52775497940,data/desktop_scenes_batch5/manifest.csv
https://flickr.com/photos/ohmeaghan/7632474562,https://www.flickr.com/photos/ohmeaghan/7632474562,data/desktop_scenes_batch5/manifest.csv
https://flickr.com/photos/ohmeaghan/7633202348,https://www.flickr.com/photos/ohmeaghan/7633202348,data/desktop_scenes_batch5/manifest.csv
https://flickr.com/photos/ohmeaghan/7633204060,https://www.flickr.com/photos/ohmeaghan/7633204060,data/desktop_scenes_batch5/manifest.csv
https://flickr.com/photos/okchomeseller/17809797553,https://www.flickr.com/photos/okchomeseller/17809797553,data/desktop_scenes_batch3/manifest.csv
https://flickr.com/photos/okchomeseller/24872056749,https://www.flickr.com/photos/okchomeseller/24872056749,data/desktop_scenes_batch5/manifest.csv
https://flickr.com/photos/okchomeseller/27123690262,https://www.flickr.com/photos/okchomeseller/27123690262,data/desktop_scenes_batch3/manifest.csv
https://flickr.com/photos/okchomeseller/31824280004,https://www.flickr.com/photos/okchomeseller/31824280004,data/desktop_scenes_batch3/manifest.csv
https://flickr.com/photos/okchomeseller/31824290484,https://www.flickr.com/photos/okchomeseller/31824290484,data/desktop_scenes_batch3/manifest.csv
https://flickr.com/photos/okchomeseller/6517944605,https://www.flickr.com/photos/okchomeseller/6517944605,data/desktop_scenes_batch5/manifest.csv
https://flickr.com/photos/okchomeseller/6614144661,https://www.flickr.com/photos/okchomeseller/6614144661,data/desktop_scenes_batch5/manifest.csv
https://flickr.com/photos/oldrebel/9284496846,https://www.flickr.com/photos/oldrebel/9284496846,data/desktop_scenes_batch3/manifest.csv
https://flickr.com/photos/olin_gilbert/27692119444,https://www.flickr.com/photos/olin_gilbert/27692119444,data/desktop_scenes_batch5/manifest.csv
https://flickr.com/photos/oneras/49613298016,https://www.flickr.com/photos/oneras/49613298016,data/desktop_scenes_batch3/manifest.csv
https://flickr.com/photos/opengovpart/39578111694,https://www.flickr.com/photos/opengovpart/39578111694,data/desktop_scenes_batch4/manifest.csv
https://flickr.com/photos/opengovpart/40244403612,https://www.flickr.com/photos/opengovpart/40244403612,data/desktop_scenes_batch4/manifest.csv
https://flickr.com/photos/opera-cadet/15804350714,https://www.flickr.com/photos/opera-cadet/15804350714,data/desktop_scenes_batch3/manifest.csv
https://flickr.com/photos/opera-cadet/15806818093,https://www.flickr.com/photos/opera-cadet/15806818093,data/desktop_scenes_batch3/manifest.csv
https://flickr.com/photos/oregondot/46783990875,https://www.flickr.com/photos/oregondot/46783990875,data/desktop_scenes_batch3/manifest.csv
https://flickr.com/photos/oregondot/8618648701,https://www.flickr.com/photos/oregondot/8618648701,data/desktop_scenes_batch5/manifest.csv
https://flickr.com/photos/oregonmildep/13905240928,https://www.flickr.com/photos/oregonmildep/13905240928,data/desktop_scenes_batch3/manifest.csv
https://flickr.com/photos/oregonstateuniversity/14111089993,https://www.flickr.com/photos/oregonstateuniversity/14111089993,data/desktop_scenes_batch3/manifest.csv
https://flickr.com/photos/osde-info/20135107138,https://www.flickr.com/photos/osde-info/20135107138,data/desktop_scenes_batch3/manifest.csv
https://flickr.com/photos/oskay/121705244,https://www.flickr.com/photos/oskay/121705244,data/desktop_scenes_batch3/manifest.csv
https://flickr.com/photos/osunick/1491017039,https://www.flickr.com/photos/osunick/1491017039,data/desktop_scenes_batch5/manifest.csv
https://flickr.com/photos/osunick/4635082004,https://www.flickr.com/photos/osunick/4635082004,data/desktop_scenes_batch5/manifest.csv
https://flickr.com/photos/otherjoel/230644122,https://www.flickr.com/photos/otherjoel/230644122,data/desktop_scenes_batch5/manifest.csv
https://flickr.com/photos/ozmafan/4281134694,https://www.flickr.com/photos/ozmafan/4281134694,data/desktop_scenes_batch3/manifest.csv
https://flickr.com/photos/p_valdivieso/52082125481,https://www.flickr.com/photos/p_valdivieso/52082125481,data/desktop_scenes_batch3/manifest.csv
https://flickr.com/photos/pacolacrista/10915151404,https://www.flickr.com/photos/pacolacrista/10915151404,data/desktop_scenes_batch3/manifest.csv
https://flickr.com/photos/pagedooley/14917997604,https://www.flickr.com/photos/pagedooley/14917997604,data/desktop_scenes_batch3/manifest.csv
https://flickr.com/photos/paj/4301301584,https://www.flickr.com/photos/paj/4301301584,data/desktop_scenes_batch3/manifest.csv
https://flickr.com/photos/paoletti/2328353697,https://www.flickr.com/photos/paoletti/2328353697,data/desktop_scenes_batch4/manifest.csv
https://flickr.com/photos/paoletti/2329172586,https://www.flickr.com/photos/paoletti/2329172586,data/desktop_scenes_batch4/manifest.csv
https://flickr.com/photos/parisonponce/7747619024,https://www.flickr.com/photos/parisonponce/7747619024,data/desktop_scenes_batch3/manifest.csv
https://flickr.com/photos/parisonponce/9408124761,https://www.flickr.com/photos/parisonponce/9408124761,data/desktop_scenes_batch3/manifest.csv
https://flickr.com/photos/parisonponce/9410885618,https://www.flickr.com/photos/parisonponce/9410885618,data/desktop_scenes_batch3/manifest.csv
https://flickr.com/photos/pasa/13160286245,https://www.flickr.com/photos/pasa/13160286245,data/desktop_scenes_batch5/manifest.csv
https://flickr.com/photos/pathayes/10621015333,https://www.flickr.com/photos/pathayes/10621015333,data/desktop_scenes_batch3/manifest.csv
https://flickr.com/photos/pathayes/43037319204,https://www.flickr.com/photos/pathayes/43037319204,data/desktop_scenes_batch5/manifest.csv
https://flickr.com/photos/paul_houle/4681895723,https://www.flickr.com/photos/paul_houle/4681895723,data/desktop_scenes_batch3/manifest.csv
https://flickr.com/photos/paul_shannon/732769534,https://www.flickr.com/photos/paul_shannon/732769534,data/desktop_scenes_batch5/manifest.csv
https://flickr.com/photos/paulboxley/130818372,https://www.flickr.com/photos/paulboxley/130818372,data/desktop_scenes_batch3/manifest.csv
https://flickr.com/photos/paulwicks/52366565467,https://www.flickr.com/photos/paulwicks/52366565467,data/desktop_scenes_batch5/manifest.csv
https://flickr.com/photos/pburka/24594422655,https://www.flickr.com/photos/pburka/24594422655,data/desktop_scenes_batch3/manifest.csv
https://flickr.com/photos/pbyrne/109029707,https://www.flickr.com/photos/pbyrne/109029707,data/desktop_scenes_batch5/manifest.csv
https://flickr.com/photos/pdsphil/46126246,https://www.flickr.com/photos/pdsphil/46126246,data/desktop_scenes_batch4/manifest.csv
https://flickr.com/photos/pedronet/9016603176,https://www.flickr.com/photos/pedronet/9016603176,data/desktop_scenes_batch5/manifest.csv
https://flickr.com/photos/personalcreations/16085793918,https://www.flickr.com/photos/personalcreations/16085793918,data/desktop_scenes_batch3/manifest.csv
https://flickr.com/photos/perspective/68545759,https://www.flickr.com/photos/perspective/68545759,data/desktop_scenes_batch5/manifest.csv
https://flickr.com/photos/pery3k/2058738925,https://www.flickr.com/photos/pery3k/2058738925,data/desktop_scenes_batch5/manifest.csv
https://flickr.com/photos/pery3k/2515397197,https://www.flickr.com/photos/pery3k/2515397197,data/desktop_scenes_batch4/manifest.csv
https://flickr.com/photos/pesut/4737327398,https://www.flickr.com/photos/pesut/4737327398,data/desktop_scenes_batch3/manifest.csv
https://flickr.com/photos/petercastleton/49788483772,https://www.flickr.com/photos/petercastleton/49788483772,data/desktop_scenes_batch3/manifest.csv
https://flickr.com/photos/peterscherub/25690443253,https://www.flickr.com/photos/peterscherub/25690443253,data/desktop_scenes_batch3/manifest.csv
https://flickr.com/photos/peterscherub/29210105272,https://www.flickr.com/photos/peterscherub/29210105272,data/desktop_scenes_batch3/manifest.csv
https://flickr.com/photos/peterscherub/32172892250,https://www.flickr.com/photos/peterscherub/32172892250,data/desktop_scenes_batch3/manifest.csv
https://flickr.com/photos/peterscherub/52530502009,https://www.flickr.com/photos/peterscherub/52530502009,data/desktop_scenes_batch3/manifest.csv
https://flickr.com/photos/peterscherub/52532289494,https://www.flickr.com/photos/peterscherub/52532289494,data/desktop_scenes_batch5/manifest.csv
https://flickr.com/photos/peterscherub/53046043378,https://www.flickr.com/photos/peterscherub/53046043378,data/desktop_scenes_batch3/manifest.csv
https://flickr.com/photos/peterscherub/53061020655,https://www.flickr.com/photos/peterscherub/53061020655,data/desktop_scenes_batch3/manifest.csv
https://flickr.com/photos/petruniak/13856207464,https://www.flickr.com/photos/petruniak/13856207464,data/desktop_scenes_batch3/manifest.csv
https://flickr.com/photos/petticoat_brenda/4357276327,https://www.flickr.com/photos/petticoat_brenda/4357276327,data/desktop_scenes_batch3/manifest.csv
https://flickr.com/photos/petticoat_brenda/4358025324,https://www.flickr.com/photos/petticoat_brenda/4358025324,data/desktop_scenes_batch3/manifest.csv
https://flickr.com/photos/pettifoggist/4399904468,https://www.flickr.com/photos/pettifoggist/4399904468,data/desktop_scenes_batch5/manifest.csv
https://flickr.com/photos/peyjturner/17047120766,https://www.flickr.com/photos/peyjturner/17047120766,data/desktop_scenes_batch4/manifest.csv
https://flickr.com/photos/pftqg/580860903,https://www.flickr.com/photos/pftqg/580860903,data/desktop_scenes_batch5/manifest.csv
https://flickr.com/photos/pftqg/624221834,https://www.flickr.com/photos/pftqg/624221834,data/desktop_scenes_batch5/manifest.csv
https://flickr.com/photos/phalinn/5438648466,https://www.flickr.com/photos/phalinn/5438648466,data/desktop_scenes_batch3/manifest.csv
https://flickr.com/photos/phanatic/32180239534,https://www.flickr.com/photos/phanatic/32180239534,data/desktop_scenes_batch3/manifest.csv
https://flickr.com/photos/pheezy/5545303791,https://www.flickr.com/photos/pheezy/5545303791,data/desktop_scenes_batch3/manifest.csv
https://flickr.com/photos/phil_g/1936840027,https://www.flickr.com/photos/phil_g/1936840027,data/desktop_scenes_batch4/manifest.csv
https://flickr.com/photos/phil_g/3589405892,https://www.flickr.com/photos/phil_g/3589405892,data/desktop_scenes_batch5/manifest.csv
https://flickr.com/photos/phil_g/55025940,https://www.flickr.com/photos/phil_g/55025940,data/desktop_scenes_batch4/manifest.csv
https://flickr.com/photos/philmanker/3917785551,https://www.flickr.com/photos/philmanker/3917785551,data/desktop_scenes_batch5/manifest.csv
https://flickr.com/photos/phooky/4706176289,https://www.flickr.com/photos/phooky/4706176289,data/desktop_scenes_batch4/manifest.csv
https://flickr.com/photos/pics-or-it-didnt-happen/3370438064,https://www.flickr.com/photos/pics-or-it-didnt-happen/3370438064,data/desktop_scenes_batch4/manifest.csv
https://flickr.com/photos/piedogmedia/4735240675,https://www.flickr.com/photos/piedogmedia/4735240675,data/desktop_scenes_batch4/manifest.csv
https://flickr.com/photos/pingosforum/42857546635,https://www.flickr.com/photos/pingosforum/42857546635,data/desktop_scenes_batch4/manifest.csv
https://flickr.com/photos/pingosforum/43045555934,https://www.flickr.com/photos/pingosforum/43045555934,data/desktop_scenes_batch5/manifest.csv
https://flickr.com/photos/pinkmoose/2200484009,https://www.flickr.com/photos/pinkmoose/2200484009,data/desktop_scenes_batch5/manifest.csv
https://flickr.com/photos/pitel/2627961318,https://www.flickr.com/photos/pitel/2627961318,data/desktop_scenes_batch4/manifest.csv
https://flickr.com/photos/pleia2/26107690197,https://www.flickr.com/photos/pleia2/26107690197,data/desktop_scenes_batch3/manifest.csv
https://flickr.com/photos/plural/5525034116,https://www.flickr.com/photos/plural/5525034116,data/desktop_scenes_batch5/manifest.csv
https://flickr.com/photos/plutor/5526390131,https://www.flickr.com/photos/plutor/5526390131,data/desktop_scenes_batch3/manifest.csv
https://flickr.com/photos/plutor/5537272368,https://www.flickr.com/photos/plutor/5537272368,data/desktop_scenes_batch5/manifest.csv
https://flickr.com/photos/popcorncx/149699507,https://www.flickr.com/photos/popcorncx/149699507,data/desktop_scenes_batch5/manifest.csv
https://flickr.com/photos/popcorncx/149706375,https://www.flickr.com/photos/popcorncx/149706375,data/desktop_scenes_batch5/manifest.csv
https://flickr.com/photos/portobaytrade/3213248530,https://www.flickr.com/photos/portobaytrade/3213248530,data/desktop_scenes_batch3/manifest.csv
https://flickr.com/photos/posidoniacuphorc/27113647134,https://www.flickr.com/photos/posidoniacuphorc/27113647134,data/desktop_scenes_batch3/manifest.csv
https://flickr.com/photos/pouregon/4625990418,https://www.flickr.com/photos/pouregon/4625990418,data/desktop_scenes_batch3/manifest.csv
https://flickr.com/photos/powellizer/216548585,https://www.flickr.com/photos/powellizer/216548585,data/desktop_scenes_batch3/manifest.csv
https://flickr.com/photos/powerbooktrance/462248883,https://www.flickr.com/photos/powerbooktrance/462248883,data/desktop_scenes_batch5/manifest.csv
https://flickr.com/photos/ppigworm/530060364,https://www.flickr.com/photos/ppigworm/530060364,data/desktop_scenes_batch3/manifest.csv
https://flickr.com/photos/ppigworm/530158551,https://www.flickr.com/photos/ppigworm/530158551,data/desktop_scenes_batch3/manifest.csv
https://flickr.com/photos/prayitnophotography/50735303666,https://www.flickr.com/photos/prayitnophotography/50735303666,data/desktop_scenes_batch5/manifest.csv
https://flickr.com/photos/presidioofmonterey/15886625672,https://www.flickr.com/photos/presidioofmonterey/15886625672,data/desktop_scenes_batch5/manifest.csv
https://flickr.com/photos/pretradec2007/4884523970,https://www.flickr.com/photos/pretradec2007/4884523970,data/desktop_scenes_batch3/manifest.csv
https://flickr.com/photos/princeroy/239184907,https://www.flickr.com/photos/princeroy/239184907,data/desktop_scenes_batch3/manifest.csv
https://flickr.com/photos/prinsotel/7179413995,https://www.flickr.com/photos/prinsotel/7179413995,data/desktop_scenes_batch3/manifest.csv
https://flickr.com/photos/prinsotel/7179414031,https://www.flickr.com/photos/prinsotel/7179414031,data/desktop_scenes_batch3/manifest.csv
https://flickr.com/photos/prinsotel/7364642306,https://www.flickr.com/photos/prinsotel/7364642306,data/desktop_scenes_batch3/manifest.csv
https://flickr.com/photos/prinsphoto/71787480,https://www.flickr.com/photos/prinsphoto/71787480,data/desktop_scenes_batch3/manifest.csv
https://flickr.com/photos/proflowers/16619802486,https://www.flickr.com/photos/proflowers/16619802486,data/desktop_scenes_batch3/manifest.csv
https://flickr.com/photos/properpictures/2356753468,https://www.flickr.com/photos/properpictures/2356753468,data/desktop_scenes_batch3/manifest.csv
https://flickr.com/photos/pschultz/2354122552,https://www.flickr.com/photos/pschultz/2354122552,data/desktop_scenes_batch5/manifest.csv
https://flickr.com/photos/psychlist1972/3312462423,https://www.flickr.com/photos/psychlist1972/3312462423,data/desktop_scenes_batch4/manifest.csv
https://flickr.com/photos/puchie/4718657915,https://www.flickr.com/photos/puchie/4718657915,data/desktop_scenes_batch5/manifest.csv
https://flickr.com/photos/puntodevista/4679387501,https://www.flickr.com/photos/puntodevista/4679387501,data/desktop_scenes_batch3/manifest.csv
https://flickr.com/photos/puroticorico/2390507914,https://www.flickr.com/photos/puroticorico/2390507914,data/desktop_scenes_batch3/manifest.csv
https://flickr.com/photos/purpleslog/2812127775,https://www.flickr.com/photos/purpleslog/2812127775,data/desktop_scenes_batch3/manifest.csv
https://flickr.com/photos/pvkr/8624573444,https://www.flickr.com/photos/pvkr/8624573444,data/desktop_scenes_batch5/manifest.csv
https://flickr.com/photos/pvsbond/7877487162,https://www.flickr.com/photos/pvsbond/7877487162,data/desktop_scenes_batch3/manifest.csv
https://flickr.com/photos/pyc/3913036757,https://www.flickr.com/photos/pyc/3913036757,data/desktop_scenes_batch3/manifest.csv
https://flickr.com/photos/pyride/42326004900,https://www.flickr.com/photos/pyride/42326004900,data/desktop_scenes_batch3/manifest.csv
https://flickr.com/photos/qole2/2183788906,https://www.flickr.com/photos/qole2/2183788906,data/desktop_scenes_batch4/manifest.csv
https://flickr.com/photos/quacktaculous/3140602238,https://www.flickr.com/photos/quacktaculous/3140602238,data/desktop_scenes_batch4/manifest.csv
https://flickr.com/photos/quatar/13350165414,https://www.flickr.com/photos/quatar/13350165414,data/desktop_scenes_batch5/manifest.csv
https://flickr.com/photos/queenslandstatearchives/25943372337,https://www.flickr.com/photos/queenslandstatearchives/25943372337,data/desktop_scenes_batch5/manifest.csv
https://flickr.com/photos/queenslandstatearchives/40344754692,https://www.flickr.com/photos/queenslandstatearchives/40344754692,data/desktop_scenes_batch5/manifest.csv
https://flickr.com/photos/queenslandstatearchives/40389780591,https://www.flickr.com/photos/queenslandstatearchives/40389780591,data/desktop_scenes_batch5/manifest.csv
https://flickr.com/photos/queenslandstatearchives/48517061036,https://www.flickr.com/photos/queenslandstatearchives/48517061036,data/desktop_scenes_batch3/manifest.csv
https://flickr.com/photos/queenslandstatearchives/48517219221,https://www.flickr.com/photos/queenslandstatearchives/48517219221,data/desktop_scenes_batch3/manifest.csv
https://flickr.com/photos/queenslandstatearchives/48517221887,https://www.flickr.com/photos/queenslandstatearchives/48517221887,data/desktop_scenes_batch3/manifest.csv
https://flickr.com/photos/queenslandstatearchives/48517234647,https://www.flickr.com/photos/queenslandstatearchives/48517234647,data/desktop_scenes_batch3/manifest.csv
https://flickr.com/photos/queenslandstatearchives/48517246332,https://www.flickr.com/photos/queenslandstatearchives/48517246332,data/desktop_scenes_batch3/manifest.csv
https://flickr.com/photos/queenslandstatearchives/48517258397,https://www.flickr.com/photos/queenslandstatearchives/48517258397,data/desktop_scenes_batch3/manifest.csv
https://flickr.com/photos/queenslandstatearchives/48517261092,https://www.flickr.com/photos/queenslandstatearchives/48517261092,data/desktop_scenes_batch3/manifest.csv
https://flickr.com/photos/quinet/31221118950,https://www.flickr.com/photos/quinet/31221118950,data/desktop_scenes_batch5/manifest.csv
https://flickr.com/photos/quinet/43159573612,https://www.flickr.com/photos/quinet/43159573612,data/desktop_scenes_batch3/manifest.csv
https://flickr.com/photos/quinnanya/2341911944,https://www.flickr.com/photos/quinnanya/2341911944,data/desktop_scenes_batch5/manifest.csv
https://flickr.com/photos/quinnanya/28031068362,https://www.flickr.com/photos/quinnanya/28031068362,data/desktop_scenes_batch3/manifest.csv
https://flickr.com/photos/quinnanya/3439564125,https://www.flickr.com/photos/quinnanya/3439564125,data/desktop_scenes_batch5/manifest.csv
https://flickr.com/photos/quinnanya/4316392407,https://www.flickr.com/photos/quinnanya/4316392407,data/desktop_scenes_batch5/manifest.csv
https://flickr.com/photos/quinnanya/4317126680,https://www.flickr.com/photos/quinnanya/4317126680,data/desktop_scenes_batch5/manifest.csv
https://flickr.com/photos/quinnanya/4317127660,https://www.flickr.com/photos/quinnanya/4317127660,data/desktop_scenes_batch5/manifest.csv
https://flickr.com/photos/quinnanya/4317128552,https://www.flickr.com/photos/quinnanya/4317128552,data/desktop_scenes_batch5/manifest.csv
https://flickr.com/photos/quinnanya/4399370749,https://www.flickr.com/photos/quinnanya/4399370749,data/desktop_scenes_batch3/manifest.csv
https://flickr.com/photos/quinnanya/4431929557,https://www.flickr.com/photos/quinnanya/4431929557,data/desktop_scenes_batch5/manifest.csv
https://flickr.com/photos/quinnanya/4484763402,https://www.flickr.com/photos/quinnanya/4484763402,data/desktop_scenes_batch5/manifest.csv
https://flickr.com/photos/quinnanya/4517307721,https://www.flickr.com/photos/quinnanya/4517307721,data/desktop_scenes_batch5/manifest.csv
https://flickr.com/photos/quinnanya/4707595456,https://www.flickr.com/photos/quinnanya/4707595456,data/desktop_scenes_batch5/manifest.csv
https://flickr.com/photos/quinnanya/4716284968,https://www.flickr.com/photos/quinnanya/4716284968,data/desktop_scenes_batch5/manifest.csv
https://flickr.com/photos/quinnanya/4925344715,https://www.flickr.com/photos/quinnanya/4925344715,data/desktop_scenes_batch3/manifest.csv
https://flickr.com/photos/quinnanya/5023488381,https://www.flickr.com/photos/quinnanya/5023488381,data/desktop_scenes_batch3/manifest.csv
https://flickr.com/photos/quinnanya/5068158579,https://www.flickr.com/photos/quinnanya/5068158579,data/desktop_scenes_batch5/manifest.csv
https://flickr.com/photos/quinnanya/5243413170,https://www.flickr.com/photos/quinnanya/5243413170,data/desktop_scenes_batch5/manifest.csv
https://flickr.com/photos/quinnanya/7593565606,https://www.flickr.com/photos/quinnanya/7593565606,data/desktop_scenes_batch5/manifest.csv
https://flickr.com/photos/r4andred/20660067719,https://www.flickr.com/photos/r4andred/20660067719,data/desktop_scenes_batch5/manifest.csv
https://flickr.com/photos/r4vi/202450434,https://www.flickr.com/photos/r4vi/202450434,data/desktop_scenes_batch3/manifest.csv
https://flickr.com/photos/rafaelji/6077516606,https://www.flickr.com/photos/rafaelji/6077516606,data/desktop_scenes_batch3/manifest.csv
https://flickr.com/photos/ralphandjenny/11938499956,https://www.flickr.com/photos/ralphandjenny/11938499956,data/desktop_scenes_batch3/manifest.csv
https://flickr.com/photos/ralree/14824862950,https://www.flickr.com/photos/ralree/14824862950,data/desktop_scenes_batch5/manifest.csv
https://flickr.com/photos/ramblinbears/7831775582,https://www.flickr.com/photos/ramblinbears/7831775582,data/desktop_scenes_batch4/manifest.csv
https://flickr.com/photos/randalldegges/8218900217,https://www.flickr.com/photos/randalldegges/8218900217,data/desktop_scenes_batch3/manifest.csv
https://flickr.com/photos/randomskk/7242369228,https://www.flickr.com/photos/randomskk/7242369228,data/desktop_scenes_batch3/manifest.csv
https://flickr.com/photos/randomskk/7242371868,https://www.flickr.com/photos/randomskk/7242371868,data/desktop_scenes_batch3/manifest.csv
https://flickr.com/photos/randomskk/7242377130,https://www.flickr.com/photos/randomskk/7242377130,data/desktop_scenes_batch3/manifest.csv
https://flickr.com/photos/rarebeasts/5279331056,https://www.flickr.com/photos/rarebeasts/5279331056,data/desktop_scenes_batch5/manifest.csv
https://flickr.com/photos/raruschel/5521059646,https://www.flickr.com/photos/raruschel/5521059646,data/desktop_scenes_batch3/manifest.csv
https://flickr.com/photos/rayboy251963/20157101831,https://www.flickr.com/photos/rayboy251963/20157101831,data/desktop_scenes_batch3/manifest.csv
https://flickr.com/photos/rayinmanila/51105956907,https://www.flickr.com/photos/rayinmanila/51105956907,data/desktop_scenes_batch3/manifest.csv
https://flickr.com/photos/rayinmanila/51514533179,https://www.flickr.com/photos/rayinmanila/51514533179,data/desktop_scenes_batch3/manifest.csv
https://flickr.com/photos/rdmarsh/10589747286,https://www.flickr.com/photos/rdmarsh/10589747286,data/desktop_scenes_batch5/manifest.csv
https://flickr.com/photos/rdmarsh/5657302058,https://www.flickr.com/photos/rdmarsh/5657302058,data/desktop_scenes_batch3/manifest.csv
https://flickr.com/photos/realtoractioncenter/26821198576,https://www.flickr.com/photos/realtoractioncenter/26821198576,data/desktop_scenes_batch3/manifest.csv
https://flickr.com/photos/rebeccaswift/15593813426,https://www.flickr.com/photos/rebeccaswift/15593813426,data/desktop_scenes_batch3/manifest.csv
https://flickr.com/photos/reciclassicat/54959847696,https://www.flickr.com/photos/reciclassicat/54959847696,data/desktop_scenes_batch5/manifest.csv
https://flickr.com/photos/redmoonsanctuary/12611652035,https://www.flickr.com/photos/redmoonsanctuary/12611652035,data/desktop_scenes_batch5/manifest.csv
https://flickr.com/photos/renaissancechambara/14605760587,https://www.flickr.com/photos/renaissancechambara/14605760587,data/desktop_scenes_batch4/manifest.csv
https://flickr.com/photos/renegaderebel/5706150974,https://www.flickr.com/photos/renegaderebel/5706150974,data/desktop_scenes_batch3/manifest.csv
https://flickr.com/photos/retinafunk/14611441872,https://www.flickr.com/photos/retinafunk/14611441872,data/desktop_scenes_batch3/manifest.csv
https://flickr.com/photos/revivaling/4945093648,https://www.flickr.com/photos/revivaling/4945093648,data/desktop_scenes_batch5/manifest.csv
https://flickr.com/photos/rg-fotos/348011032,https://www.flickr.com/photos/rg-fotos/348011032,data/desktop_scenes_batch3/manifest.csv
https://flickr.com/photos/rghammonds/8639560893,https://www.flickr.com/photos/rghammonds/8639560893,data/desktop_scenes_batch3/manifest.csv
https://flickr.com/photos/rhian/34671275945,https://www.flickr.com/photos/rhian/34671275945,data/desktop_scenes_batch3/manifest.csv
https://flickr.com/photos/rhinman/168392446,https://www.flickr.com/photos/rhinman/168392446,data/desktop_scenes_batch5/manifest.csv
https://flickr.com/photos/rhodes/6027360315,https://www.flickr.com/photos/rhodes/6027360315,data/desktop_scenes_batch5/manifest.csv
https://flickr.com/photos/richardberg/4414820552,https://www.flickr.com/photos/richardberg/4414820552,data/desktop_scenes_batch5/manifest.csv
https://flickr.com/photos/richardha101/22373582475,https://www.flickr.com/photos/richardha101/22373582475,data/desktop_scenes_batch3/manifest.csv
https://flickr.com/photos/rickharris/5199850307,https://www.flickr.com/photos/rickharris/5199850307,data/desktop_scenes_batch5/manifest.csv
https://flickr.com/photos/riddle_/2421587572,https://www.flickr.com/photos/riddle_/2421587572,data/desktop_scenes_batch3/manifest.csv
https://flickr.com/photos/risager/3452272176,https://www.flickr.com/photos/risager/3452272176,data/desktop_scenes_batch4/manifest.csv
https://flickr.com/photos/rjw1/15649985325,https://www.flickr.com/photos/rjw1/15649985325,data/desktop_scenes_batch3/manifest.csv
https://flickr.com/photos/rjw1/32514437790,https://www.flickr.com/photos/rjw1/32514437790,data/desktop_scenes_batch3/manifest.csv
https://flickr.com/photos/rmc28/3430258924,https://www.flickr.com/photos/rmc28/3430258924,data/desktop_scenes_batch5/manifest.csv
https://flickr.com/photos/rmceoin/133802335,https://www.flickr.com/photos/rmceoin/133802335,data/desktop_scenes_batch3/manifest.csv
https://flickr.com/photos/rmfleming2175/3069535291,https://www.flickr.com/photos/rmfleming2175/3069535291,data/desktop_scenes_batch5/manifest.csv
https://flickr.com/photos/rmonty119/51978767561,https://www.flickr.com/photos/rmonty119/51978767561,data/desktop_scenes_batch5/manifest.csv
https://flickr.com/photos/rndmcnlly/8944737181,https://www.flickr.com/photos/rndmcnlly/8944737181,data/desktop_scenes_batch3/manifest.csv
https://flickr.com/photos/robartes/122856003,https://www.flickr.com/photos/robartes/122856003,data/desktop_scenes_batch3/manifest.csv
https://flickr.com/photos/robartes/122856191,https://www.flickr.com/photos/robartes/122856191,data/desktop_scenes_batch3/manifest.csv
https://flickr.com/photos/robartes/122856409,https://www.flickr.com/photos/robartes/122856409,data/desktop_scenes_batch3/manifest.csv
https://flickr.com/photos/robartes/122856615,https://www.flickr.com/photos/robartes/122856615,data/desktop_scenes_batch3/manifest.csv
https://flickr.com/photos/robartes/124372613,https://www.flickr.com/photos/robartes/124372613,data/desktop_scenes_batch3/manifest.csv
https://flickr.com/photos/robartes/139163328,https://www.flickr.com/photos/robartes/139163328,data/desktop_scenes_batch3/manifest.csv
https://flickr.com/photos/robartes/153587304,https://www.flickr.com/photos/robartes/153587304,data/desktop_scenes_batch3/manifest.csv
https://flickr.com/photos/robartes/193257038,https://www.flickr.com/photos/robartes/193257038,data/desktop_scenes_batch3/manifest.csv
https://flickr.com/photos/robartes/337419567,https://www.flickr.com/photos/robartes/337419567,data/desktop_scenes_batch3/manifest.csv
https://flickr.com/photos/robartes/4418015332,https://www.flickr.com/photos/robartes/4418015332,data/desktop_scenes_batch3/manifest.csv
https://flickr.com/photos/robartes/4485736315,https://www.flickr.com/photos/robartes/4485736315,data/desktop_scenes_batch3/manifest.csv
https://flickr.com/photos/robbertholf/19436867229,https://www.flickr.com/photos/robbertholf/19436867229,data/desktop_scenes_batch3/manifest.csv
https://flickr.com/photos/robertnelson/523143653,https://www.flickr.com/photos/robertnelson/523143653,data/desktop_scenes_batch5/manifest.csv
https://flickr.com/photos/robertnelson/523143761,https://www.flickr.com/photos/robertnelson/523143761,data/desktop_scenes_batch4/manifest.csv
https://flickr.com/photos/rollyrouse/8681845456,https://www.flickr.com/photos/rollyrouse/8681845456,data/desktop_scenes_batch3/manifest.csv
https://flickr.com/photos/romainbrami/456801494,https://www.flickr.com/photos/romainbrami/456801494,data/desktop_scenes_batch4/manifest.csv
https://flickr.com/photos/ronaldc5/36359650062,https://www.flickr.com/photos/ronaldc5/36359650062,data/desktop_scenes_batch5/manifest.csv
https://flickr.com/photos/ronc-photography/19437874675,https://www.flickr.com/photos/ronc-photography/19437874675,data/desktop_scenes_batch3/manifest.csv
https://flickr.com/photos/ronin691/5274234991,https://www.flickr.com/photos/ronin691/5274234991,data/desktop_scenes_batch3/manifest.csv
https://flickr.com/photos/roomanald/21162437116,https://www.flickr.com/photos/roomanald/21162437116,data/desktop_scenes_batch5/manifest.csv
https://flickr.com/photos/rootology/8660957104,https://www.flickr.com/photos/rootology/8660957104,data/desktop_scenes_batch5/manifest.csv
https://flickr.com/photos/rossination/45754470,https://www.flickr.com/photos/rossination/45754470,data/desktop_scenes_batch4/manifest.csv
https://flickr.com/photos/rtds/576795178,https://www.flickr.com/photos/rtds/576795178,data/desktop_scenes_batch5/manifest.csv
https://flickr.com/photos/rubenerd/6529393727,https://www.flickr.com/photos/rubenerd/6529393727,data/desktop_scenes_batch4/manifest.csv
https://flickr.com/photos/rubenholthuijsen/53989060884,https://www.flickr.com/photos/rubenholthuijsen/53989060884,data/desktop_scenes_batch5/manifest.csv
https://flickr.com/photos/russellstreet/32736562995,https://www.flickr.com/photos/russellstreet/32736562995,data/desktop_scenes_batch3/manifest.csv
https://flickr.com/photos/rusty_clark/6234744832,https://www.flickr.com/photos/rusty_clark/6234744832,data/desktop_scenes_batch3/manifest.csv
https://flickr.com/photos/rusty_clark/7474382678,https://www.flickr.com/photos/rusty_clark/7474382678,data/desktop_scenes_batch5/manifest.csv
https://flickr.com/photos/ruthanddave/10693918384,https://www.flickr.com/photos/ruthanddave/10693918384,data/desktop_scenes_batch3/manifest.csv
https://flickr.com/photos/ruthanddave/31992235573,https://www.flickr.com/photos/ruthanddave/31992235573,data/desktop_scenes_batch3/manifest.csv
https://flickr.com/photos/ruthanddave/7869090942,https://www.flickr.com/photos/ruthanddave/7869090942,data/desktop_scenes_batch3/manifest.csv
https://flickr.com/photos/ruthanddave/8333107401,https://www.flickr.com/photos/ruthanddave/8333107401,data/desktop_scenes_batch3/manifest.csv
https://flickr.com/photos/ryan_tir/185624984,https://www.flickr.com/photos/ryan_tir/185624984,data/desktop_scenes_batch5/manifest.csv
https://flickr.com/photos/ryan_tir/21471529,https://www.flickr.com/photos/ryan_tir/21471529,data/desktop_scenes_batch4/manifest.csv
https://flickr.com/photos/ryan_tir/3271379196,https://www.flickr.com/photos/ryan_tir/3271379196,data/desktop_scenes_batch5/manifest.csv
https://flickr.com/photos/ryanhsuh31/8431782712,https://www.flickr.com/photos/ryanhsuh31/8431782712,data/desktop_scenes_batch3/manifest.csv
https://flickr.com/photos/ryawesome/3357803808,https://www.flickr.com/photos/ryawesome/3357803808,data/desktop_scenes_batch3/manifest.csv
https://flickr.com/photos/rym/37970395246,https://www.flickr.com/photos/rym/37970395246,data/desktop_scenes_batch5/manifest.csv
https://flickr.com/photos/rym/8797582954,https://www.flickr.com/photos/rym/8797582954,data/desktop_scenes_batch5/manifest.csv
https://flickr.com/photos/rynosoft/2751487209,https://www.flickr.com/photos/rynosoft/2751487209,data/desktop_scenes_batch3/manifest.csv
https://flickr.com/photos/rynosoft/2752318872,https://www.flickr.com/photos/rynosoft/2752318872,data/desktop_scenes_batch3/manifest.csv
https://flickr.com/photos/rynosoft/2752320002,https://www.flickr.com/photos/rynosoft/2752320002,data/desktop_scenes_batch3/manifest.csv
https://flickr.com/photos/ryochijiiwa/21731120,https://www.flickr.com/photos/ryochijiiwa/21731120,data/desktop_scenes_batch5/manifest.csv
https://flickr.com/photos/sackerman519/4342660740,https://www.flickr.com/photos/sackerman519/4342660740,data/desktop_scenes_batch3/manifest.csv
https://flickr.com/photos/sackerman519/7370367704,https://www.flickr.com/photos/sackerman519/7370367704,data/desktop_scenes_batch3/manifest.csv
https://flickr.com/photos/sackerman519/7370384458,https://www.flickr.com/photos/sackerman519/7370384458,data/desktop_scenes_batch5/manifest.csv
https://flickr.com/photos/sagamiono/4208533753,https://www.flickr.com/photos/sagamiono/4208533753,data/desktop_scenes_batch3/manifest.csv
https://flickr.com/photos/sagamiono/4215981576,https://www.flickr.com/photos/sagamiono/4215981576,data/desktop_scenes_batch3/manifest.csv
https://flickr.com/photos/sailor_coruscant/4253864710,https://www.flickr.com/photos/sailor_coruscant/4253864710,data/desktop_scenes_batch5/manifest.csv
https://flickr.com/photos/sakaki/700073324,https://www.flickr.com/photos/sakaki/700073324,data/desktop_scenes_batch5/manifest.csv
https://flickr.com/photos/sallypics/68515820,https://www.flickr.com/photos/sallypics/68515820,data/desktop_scenes_batch3/manifest.csv
https://flickr.com/photos/samfelder/408275318,https://www.flickr.com/photos/samfelder/408275318,data/desktop_scenes_batch5/manifest.csv
https://flickr.com/photos/samualpedrete/3203469855,https://www.flickr.com/photos/samualpedrete/3203469855,data/desktop_scenes_batch5/manifest.csv
https://flickr.com/photos/sandybrownjensen/6623637109,https://www.flickr.com/photos/sandybrownjensen/6623637109,data/desktop_scenes_batch3/manifest.csv
https://flickr.com/photos/sarahvain/6997724337,https://www.flickr.com/photos/sarahvain/6997724337,data/desktop_scenes_batch5/manifest.csv
https://flickr.com/photos/saucysalad/4669485286,https://www.flickr.com/photos/saucysalad/4669485286,data/desktop_scenes_batch5/manifest.csv
https://flickr.com/photos/sburt/2085094950,https://www.flickr.com/photos/sburt/2085094950,data/desktop_scenes_batch4/manifest.csv
https://flickr.com/photos/sburt/2698807971,https://www.flickr.com/photos/sburt/2698807971,data/desktop_scenes_batch4/manifest.csv
https://flickr.com/photos/schaerer/25708465115,https://www.flickr.com/photos/schaerer/25708465115,data/desktop_scenes_batch3/manifest.csv
https://flickr.com/photos/schill/15086828169,https://www.flickr.com/photos/schill/15086828169,data/desktop_scenes_batch3/manifest.csv
https://flickr.com/photos/schill/4443443730,https://www.flickr.com/photos/schill/4443443730,data/desktop_scenes_batch4/manifest.csv
https://flickr.com/photos/schill/5425584384,https://www.flickr.com/photos/schill/5425584384,data/desktop_scenes_batch5/manifest.csv
https://flickr.com/photos/schlesinger_library/13270560514,https://www.flickr.com/photos/schlesinger_library/13270560514,data/desktop_scenes_batch5/manifest.csv
https://flickr.com/photos/schmilblick/4031893122,https://www.flickr.com/photos/schmilblick/4031893122,data/desktop_scenes_batch4/manifest.csv
https://flickr.com/photos/schneertz/46414549,https://www.flickr.com/photos/schneertz/46414549,data/desktop_scenes_batch3/manifest.csv
https://flickr.com/photos/scope35/41602393681,https://www.flickr.com/photos/scope35/41602393681,data/desktop_scenes_batch3/manifest.csv
https://flickr.com/photos/screamingflamingdeath/159018752,https://www.flickr.com/photos/screamingflamingdeath/159018752,data/desktop_scenes_batch3/manifest.csv
https://flickr.com/photos/screamingflamingdeath/7206789688,https://www.flickr.com/photos/screamingflamingdeath/7206789688,data/desktop_scenes_batch3/manifest.csv
https://flickr.com/photos/scriptingnews/256598323,https://www.flickr.com/photos/scriptingnews/256598323,data/desktop_scenes_batch5/manifest.csv
https://flickr.com/photos/seamus_walsh/2415386031,https://www.flickr.com/photos/seamus_walsh/2415386031,data/desktop_scenes_batch5/manifest.csv
https://flickr.com/photos/seattlecamera/51297509724,https://www.flickr.com/photos/seattlecamera/51297509724,data/desktop_scenes_batch5/manifest.csv
https://flickr.com/photos/seattlecamera/51668968500,https://www.flickr.com/photos/seattlecamera/51668968500,data/desktop_scenes_batch5/manifest.csv
https://flickr.com/photos/seattlecamera/51857145998,https://www.flickr.com/photos/seattlecamera/51857145998,data/desktop_scenes_batch5/manifest.csv
https://flickr.com/photos/seattlecamera/51873448669,https://www.flickr.com/photos/seattlecamera/51873448669,data/desktop_scenes_batch5/manifest.csv
https://flickr.com/photos/seattlecamera/51886896201,https://www.flickr.com/photos/seattlecamera/51886896201,data/desktop_scenes_batch5/manifest.csv
https://flickr.com/photos/seattlecamera/52206070906,https://www.flickr.com/photos/seattlecamera/52206070906,data/desktop_scenes_batch5/manifest.csv
https://flickr.com/photos/seattlecamera/52206334234,https://www.flickr.com/photos/seattlecamera/52206334234,data/desktop_scenes_batch5/manifest.csv
https://flickr.com/photos/seattlecamera/54451028732,https://www.flickr.com/photos/seattlecamera/54451028732,data/desktop_scenes_batch5/manifest.csv
https://flickr.com/photos/seattlemunicipalarchives/8554165827,https://www.flickr.com/photos/seattlemunicipalarchives/8554165827,data/desktop_scenes_batch3/manifest.csv
https://flickr.com/photos/seattleparks/33096962680,https://www.flickr.com/photos/seattleparks/33096962680,data/desktop_scenes_batch3/manifest.csv
https://flickr.com/photos/sebilden/9159510971,https://www.flickr.com/photos/sebilden/9159510971,data/desktop_scenes_batch3/manifest.csv
https://flickr.com/photos/sebrenner/333292627,https://www.flickr.com/photos/sebrenner/333292627,data/desktop_scenes_batch5/manifest.csv
https://flickr.com/photos/seelensturm/5514183995,https://www.flickr.com/photos/seelensturm/5514183995,data/desktop_scenes_batch3/manifest.csv
https://flickr.com/photos/seetra/50976382953,https://www.flickr.com/photos/seetra/50976382953,data/desktop_scenes_batch5/manifest.csv
https://flickr.com/photos/segfault87/4605242395,https://www.flickr.com/photos/segfault87/4605242395,data/desktop_scenes_batch5/manifest.csv
https://flickr.com/photos/seier/5099590766,https://www.flickr.com/photos/seier/5099590766,data/desktop_scenes_batch5/manifest.csv
https://flickr.com/photos/sensinct/6807216966,https://www.flickr.com/photos/sensinct/6807216966,data/desktop_scenes_batch3/manifest.csv
https://flickr.com/photos/seokchanyun/2634935191,https://www.flickr.com/photos/seokchanyun/2634935191,data/desktop_scenes_batch3/manifest.csv
https://flickr.com/photos/serdal/9303496378,https://www.flickr.com/photos/serdal/9303496378,data/desktop_scenes_batch3/manifest.csv
https://flickr.com/photos/serenejournal/6193893305,https://www.flickr.com/photos/serenejournal/6193893305,data/desktop_scenes_batch3/manifest.csv
https://flickr.com/photos/sergesegal/52966400095,https://www.flickr.com/photos/sergesegal/52966400095,data/desktop_scenes_batch3/manifest.csv
https://flickr.com/photos/sergesegal/53180473602,https://www.flickr.com/photos/sergesegal/53180473602,data/desktop_scenes_batch5/manifest.csv
https://flickr.com/photos/sethw/1138269217,https://www.flickr.com/photos/sethw/1138269217,data/desktop_scenes_batch4/manifest.csv
https://flickr.com/photos/sethw/2425595958,https://www.flickr.com/photos/sethw/2425595958,data/desktop_scenes_batch3/manifest.csv
https://flickr.com/photos/sethw/2701869253,https://www.flickr.com/photos/sethw/2701869253,data/desktop_scenes_batch5/manifest.csv
https://flickr.com/photos/shabdaly/3818395918,https://www.flickr.com/photos/shabdaly/3818395918,data/desktop_scenes_batch3/manifest.csv
https://flickr.com/photos/shaneglobal/14217994781,https://www.flickr.com/photos/shaneglobal/14217994781,data/desktop_scenes_batch3/manifest.csv
https://flickr.com/photos/shaneglobal/14221305175,https://www.flickr.com/photos/shaneglobal/14221305175,data/desktop_scenes_batch3/manifest.csv
https://flickr.com/photos/shaneglobal/14221316735,https://www.flickr.com/photos/shaneglobal/14221316735,data/desktop_scenes_batch3/manifest.csv
https://flickr.com/photos/shankaronline/37092453622,https://www.flickr.com/photos/shankaronline/37092453622,data/desktop_scenes_batch3/manifest.csv
https://flickr.com/photos/shankaronline/37092616932,https://www.flickr.com/photos/shankaronline/37092616932,data/desktop_scenes_batch3/manifest.csv
https://flickr.com/photos/shankaronline/37122525071,https://www.flickr.com/photos/shankaronline/37122525071,data/desktop_scenes_batch3/manifest.csv
https://flickr.com/photos/sharadaprasad/8495950807,https://www.flickr.com/photos/sharadaprasad/8495950807,data/desktop_scenes_batch3/manifest.csv
https://flickr.com/photos/sharonhahndarlin/8783277232,https://www.flickr.com/photos/sharonhahndarlin/8783277232,data/desktop_scenes_batch3/manifest.csv
https://flickr.com/photos/shelbyann18/6047185377,https://www.flickr.com/photos/shelbyann18/6047185377,data/desktop_scenes_batch3/manifest.csv
https://flickr.com/photos/shine2010/4670103038,https://www.flickr.com/photos/shine2010/4670103038,data/desktop_scenes_batch3/manifest.csv
https://flickr.com/photos/shokai/3305369743,https://www.flickr.com/photos/shokai/3305369743,data/desktop_scenes_batch4/manifest.csv
https://flickr.com/photos/shokai/3305370013,https://www.flickr.com/photos/shokai/3305370013,data/desktop_scenes_batch5/manifest.csv
https://flickr.com/photos/shokai/3306191222,https://www.flickr.com/photos/shokai/3306191222,data/desktop_scenes_batch3/manifest.csv
https://flickr.com/photos/shokai/3306191398,https://www.flickr.com/photos/shokai/3306191398,data/desktop_scenes_batch4/manifest.csv
https://flickr.com/photos/shokai/3348947522,https://www.flickr.com/photos/shokai/3348947522,data/desktop_scenes_batch4/manifest.csv
https://flickr.com/photos/shokai/3459808665,https://www.flickr.com/photos/shokai/3459808665,data/desktop_scenes_batch4/manifest.csv
https://flickr.com/photos/shokai/3460626264,https://www.flickr.com/photos/shokai/3460626264,data/desktop_scenes_batch4/manifest.csv
https://flickr.com/photos/shokai/3460627054,https://www.flickr.com/photos/shokai/3460627054,data/desktop_scenes_batch4/manifest.csv
https://flickr.com/photos/shokai/6055644615,https://www.flickr.com/photos/shokai/6055644615,data/desktop_scenes_batch4/manifest.csv
https://flickr.com/photos/shokai/7222270112,https://www.flickr.com/photos/shokai/7222270112,data/desktop_scenes_batch4/manifest.csv
https://flickr.com/photos/shoshanah/307298082,https://www.flickr.com/photos/shoshanah/307298082,data/desktop_scenes_batch5/manifest.csv
https://flickr.com/photos/shoshanah/67655624,https://www.flickr.com/photos/shoshanah/67655624,data/desktop_scenes_batch3/manifest.csv
https://flickr.com/photos/shreveportbossier/6543836151,https://www.flickr.com/photos/shreveportbossier/6543836151,data/desktop_scenes_batch3/manifest.csv
https://flickr.com/photos/sigfridlundberg/6654275327,https://www.flickr.com/photos/sigfridlundberg/6654275327,data/desktop_scenes_batch3/manifest.csv
https://flickr.com/photos/sigfridlundberg/8237819542,https://www.flickr.com/photos/sigfridlundberg/8237819542,data/desktop_scenes_batch3/manifest.csv
https://flickr.com/photos/signe_karin/3981299369,https://www.flickr.com/photos/signe_karin/3981299369,data/desktop_scenes_batch3/manifest.csv
https://flickr.com/photos/simiant/5401478,https://www.flickr.com/photos/simiant/5401478,data/desktop_scenes_batch4/manifest.csv
https://flickr.com/photos/simoncarr/3415723327,https://www.flickr.com/photos/simoncarr/3415723327,data/desktop_scenes_batch3/manifest.csv
https://flickr.com/photos/simoncarr/4661221668,https://www.flickr.com/photos/simoncarr/4661221668,data/desktop_scenes_batch3/manifest.csv
https://flickr.com/photos/simonov/4443790239,https://www.flickr.com/photos/simonov/4443790239,data/desktop_scenes_batch3/manifest.csv
https://flickr.com/photos/simonov/4469989097,https://www.flickr.com/photos/simonov/4469989097,data/desktop_scenes_batch3/manifest.csv
https://flickr.com/photos/simonov/7443878990,https://www.flickr.com/photos/simonov/7443878990,data/desktop_scenes_batch3/manifest.csv
https://flickr.com/photos/simonwaldherr/26979251539,https://www.flickr.com/photos/simonwaldherr/26979251539,data/desktop_scenes_batch5/manifest.csv
https://flickr.com/photos/skeggzatori/3524093415,https://www.flickr.com/photos/skeggzatori/3524093415,data/desktop_scenes_batch5/manifest.csv
https://flickr.com/photos/skewgee/5979562255,https://www.flickr.com/photos/skewgee/5979562255,data/desktop_scenes_batch4/manifest.csv
https://flickr.com/photos/skewgee/7275880582,https://www.flickr.com/photos/skewgee/7275880582,data/desktop_scenes_batch5/manifest.csv
https://flickr.com/photos/skewgee/7275882420,https://www.flickr.com/photos/skewgee/7275882420,data/desktop_scenes_batch3/manifest.csv
https://flickr.com/photos/skinnylawyer/5612477794,https://www.flickr.com/photos/skinnylawyer/5612477794,data/desktop_scenes_batch3/manifest.csv
https://flickr.com/photos/sklathill/2158957591,https://www.flickr.com/photos/sklathill/2158957591,data/desktop_scenes_batch5/manifest.csv
https://flickr.com/photos/skolr/3052585347,https://www.flickr.com/photos/skolr/3052585347,data/desktop_scenes_batch5/manifest.csv
https://flickr.com/photos/skrewtape/233693017,https://www.flickr.com/photos/skrewtape/233693017,data/desktop_scenes_batch3/manifest.csv
https://flickr.com/photos/skvidal/6176438422,https://www.flickr.com/photos/skvidal/6176438422,data/desktop_scenes_batch3/manifest.csv
https://flickr.com/photos/skvidal/6176438884,https://www.flickr.com/photos/skvidal/6176438884,data/desktop_scenes_batch3/manifest.csv
https://flickr.com/photos/sky-clouds/54949368574,https://www.flickr.com/photos/sky-clouds/54949368574,data/desktop_scenes_batch5/manifest.csv
https://flickr.com/photos/slgc/38958136665,https://www.flickr.com/photos/slgc/38958136665,data/desktop_scenes_batch3/manifest.csv
https://flickr.com/photos/slgc/6612257549,https://www.flickr.com/photos/slgc/6612257549,data/desktop_scenes_batch5/manifest.csv
https://flickr.com/photos/sloanpix/14631380890,https://www.flickr.com/photos/sloanpix/14631380890,data/desktop_scenes_batch3/manifest.csv
https://flickr.com/photos/sludgeulper/15354337912,https://www.flickr.com/photos/sludgeulper/15354337912,data/desktop_scenes_batch3/manifest.csv
https://flickr.com/photos/smallcurio/51427050745,https://www.flickr.com/photos/smallcurio/51427050745,data/desktop_scenes_batch3/manifest.csv
https://flickr.com/photos/smallkaa/6140388391,https://www.flickr.com/photos/smallkaa/6140388391,data/desktop_scenes_batch3/manifest.csv
https://flickr.com/photos/smithsonian/2422570279,https://www.flickr.com/photos/smithsonian/2422570279,data/desktop_scenes_batch5/manifest.csv
https://flickr.com/photos/smithsonian/2575122929,https://www.flickr.com/photos/smithsonian/2575122929,data/desktop_scenes_batch5/manifest.csv
https://flickr.com/photos/smoorenburg/3281089797,https://www.flickr.com/photos/smoorenburg/3281089797,data/desktop_scenes_batch3/manifest.csv
https://flickr.com/photos/smoorenburg/3281910988,https://www.flickr.com/photos/smoorenburg/3281910988,data/desktop_scenes_batch3/manifest.csv
https://flickr.com/photos/snapped_up/941451408,https://www.flickr.com/photos/snapped_up/941451408,data/desktop_scenes_batch3/manifest.csv
https://flickr.com/photos/snogglethorpe/5581034860,https://www.flickr.com/photos/snogglethorpe/5581034860,data/desktop_scenes_batch3/manifest.csv
https://flickr.com/photos/sohrab_kabuli/26789825693,https://www.flickr.com/photos/sohrab_kabuli/26789825693,data/desktop_scenes_batch5/manifest.csv
https://flickr.com/photos/soniabelviso/7678243648,https://www.flickr.com/photos/soniabelviso/7678243648,data/desktop_scenes_batch5/manifest.csv
https://flickr.com/photos/sonnett/661170171,https://www.flickr.com/photos/sonnett/661170171,data/desktop_scenes_batch5/manifest.csv
https://flickr.com/photos/sonofgroucho/14064051761,https://www.flickr.com/photos/sonofgroucho/14064051761,data/desktop_scenes_batch4/manifest.csv
https://flickr.com/photos/sooey/13055271385,https://www.flickr.com/photos/sooey/13055271385,data/desktop_scenes_batch5/manifest.csv
https://flickr.com/photos/soon_lee/33990730085,https://www.flickr.com/photos/soon_lee/33990730085,data/desktop_scenes_batch3/manifest.csv
https://flickr.com/photos/sophistechate/2849569899,https://www.flickr.com/photos/sophistechate/2849569899,data/desktop_scenes_batch5/manifest.csv
https://flickr.com/photos/sophistechate/5326719460,https://www.flickr.com/photos/sophistechate/5326719460,data/desktop_scenes_batch3/manifest.csv
https://flickr.com/photos/spezz/4938421827,https://www.flickr.com/photos/spezz/4938421827,data/desktop_scenes_batch3/manifest.csv
https://flickr.com/photos/spierzchala/12436644344,https://www.flickr.com/photos/spierzchala/12436644344,data/desktop_scenes_batch5/manifest.csv
https://flickr.com/photos/spilt-milk/715451475,https://www.flickr.com/photos/spilt-milk/715451475,data/desktop_scenes_batch3/manifest.csv
https://flickr.com/photos/spinster/721429,https://www.flickr.com/photos/spinster/721429,data/desktop_scenes_batch3/manifest.csv
https://flickr.com/photos/spinster/721445,https://www.flickr.com/photos/spinster/721445,data/desktop_scenes_batch3/manifest.csv
https://flickr.com/photos/spinster/721454,https://www.flickr.com/photos/spinster/721454,data/desktop_scenes_batch3/manifest.csv
https://flickr.com/photos/spotrh/2090709229,https://www.flickr.com/photos/spotrh/2090709229,data/desktop_scenes_batch3/manifest.csv
https://flickr.com/photos/sriparnaghosh/4601744806,https://www.flickr.com/photos/sriparnaghosh/4601744806,data/desktop_scenes_batch3/manifest.csv
https://flickr.com/photos/state_library_south_australia/9708863802,https://www.flickr.com/photos/state_library_south_australia/9708863802,data/desktop_scenes_batch3/manifest.csv
https://flickr.com/photos/statelibraryqueensland/15727213731,https://www.flickr.com/photos/statelibraryqueensland/15727213731,data/desktop_scenes_batch5/manifest.csv
https://flickr.com/photos/statelibraryqueensland/49667860622,https://www.flickr.com/photos/statelibraryqueensland/49667860622,data/desktop_scenes_batch5/manifest.csv
https://flickr.com/photos/statelibraryqueensland/7960424470,https://www.flickr.com/photos/statelibraryqueensland/7960424470,data/desktop_scenes_batch3/manifest.csv
https://flickr.com/photos/stefan_ledwina/403461416,https://www.flickr.com/photos/stefan_ledwina/403461416,data/desktop_scenes_batch3/manifest.csv
https://flickr.com/photos/stella12/30467970852,https://www.flickr.com/photos/stella12/30467970852,data/desktop_scenes_batch3/manifest.csv
https://flickr.com/photos/sternal/8661708136,https://www.flickr.com/photos/sternal/8661708136,data/desktop_scenes_batch4/manifest.csv
https://flickr.com/photos/steveanddiane/4918192211,https://www.flickr.com/photos/steveanddiane/4918192211,data/desktop_scenes_batch3/manifest.csv
https://flickr.com/photos/stevensnodgrass/4702151516,https://www.flickr.com/photos/stevensnodgrass/4702151516,data/desktop_scenes_batch3/manifest.csv
https://flickr.com/photos/steveonjava/8131577137,https://www.flickr.com/photos/steveonjava/8131577137,data/desktop_scenes_batch4/manifest.csv
https://flickr.com/photos/stradablog/14207131605,https://www.flickr.com/photos/stradablog/14207131605,data/desktop_scenes_batch3/manifest.csv
https://flickr.com/photos/stuart_spivack/3351433581,https://www.flickr.com/photos/stuart_spivack/3351433581,data/desktop_scenes_batch3/manifest.csv
https://flickr.com/photos/stuttermonkey/38411149,https://www.flickr.com/photos/stuttermonkey/38411149,data/desktop_scenes_batch5/manifest.csv
https://flickr.com/photos/stuttermonkey/8007493,https://www.flickr.com/photos/stuttermonkey/8007493,data/desktop_scenes_batch5/manifest.csv
https://flickr.com/photos/stuttermonkey/8007532,https://www.flickr.com/photos/stuttermonkey/8007532,data/desktop_scenes_batch5/manifest.csv
https://flickr.com/photos/suavehouse113/3353166804,https://www.flickr.com/photos/suavehouse113/3353166804,data/desktop_scenes_batch3/manifest.csv
https://flickr.com/photos/substack/4550136968,https://www.flickr.com/photos/substack/4550136968,data/desktop_scenes_batch4/manifest.csv
https://flickr.com/photos/suckamc/1181505328,https://www.flickr.com/photos/suckamc/1181505328,data/desktop_scenes_batch4/manifest.csv
https://flickr.com/photos/suckamc/3219677995,https://www.flickr.com/photos/suckamc/3219677995,data/desktop_scenes_batch5/manifest.csv
https://flickr.com/photos/suckamc/4276413497,https://www.flickr.com/photos/suckamc/4276413497,data/desktop_scenes_batch4/manifest.csv
https://flickr.com/photos/suecline/3721771858,https://www.flickr.com/photos/suecline/3721771858,data/desktop_scenes_batch4/manifest.csv
https://flickr.com/photos/sunil_soundarapandian/32986364685,https://www.flickr.com/photos/sunil_soundarapandian/32986364685,data/desktop_scenes_batch3/manifest.csv
https://flickr.com/photos/superchristie/291664444,https://www.flickr.com/photos/superchristie/291664444,data/desktop_scenes_batch5/manifest.csv
https://flickr.com/photos/surajram/6378602015,https://www.flickr.com/photos/surajram/6378602015,data/desktop_scenes_batch3/manifest.csv
https://flickr.com/photos/swruler/304281759,https://www.flickr.com/photos/swruler/304281759,data/desktop_scenes_batch4/manifest.csv
https://flickr.com/photos/sylvar/4578391458,https://www.flickr.com/photos/sylvar/4578391458,data/desktop_scenes_batch5/manifest.csv
https://flickr.com/photos/sysrq/2093955239,https://www.flickr.com/photos/sysrq/2093955239,data/desktop_scenes_batch3/manifest.csv
https://flickr.com/photos/tachyondecay/2366167297,https://www.flickr.com/photos/tachyondecay/2366167297,data/desktop_scenes_batch4/manifest.csv
https://flickr.com/photos/tachyondecay/4289176864,https://www.flickr.com/photos/tachyondecay/4289176864,data/desktop_scenes_batch3/manifest.csv
https://flickr.com/photos/tahini/20430761578,https://www.flickr.com/photos/tahini/20430761578,data/desktop_scenes_batch3/manifest.csv
https://flickr.com/photos/takapprs_flickr/24858708601,https://www.flickr.com/photos/takapprs_flickr/24858708601,data/desktop_scenes_batch3/manifest.csv
https://flickr.com/photos/tamaiyuya/7202623784,https://www.flickr.com/photos/tamaiyuya/7202623784,data/desktop_scenes_batch5/manifest.csv
https://flickr.com/photos/tamburix/1587006538,https://www.flickr.com/photos/tamburix/1587006538,data/desktop_scenes_batch3/manifest.csv
https://flickr.com/photos/tandpbur/24422463505,https://www.flickr.com/photos/tandpbur/24422463505,data/desktop_scenes_batch3/manifest.csv
https://flickr.com/photos/tbisaacs/3086355917,https://www.flickr.com/photos/tbisaacs/3086355917,data/desktop_scenes_batch4/manifest.csv
https://flickr.com/photos/tbisaacs/6326882331,https://www.flickr.com/photos/tbisaacs/6326882331,data/desktop_scenes_batch4/manifest.csv
https://flickr.com/photos/tbuser/5598512209,https://www.flickr.com/photos/tbuser/5598512209,data/desktop_scenes_batch4/manifest.csv
https://flickr.com/photos/tckc/5238901269,https://www.flickr.com/photos/tckc/5238901269,data/desktop_scenes_batch5/manifest.csv
https://flickr.com/photos/teamaskins/189483448,https://www.flickr.com/photos/teamaskins/189483448,data/desktop_scenes_batch3/manifest.csv
https://flickr.com/photos/teamaskins/189488213,https://www.flickr.com/photos/teamaskins/189488213,data/desktop_scenes_batch5/manifest.csv
https://flickr.com/photos/teamaskins/277120844,https://www.flickr.com/photos/teamaskins/277120844,data/desktop_scenes_batch3/manifest.csv
https://flickr.com/photos/teamaskins/277121434,https://www.flickr.com/photos/teamaskins/277121434,data/desktop_scenes_batch3/manifest.csv
https://flickr.com/photos/teatrails/6890352023,https://www.flickr.com/photos/teatrails/6890352023,data/desktop_scenes_batch3/manifest.csv
https://flickr.com/photos/techcrunch/8698756357,https://www.flickr.com/photos/techcrunch/8698756357,data/desktop_scenes_batch3/manifest.csv
https://flickr.com/photos/tedbigham/7992674749,https://www.flickr.com/photos/tedbigham/7992674749,data/desktop_scenes_batch5/manifest.csv
https://flickr.com/photos/telemax/4448092719,https://www.flickr.com/photos/telemax/4448092719,data/desktop_scenes_batch3/manifest.csv
https://flickr.com/photos/ter-burg/9182322296,https://www.flickr.com/photos/ter-burg/9182322296,data/desktop_scenes_batch5/manifest.csv
https://flickr.com/photos/terminals/14836758450,https://www.flickr.com/photos/terminals/14836758450,data/desktop_scenes_batch3/manifest.csv
https://flickr.com/photos/terry/34981663310,https://www.flickr.com/photos/terry/34981663310,data/desktop_scenes_batch3/manifest.csv
https://flickr.com/photos/terryballard/5407930636,https://www.flickr.com/photos/terryballard/5407930636,data/desktop_scenes_batch4/manifest.csv
https://flickr.com/photos/testlab/22079533452,https://www.flickr.com/photos/testlab/22079533452,data/desktop_scenes_batch3/manifest.csv
https://flickr.com/photos/tfduesing/4911123983,https://www.flickr.com/photos/tfduesing/4911123983,data/desktop_scenes_batch4/manifest.csv
https://flickr.com/photos/the-consortium/5295000171,https://www.flickr.com/photos/the-consortium/5295000171,data/desktop_scenes_batch5/manifest.csv
https://flickr.com/photos/the-magic-tuba-pixie/6232299455,https://www.flickr.com/photos/the-magic-tuba-pixie/6232299455,data/desktop_scenes_batch5/manifest.csv
https://flickr.com/photos/the_spectre_los/3203810371,https://www.flickr.com/photos/the_spectre_los/3203810371,data/desktop_scenes_batch4/manifest.csv
https://flickr.com/photos/theclosedcircle/3064920019,https://www.flickr.com/photos/theclosedcircle/3064920019,data/desktop_scenes_batch4/manifest.csv
https://flickr.com/photos/thedailyenglishshow/18290749973,https://www.flickr.com/photos/thedailyenglishshow/18290749973,data/desktop_scenes_batch5/manifest.csv
https://flickr.com/photos/theilr/6925079769,https://www.flickr.com/photos/theilr/6925079769,data/desktop_scenes_batch5/manifest.csv
https://flickr.com/photos/thejumps/24270589,https://www.flickr.com/photos/thejumps/24270589,data/desktop_scenes_batch3/manifest.csv
https://flickr.com/photos/thejumps/3885239844,https://www.flickr.com/photos/thejumps/3885239844,data/desktop_scenes_batch3/manifest.csv
https://flickr.com/photos/thejumps/4271476788,https://www.flickr.com/photos/thejumps/4271476788,data/desktop_scenes_batch3/manifest.csv
https://flickr.com/photos/thelivingroominkenmore/3933587176,https://www.flickr.com/photos/thelivingroominkenmore/3933587176,data/desktop_scenes_batch3/manifest.csv
https://flickr.com/photos/thelivingroominkenmore/4125819509,https://www.flickr.com/photos/thelivingroominkenmore/4125819509,data/desktop_scenes_batch3/manifest.csv
https://flickr.com/photos/thelivingroominkenmore/4189762432,https://www.flickr.com/photos/thelivingroominkenmore/4189762432,data/desktop_scenes_batch3/manifest.csv
https://flickr.com/photos/thelivingroominkenmore/4822016115,https://www.flickr.com/photos/thelivingroominkenmore/4822016115,data/desktop_scenes_batch3/manifest.csv
https://flickr.com/photos/themarmot/25898333348,https://www.flickr.com/photos/themarmot/25898333348,data/desktop_scenes_batch3/manifest.csv
https://flickr.com/photos/themuuj/2227362300,https://www.flickr.com/photos/themuuj/2227362300,data/desktop_scenes_batch3/manifest.csv
https://flickr.com/photos/theogeo/318711162,https://www.flickr.com/photos/theogeo/318711162,data/desktop_scenes_batch5/manifest.csv
https://flickr.com/photos/thepuzzler/5439476579,https://www.flickr.com/photos/thepuzzler/5439476579,data/desktop_scenes_batch5/manifest.csv
https://flickr.com/photos/theskord/3254915468,https://www.flickr.com/photos/theskord/3254915468,data/desktop_scenes_batch3/manifest.csv
https://flickr.com/photos/theyoungthousands/1425323707,https://www.flickr.com/photos/theyoungthousands/1425323707,data/desktop_scenes_batch3/manifest.csv
https://flickr.com/photos/theyoungthousands/1487154612,https://www.flickr.com/photos/theyoungthousands/1487154612,data/desktop_scenes_batch5/manifest.csv
https://flickr.com/photos/thirteenofclubs/4086615732,https://www.flickr.com/photos/thirteenofclubs/4086615732,data/desktop_scenes_batch3/manifest.csv
https://flickr.com/photos/threar/13607791513,https://www.flickr.com/photos/threar/13607791513,data/desktop_scenes_batch5/manifest.csv
https://flickr.com/photos/ticklemetummy/13820217445,https://www.flickr.com/photos/ticklemetummy/13820217445,data/desktop_scenes_batch3/manifest.csv
https://flickr.com/photos/tiffanyronquillo/12208094286,https://www.flickr.com/photos/tiffanyronquillo/12208094286,data/desktop_scenes_batch5/manifest.csv
https://flickr.com/photos/tightenup/1457227479,https://www.flickr.com/photos/tightenup/1457227479,data/desktop_scenes_batch3/manifest.csv
https://flickr.com/photos/tillwe/269584701,https://www.flickr.com/photos/tillwe/269584701,data/desktop_scenes_batch3/manifest.csv
https://flickr.com/photos/timevanson/39609647932,https://www.flickr.com/photos/timevanson/39609647932,data/desktop_scenes_batch5/manifest.csv
https://flickr.com/photos/timevanson/7670460942,https://www.flickr.com/photos/timevanson/7670460942,data/desktop_scenes_batch5/manifest.csv
https://flickr.com/photos/timjoyfamily/35116043221,https://www.flickr.com/photos/timjoyfamily/35116043221,data/desktop_scenes_batch3/manifest.csv
https://flickr.com/photos/timmenzies/2116202119,https://www.flickr.com/photos/timmenzies/2116202119,data/desktop_scenes_batch5/manifest.csv
https://flickr.com/photos/timothytsuihin/2929794223,https://www.flickr.com/photos/timothytsuihin/2929794223,data/desktop_scenes_batch5/manifest.csv
https://flickr.com/photos/timpatterson/5232430563,https://www.flickr.com/photos/timpatterson/5232430563,data/desktop_scenes_batch5/manifest.csv
https://flickr.com/photos/tinfoilraccoon/15851501,https://www.flickr.com/photos/tinfoilraccoon/15851501,data/desktop_scenes_batch4/manifest.csv
https://flickr.com/photos/tipsfortravellers/7585673426,https://www.flickr.com/photos/tipsfortravellers/7585673426,data/desktop_scenes_batch3/manifest.csv
https://flickr.com/photos/tjdegroat/16485522295,https://www.flickr.com/photos/tjdegroat/16485522295,data/desktop_scenes_batch4/manifest.csv
https://flickr.com/photos/tlazzara/4981453623,https://www.flickr.com/photos/tlazzara/4981453623,data/desktop_scenes_batch3/manifest.csv
https://flickr.com/photos/tmib/2785311123,https://www.flickr.com/photos/tmib/2785311123,data/desktop_scenes_batch3/manifest.csv
https://flickr.com/photos/tmib/2785311635,https://www.flickr.com/photos/tmib/2785311635,data/desktop_scenes_batch3/manifest.csv
https://flickr.com/photos/tmib/2786165770,https://www.flickr.com/photos/tmib/2786165770,data/desktop_scenes_batch3/manifest.csv
https://flickr.com/photos/tmib/2786166158,https://www.flickr.com/photos/tmib/2786166158,data/desktop_scenes_batch3/manifest.csv
https://flickr.com/photos/tnarik/3541265625,https://www.flickr.com/photos/tnarik/3541265625,data/desktop_scenes_batch5/manifest.csv
https://flickr.com/photos/tnarik/414054313,https://www.flickr.com/photos/tnarik/414054313,data/desktop_scenes_batch4/manifest.csv
https://flickr.com/photos/tobias_bomm/7544013066,https://www.flickr.com/photos/tobias_bomm/7544013066,data/desktop_scenes_batch5/manifest.csv
https://flickr.com/photos/tobias_bomm/7544014348,https://www.flickr.com/photos/tobias_bomm/7544014348,data/desktop_scenes_batch5/manifest.csv
https://flickr.com/photos/tobias_bomm/7544016294,https://www.flickr.com/photos/tobias_bomm/7544016294,data/desktop_scenes_batch5/manifest.csv
https://flickr.com/photos/tobias_bomm/7544018014,https://www.flickr.com/photos/tobias_bomm/7544018014,data/desktop_scenes_batch5/manifest.csv
https://flickr.com/photos/tobias_bomm/7585031328,https://www.flickr.com/photos/tobias_bomm/7585031328,data/desktop_scenes_batch5/manifest.csv
https://flickr.com/photos/tobias_bomm/8985318743,https://www.flickr.com/photos/tobias_bomm/8985318743,data/desktop_scenes_batch5/manifest.csv
https://flickr.com/photos/tolomea/2913917279,https://www.flickr.com/photos/tolomea/2913917279,data/desktop_scenes_batch5/manifest.csv
https://flickr.com/photos/tompagenet/4169704647,https://www.flickr.com/photos/tompagenet/4169704647,data/desktop_scenes_batch3/manifest.csv
https://flickr.com/photos/tompagenet/421516981,https://www.flickr.com/photos/tompagenet/421516981,data/desktop_scenes_batch4/manifest.csv
https://flickr.com/photos/tomronworldwide/15320079954,https://www.flickr.com/photos/tomronworldwide/15320079954,data/desktop_scenes_batch3/manifest.csv
https://flickr.com/photos/tomronworldwide/16016277227,https://www.flickr.com/photos/tomronworldwide/16016277227,data/desktop_scenes_batch3/manifest.csv
https://flickr.com/photos/tomronworldwide/34530357404,https://www.flickr.com/photos/tomronworldwide/34530357404,data/desktop_scenes_batch3/manifest.csv
https://flickr.com/photos/tomronworldwide/51090917449,https://www.flickr.com/photos/tomronworldwide/51090917449,data/desktop_scenes_batch3/manifest.csv
https://flickr.com/photos/toms/3572741353,https://www.flickr.com/photos/toms/3572741353,data/desktop_scenes_batch5/manifest.csv
https://flickr.com/photos/tomsaint/2444206480,https://www.flickr.com/photos/tomsaint/2444206480,data/desktop_scenes_batch3/manifest.csv
https://flickr.com/photos/toomanythoughts/54049453,https://www.flickr.com/photos/toomanythoughts/54049453,data/desktop_scenes_batch5/manifest.csv
https://flickr.com/photos/topgold/2867486900,https://www.flickr.com/photos/topgold/2867486900,data/desktop_scenes_batch5/manifest.csv
https://flickr.com/photos/torley/28433495982,https://www.flickr.com/photos/torley/28433495982,data/desktop_scenes_batch3/manifest.csv
https://flickr.com/photos/torontohistory/29087579115,https://www.flickr.com/photos/torontohistory/29087579115,data/desktop_scenes_batch3/manifest.csv
https://flickr.com/photos/torres21/5551296592,https://www.flickr.com/photos/torres21/5551296592,data/desktop_scenes_batch4/manifest.csv
https://flickr.com/photos/tps12/2359863920,https://www.flickr.com/photos/tps12/2359863920,data/desktop_scenes_batch4/manifest.csv
https://flickr.com/photos/tps12/2380313598,https://www.flickr.com/photos/tps12/2380313598,data/desktop_scenes_batch5/manifest.csv
https://flickr.com/photos/tracyhunter/121601422,https://www.flickr.com/photos/tracyhunter/121601422,data/desktop_scenes_batch5/manifest.csv
https://flickr.com/photos/tradlands/24768263172,https://www.flickr.com/photos/tradlands/24768263172,data/desktop_scenes_batch5/manifest.csv
https://flickr.com/photos/tranmautritam/33033642283,https://www.flickr.com/photos/tranmautritam/33033642283,data/desktop_scenes_batch4/manifest.csv
https://flickr.com/photos/trau_kainehm/6212351442,https://www.flickr.com/photos/trau_kainehm/6212351442,data/desktop_scenes_batch5/manifest.csv
https://flickr.com/photos/trec_lit/100248888,https://www.flickr.com/photos/trec_lit/100248888,data/desktop_scenes_batch4/manifest.csv
https://flickr.com/photos/trec_lit/19896145,https://www.flickr.com/photos/trec_lit/19896145,data/desktop_scenes_batch4/manifest.csv
https://flickr.com/photos/trec_lit/414108036,https://www.flickr.com/photos/trec_lit/414108036,data/desktop_scenes_batch3/manifest.csv
https://flickr.com/photos/trekkyandy/2351825718,https://www.flickr.com/photos/trekkyandy/2351825718,data/desktop_scenes_batch4/manifest.csv
https://flickr.com/photos/trendscout/5755833034,https://www.flickr.com/photos/trendscout/5755833034,data/desktop_scenes_batch5/manifest.csv
https://flickr.com/photos/trevor-king/24765956315,https://www.flickr.com/photos/trevor-king/24765956315,data/desktop_scenes_batch5/manifest.csv
https://flickr.com/photos/trevorandmarjee/5190303373,https://www.flickr.com/photos/trevorandmarjee/5190303373,data/desktop_scenes_batch3/manifest.csv
https://flickr.com/photos/trialsanderrors/7755450504,https://www.flickr.com/photos/trialsanderrors/7755450504,data/desktop_scenes_batch3/manifest.csv
https://flickr.com/photos/trianglereva/14730447421,https://www.flickr.com/photos/trianglereva/14730447421,data/desktop_scenes_batch3/manifest.csv
https://flickr.com/photos/trinovante/52637519392,https://www.flickr.com/photos/trinovante/52637519392,data/desktop_scenes_batch3/manifest.csv
https://flickr.com/photos/trinovante/52915859397,https://www.flickr.com/photos/trinovante/52915859397,data/desktop_scenes_batch3/manifest.csv
https://flickr.com/photos/trinovante/52923702797,https://www.flickr.com/photos/trinovante/52923702797,data/desktop_scenes_batch3/manifest.csv
https://flickr.com/photos/trinovante/53024518496,https://www.flickr.com/photos/trinovante/53024518496,data/desktop_scenes_batch3/manifest.csv
https://flickr.com/photos/trmd/296544003,https://www.flickr.com/photos/trmd/296544003,data/desktop_scenes_batch3/manifest.csv
https://flickr.com/photos/troykelly/5086955784,https://www.flickr.com/photos/troykelly/5086955784,data/desktop_scenes_batch5/manifest.csv
https://flickr.com/photos/tsakshaug/3196831662,https://www.flickr.com/photos/tsakshaug/3196831662,data/desktop_scenes_batch4/manifest.csv
https://flickr.com/photos/tsakshaug/4274209664,https://www.flickr.com/photos/tsakshaug/4274209664,data/desktop_scenes_batch4/manifest.csv
https://flickr.com/photos/tsnoni/4620854807,https://www.flickr.com/photos/tsnoni/4620854807,data/desktop_scenes_batch3/manifest.csv
https://flickr.com/photos/ttustudents/14951297765,https://www.flickr.com/photos/ttustudents/14951297765,data/desktop_scenes_batch3/manifest.csv
https://flickr.com/photos/tuchodi/195705622,https://www.flickr.com/photos/tuchodi/195705622,data/desktop_scenes_batch3/manifest.csv
https://flickr.com/photos/tusnelda/5734149350,https://www.flickr.com/photos/tusnelda/5734149350,data/desktop_scenes_batch3/manifest.csv
https://flickr.com/photos/twobears2/38252009412,https://www.flickr.com/photos/twobears2/38252009412,data/desktop_scenes_batch3/manifest.csv
https://flickr.com/photos/twobears2/6801765698,https://www.flickr.com/photos/twobears2/6801765698,data/desktop_scenes_batch4/manifest.csv
https://flickr.com/photos/twobears2/6947873477,https://www.flickr.com/photos/twobears2/6947873477,data/desktop_scenes_batch5/manifest.csv
https://flickr.com/photos/twylo/3557547183,https://www.flickr.com/photos/twylo/3557547183,data/desktop_scenes_batch3/manifest.csv
https://flickr.com/photos/typester/30339463,https://www.flickr.com/photos/typester/30339463,data/desktop_scenes_batch5/manifest.csv
https://flickr.com/photos/typester/4050364,https://www.flickr.com/photos/typester/4050364,data/desktop_scenes_batch3/manifest.csv
https://flickr.com/photos/tyrian123/477857329,https://www.flickr.com/photos/tyrian123/477857329,data/desktop_scenes_batch5/manifest.csv
https://flickr.com/photos/uberculture/2503836572,https://www.flickr.com/photos/uberculture/2503836572,data/desktop_scenes_batch3/manifest.csv
https://flickr.com/photos/uberculture/2877320497,https://www.flickr.com/photos/uberculture/2877320497,data/desktop_scenes_batch5/manifest.csv
https://flickr.com/photos/uberculture/4565579442,https://www.flickr.com/photos/uberculture/4565579442,data/desktop_scenes_batch3/manifest.csv
https://flickr.com/photos/ume-y/7519596566,https://www.flickr.com/photos/ume-y/7519596566,data/desktop_scenes_batch3/manifest.csv
https://flickr.com/photos/unclejojo/5569989061,https://www.flickr.com/photos/unclejojo/5569989061,data/desktop_scenes_batch3/manifest.csv
https://flickr.com/photos/uqbar/114629726,https://www.flickr.com/photos/uqbar/114629726,data/desktop_scenes_batch3/manifest.csv
https://flickr.com/photos/urthstripe/175202531,https://www.flickr.com/photos/urthstripe/175202531,data/desktop_scenes_batch5/manifest.csv
https://flickr.com/photos/urthstripe/278823791,https://www.flickr.com/photos/urthstripe/278823791,data/desktop_scenes_batch5/manifest.csv
https://flickr.com/photos/usagapg/36767805834,https://www.flickr.com/photos/usagapg/36767805834,data/desktop_scenes_batch3/manifest.csv
https://flickr.com/photos/usarmyafrica/4037014480,https://www.flickr.com/photos/usarmyafrica/4037014480,data/desktop_scenes_batch5/manifest.csv
https://flickr.com/photos/usarmyafrica/4457233956,https://www.flickr.com/photos/usarmyafrica/4457233956,data/desktop_scenes_batch3/manifest.csv
https://flickr.com/photos/usarmyccdc/14946809926,https://www.flickr.com/photos/usarmyccdc/14946809926,data/desktop_scenes_batch3/manifest.csv
https://flickr.com/photos/usdagov/20768659839,https://www.flickr.com/photos/usdagov/20768659839,data/desktop_scenes_batch3/manifest.csv
https://flickr.com/photos/usdagov/8002885658,https://www.flickr.com/photos/usdagov/8002885658,data/desktop_scenes_batch3/manifest.csv
https://flickr.com/photos/usembassyjlm/5096347992,https://www.flickr.com/photos/usembassyjlm/5096347992,data/desktop_scenes_batch5/manifest.csv
https://flickr.com/photos/usfsregion5/5441673857,https://www.flickr.com/photos/usfsregion5/5441673857,data/desktop_scenes_batch5/manifest.csv
https://flickr.com/photos/usmcarchives/14981545282,https://www.flickr.com/photos/usmcarchives/14981545282,data/desktop_scenes_batch3/manifest.csv
https://flickr.com/photos/usnationalarchives/18411899240,https://www.flickr.com/photos/usnationalarchives/18411899240,data/desktop_scenes_batch5/manifest.csv
https://flickr.com/photos/valakirka/3940994737,https://www.flickr.com/photos/valakirka/3940994737,data/desktop_scenes_batch3/manifest.csv
https://flickr.com/photos/vanhoosear/22328135374,https://www.flickr.com/photos/vanhoosear/22328135374,data/desktop_scenes_batch3/manifest.csv
https://flickr.com/photos/vanhoosear/22558706579,https://www.flickr.com/photos/vanhoosear/22558706579,data/desktop_scenes_batch3/manifest.csv
https://flickr.com/photos/vanhoosear/38772841020,https://www.flickr.com/photos/vanhoosear/38772841020,data/desktop_scenes_batch5/manifest.csv
https://flickr.com/photos/vanhoosear/39890507914,https://www.flickr.com/photos/vanhoosear/39890507914,data/desktop_scenes_batch4/manifest.csv
https://flickr.com/photos/vasenka/5027692247,https://www.flickr.com/photos/vasenka/5027692247,data/desktop_scenes_batch5/manifest.csv
https://flickr.com/photos/vasenka/5027693399,https://www.flickr.com/photos/vasenka/5027693399,data/desktop_scenes_batch3/manifest.csv
https://flickr.com/photos/vastateparksstaff/36392354703,https://www.flickr.com/photos/vastateparksstaff/36392354703,data/desktop_scenes_batch3/manifest.csv
https://flickr.com/photos/vastateparksstaff/37064298031,https://www.flickr.com/photos/vastateparksstaff/37064298031,data/desktop_scenes_batch3/manifest.csv
https://flickr.com/photos/vastateparksstaff/37064298631,https://www.flickr.com/photos/vastateparksstaff/37064298631,data/desktop_scenes_batch3/manifest.csv
https://flickr.com/photos/venditti_min_min-venditti/25349929509,https://www.flickr.com/photos/venditti_min_min-venditti/25349929509,data/desktop_scenes_batch5/manifest.csv
https://flickr.com/photos/vernstyle/15820275154,https://www.flickr.com/photos/vernstyle/15820275154,data/desktop_scenes_batch3/manifest.csv
https://flickr.com/photos/vestman/3864963045,https://www.flickr.com/photos/vestman/3864963045,data/desktop_scenes_batch5/manifest.csv
https://flickr.com/photos/viajesyturismoaldia/5079684941,https://www.flickr.com/photos/viajesyturismoaldia/5079684941,data/desktop_scenes_batch3/manifest.csv
https://flickr.com/photos/vijayforvictory/10900560403,https://www.flickr.com/photos/vijayforvictory/10900560403,data/desktop_scenes_batch3/manifest.csv
https://flickr.com/photos/vikamno/1730660820,https://www.flickr.com/photos/vikamno/1730660820,data/desktop_scenes_batch5/manifest.csv
https://flickr.com/photos/villoks/2093970086,https://www.flickr.com/photos/villoks/2093970086,data/desktop_scenes_batch3/manifest.csv
https://flickr.com/photos/vincetraveller/34402666633,https://www.flickr.com/photos/vincetraveller/34402666633,data/desktop_scenes_batch3/manifest.csv
https://flickr.com/photos/visualpanic/3652931425,https://www.flickr.com/photos/visualpanic/3652931425,data/desktop_scenes_batch3/manifest.csv
https://flickr.com/photos/vitelone/2539940206,https://www.flickr.com/photos/vitelone/2539940206,data/desktop_scenes_batch3/manifest.csv
https://flickr.com/photos/vivevans/6282466429,https://www.flickr.com/photos/vivevans/6282466429,data/desktop_scenes_batch3/manifest.csv
https://flickr.com/photos/vmiramontes/3202221459,https://www.flickr.com/photos/vmiramontes/3202221459,data/desktop_scenes_batch3/manifest.csv
https://flickr.com/photos/vmiramontes/3203072076,https://www.flickr.com/photos/vmiramontes/3203072076,data/desktop_scenes_batch5/manifest.csv
https://flickr.com/photos/volvob12b/48955014783,https://www.flickr.com/photos/volvob12b/48955014783,data/desktop_scenes_batch5/manifest.csv
https://flickr.com/photos/vsellis/12353571003,https://www.flickr.com/photos/vsellis/12353571003,data/desktop_scenes_batch3/manifest.csv
https://flickr.com/photos/vwcampin/25805928830,https://www.flickr.com/photos/vwcampin/25805928830,data/desktop_scenes_batch3/manifest.csv
https://flickr.com/photos/waferboard/47315596522,https://www.flickr.com/photos/waferboard/47315596522,data/desktop_scenes_batch5/manifest.csv
https://flickr.com/photos/waferboard/6783298985,https://www.flickr.com/photos/waferboard/6783298985,data/desktop_scenes_batch3/manifest.csv
https://flickr.com/photos/waferboard/7597179670,https://www.flickr.com/photos/waferboard/7597179670,data/desktop_scenes_batch3/manifest.csv
https://flickr.com/photos/walterk29/334873562,https://www.flickr.com/photos/walterk29/334873562,data/desktop_scenes_batch5/manifest.csv
https://flickr.com/photos/wanderingone/1843137425,https://www.flickr.com/photos/wanderingone/1843137425,data/desktop_scenes_batch5/manifest.csv
https://flickr.com/photos/wanderingone/2246282103,https://www.flickr.com/photos/wanderingone/2246282103,data/desktop_scenes_batch3/manifest.csv
https://flickr.com/photos/wanderingone/327428436,https://www.flickr.com/photos/wanderingone/327428436,data/desktop_scenes_batch3/manifest.csv
https://flickr.com/photos/warrenlemay/52144690656,https://www.flickr.com/photos/warrenlemay/52144690656,data/desktop_scenes_batch5/manifest.csv
https://flickr.com/photos/warrenski/5503502440,https://www.flickr.com/photos/warrenski/5503502440,data/desktop_scenes_batch5/manifest.csv
https://flickr.com/photos/wasswasswass/1152257257,https://www.flickr.com/photos/wasswasswass/1152257257,data/desktop_scenes_batch3/manifest.csv
https://flickr.com/photos/watchwithkristin/3818392800,https://www.flickr.com/photos/watchwithkristin/3818392800,data/desktop_scenes_batch4/manifest.csv
https://flickr.com/photos/wbaiv/5832572765,https://www.flickr.com/photos/wbaiv/5832572765,data/desktop_scenes_batch5/manifest.csv
https://flickr.com/photos/wbaiv/5890365558,https://www.flickr.com/photos/wbaiv/5890365558,data/desktop_scenes_batch4/manifest.csv
https://flickr.com/photos/weddingwithedouard/1323901335,https://www.flickr.com/photos/weddingwithedouard/1323901335,data/desktop_scenes_batch3/manifest.csv
https://flickr.com/photos/weddingwithedouard/1324797104,https://www.flickr.com/photos/weddingwithedouard/1324797104,data/desktop_scenes_batch3/manifest.csv
https://flickr.com/photos/wezlo/8622634107,https://www.flickr.com/photos/wezlo/8622634107,data/desktop_scenes_batch3/manifest.csv
https://flickr.com/photos/whatleydude/3690590460,https://www.flickr.com/photos/whatleydude/3690590460,data/desktop_scenes_batch5/manifest.csv
https://flickr.com/photos/wickenden/3382757464,https://www.flickr.com/photos/wickenden/3382757464,data/desktop_scenes_batch3/manifest.csv
https://flickr.com/photos/wikier/4300159564,https://www.flickr.com/photos/wikier/4300159564,data/desktop_scenes_batch5/manifest.csv
https://flickr.com/photos/wildmountainrose/22498758229,https://www.flickr.com/photos/wildmountainrose/22498758229,data/desktop_scenes_batch5/manifest.csv
https://flickr.com/photos/willamettebiology/7484979954,https://www.flickr.com/photos/willamettebiology/7484979954,data/desktop_scenes_batch3/manifest.csv
https://flickr.com/photos/willbuckner/45371859772,https://www.flickr.com/photos/willbuckner/45371859772,data/desktop_scenes_batch3/manifest.csv
https://flickr.com/photos/williamhook/1982667653,https://www.flickr.com/photos/williamhook/1982667653,data/desktop_scenes_batch4/manifest.csv
https://flickr.com/photos/williamhook/2120136951,https://www.flickr.com/photos/williamhook/2120136951,data/desktop_scenes_batch4/manifest.csv
https://flickr.com/photos/williamhook/2633820180,https://www.flickr.com/photos/williamhook/2633820180,data/desktop_scenes_batch3/manifest.csv
https://flickr.com/photos/williamhook/2923262681,https://www.flickr.com/photos/williamhook/2923262681,data/desktop_scenes_batch3/manifest.csv
https://flickr.com/photos/williamhook/2981326427,https://www.flickr.com/photos/williamhook/2981326427,data/desktop_scenes_batch4/manifest.csv
https://flickr.com/photos/williamhook/3025287113,https://www.flickr.com/photos/williamhook/3025287113,data/desktop_scenes_batch4/manifest.csv
https://flickr.com/photos/williamismael/5536755903,https://www.flickr.com/photos/williamismael/5536755903,data/desktop_scenes_batch3/manifest.csv
https://flickr.com/photos/williamismael/5536757193,https://www.flickr.com/photos/williamismael/5536757193,data/desktop_scenes_batch5/manifest.csv
https://flickr.com/photos/williamismael/5537335646,https://www.flickr.com/photos/williamismael/5537335646,data/desktop_scenes_batch5/manifest.csv
https://flickr.com/photos/williamismael/5540101074,https://www.flickr.com/photos/williamismael/5540101074,data/desktop_scenes_batch3/manifest.csv
https://flickr.com/photos/williamismael/5541115555,https://www.flickr.com/photos/williamismael/5541115555,data/desktop_scenes_batch5/manifest.csv
https://flickr.com/photos/williamismael/6284629041,https://www.flickr.com/photos/williamismael/6284629041,data/desktop_scenes_batch5/manifest.csv
https://flickr.com/photos/williamismael/7063518425,https://www.flickr.com/photos/williamismael/7063518425,data/desktop_scenes_batch3/manifest.csv
https://flickr.com/photos/williamskitchen/5405387170,https://www.flickr.com/photos/williamskitchen/5405387170,data/desktop_scenes_batch3/manifest.csv
https://flickr.com/photos/willsisti/11031756685,https://www.flickr.com/photos/willsisti/11031756685,data/desktop_scenes_batch4/manifest.csv
https://flickr.com/photos/willsisti/11031857036,https://www.flickr.com/photos/willsisti/11031857036,data/desktop_scenes_batch4/manifest.csv
https://flickr.com/photos/willsisti/15724147007,https://www.flickr.com/photos/willsisti/15724147007,data/desktop_scenes_batch5/manifest.csv
https://flickr.com/photos/winecountrymedia/22785868764,https://www.flickr.com/photos/winecountrymedia/22785868764,data/desktop_scenes_batch3/manifest.csv
https://flickr.com/photos/winecountrymedia/23331735781,https://www.flickr.com/photos/winecountrymedia/23331735781,data/desktop_scenes_batch3/manifest.csv
https://flickr.com/photos/winecountrymedia/23388389156,https://www.flickr.com/photos/winecountrymedia/23388389156,data/desktop_scenes_batch3/manifest.csv
https://flickr.com/photos/withoutsound/640002770,https://www.flickr.com/photos/withoutsound/640002770,data/desktop_scenes_batch3/manifest.csv
https://flickr.com/photos/wiyre/20015517496,https://www.flickr.com/photos/wiyre/20015517496,data/desktop_scenes_batch4/manifest.csv
https://flickr.com/photos/wiyre/20041795025,https://www.flickr.com/photos/wiyre/20041795025,data/desktop_scenes_batch4/manifest.csv
https://flickr.com/photos/wm_archiv/3315752337,https://www.flickr.com/photos/wm_archiv/3315752337,data/desktop_scenes_batch3/manifest.csv
https://flickr.com/photos/wolfrage/3539943264,https://www.flickr.com/photos/wolfrage/3539943264,data/desktop_scenes_batch3/manifest.csv
https://flickr.com/photos/wonderlane/12546447343,https://www.flickr.com/photos/wonderlane/12546447343,data/desktop_scenes_batch4/manifest.csv
https://flickr.com/photos/wonderlane/5042550683,https://www.flickr.com/photos/wonderlane/5042550683,data/desktop_scenes_batch5/manifest.csv
https://flickr.com/photos/wonderlane/5552510206,https://www.flickr.com/photos/wonderlane/5552510206,data/desktop_scenes_batch3/manifest.csv
https://flickr.com/photos/wonderlane/7244642326,https://www.flickr.com/photos/wonderlane/7244642326,data/desktop_scenes_batch3/manifest.csv
https://flickr.com/photos/wonderlane/7653667306,https://www.flickr.com/photos/wonderlane/7653667306,data/desktop_scenes_batch3/manifest.csv
https://flickr.com/photos/wordridden/152412617,https://www.flickr.com/photos/wordridden/152412617,data/desktop_scenes_batch3/manifest.csv
https://flickr.com/photos/wordridden/4308643103,https://www.flickr.com/photos/wordridden/4308643103,data/desktop_scenes_batch3/manifest.csv
https://flickr.com/photos/wordridden/4422739605,https://www.flickr.com/photos/wordridden/4422739605,data/desktop_scenes_batch3/manifest.csv
https://flickr.com/photos/world_trade_organization/24127894707,https://www.flickr.com/photos/world_trade_organization/24127894707,data/desktop_scenes_batch4/manifest.csv
https://flickr.com/photos/world_trade_organization/38105582755,https://www.flickr.com/photos/world_trade_organization/38105582755,data/desktop_scenes_batch4/manifest.csv
https://flickr.com/photos/worldsworstphotographerintheworld/10739291,https://www.flickr.com/photos/worldsworstphotographerintheworld/10739291,data/desktop_scenes_batch5/manifest.csv
https://flickr.com/photos/wrobel/287996262,https://www.flickr.com/photos/wrobel/287996262,data/desktop_scenes_batch5/manifest.csv
https://flickr.com/photos/wwward0/20456289979,https://www.flickr.com/photos/wwward0/20456289979,data/desktop_scenes_batch5/manifest.csv
https://flickr.com/photos/wwworks/14216511747,https://www.flickr.com/photos/wwworks/14216511747,data/desktop_scenes_batch3/manifest.csv
https://flickr.com/photos/x1brett/4745367108,https://www.flickr.com/photos/x1brett/4745367108,data/desktop_scenes_batch5/manifest.csv
https://flickr.com/photos/x1brett/6341233869,https://www.flickr.com/photos/x1brett/6341233869,data/desktop_scenes_batch3/manifest.csv
https://flickr.com/photos/x1brett/6341976888,https://www.flickr.com/photos/x1brett/6341976888,data/desktop_scenes_batch3/manifest.csv
https://flickr.com/photos/xabi/2299883199,https://www.flickr.com/photos/xabi/2299883199,data/desktop_scenes_batch5/manifest.csv
https://flickr.com/photos/xmacex/5097172037,https://www.flickr.com/photos/xmacex/5097172037,data/desktop_scenes_batch4/manifest.csv
https://flickr.com/photos/xmacex/5097768534,https://www.flickr.com/photos/xmacex/5097768534,data/desktop_scenes_batch4/manifest.csv
https://flickr.com/photos/xurble/172162736,https://www.flickr.com/photos/xurble/172162736,data/desktop_scenes_batch5/manifest.csv
https://flickr.com/photos/xy-zee/14544986059,https://www.flickr.com/photos/xy-zee/14544986059,data/desktop_scenes_batch3/manifest.csv
https://flickr.com/photos/y6y6y6/3733628103,https://www.flickr.com/photos/y6y6y6/3733628103,data/desktop_scenes_batch5/manifest.csv
https://flickr.com/photos/yaketyyakyak/7306702378,https://www.flickr.com/photos/yaketyyakyak/7306702378,data/desktop_scenes_batch3/manifest.csv
https://flickr.com/photos/yogma/3114210612,https://www.flickr.com/photos/yogma/3114210612,data/desktop_scenes_batch3/manifest.csv
https://flickr.com/photos/yourcastlesdecor/10862040063,https://www.flickr.com/photos/yourcastlesdecor/10862040063,data/desktop_scenes_batch3/manifest.csv
https://flickr.com/photos/yourcastlesdecor/14664113462,https://www.flickr.com/photos/yourcastlesdecor/14664113462,data/desktop_scenes_batch3/manifest.csv
https://flickr.com/photos/yourhomebasedmom/8194376216,https://www.flickr.com/photos/yourhomebasedmom/8194376216,data/desktop_scenes_batch5/manifest.csv
https://flickr.com/photos/yto/4575122460,https://www.flickr.com/photos/yto/4575122460,data/desktop_scenes_batch3/manifest.csv
https://flickr.com/photos/zanastardust/2408894060,https://www.flickr.com/photos/zanastardust/2408894060,data/desktop_scenes_batch3/manifest.csv
https://flickr.com/photos/zedzdead/4798296761,https://www.flickr.com/photos/zedzdead/4798296761,data/desktop_scenes_batch3/manifest.csv
https://flickr.com/photos/zedzdead/4798928680,https://www.flickr.com/photos/zedzdead/4798928680,data/desktop_scenes_batch3/manifest.csv
https://flickr.com/photos/zedzdead/4798928826,https://www.flickr.com/photos/zedzdead/4798928826,data/desktop_scenes_batch4/manifest.csv
https://flickr.com/photos/zengarra/3842657670,https://www.flickr.com/photos/zengarra/3842657670,data/desktop_scenes_batch3/manifest.csv
https://flickr.com/photos/zepfanman/384375793,https://www.flickr.com/photos/zepfanman/384375793,data/desktop_scenes_batch5/manifest.csv
https://flickr.com/photos/zergatikez/5619743635,https://www.flickr.com/photos/zergatikez/5619743635,data/desktop_scenes_batch5/manifest.csv
https://flickr.com/photos/zero-waste/2423772098,https://www.flickr.com/photos/zero-waste/2423772098,data/desktop_scenes_batch3/manifest.csv
https://flickr.com/photos/zero_org/5198959253,https://www.flickr.com/photos/zero_org/5198959253,data/desktop_scenes_batch5/manifest.csv
https://flickr.com/photos/zigazou76/4955147699,https://www.flickr.com/photos/zigazou76/4955147699,data/desktop_scenes_batch5/manifest.csv
https://flickr.com/photos/zimpenfish/3135563993,https://www.flickr.com/photos/zimpenfish/3135563993,data/desktop_scenes_batch5/manifest.csv
https://flickr.com/photos/zionfiction/21859162609,https://www.flickr.com/photos/zionfiction/21859162609,data/desktop_scenes_batch5/manifest.csv
https://flickr.com/photos/zionfiction/22636346293,https://www.flickr.com/photos/zionfiction/22636346293,data/desktop_scenes_batch3/manifest.csv
https://flickr.com/photos/zizou/5081106,https://www.flickr.com/photos/zizou/5081106,data/desktop_scenes_batch3/manifest.csv
https://flickr.com/photos/zoetnet/5192943607,https://www.flickr.com/photos/zoetnet/5192943607,data/desktop_scenes_batch4/manifest.csv
https://flickr.com/photos/zulfinho/444639615,https://www.flickr.com/photos/zulfinho/444639615,data/desktop_scenes_batch4/manifest.csv
https://flickr.com/photos/zzascape/3693810753,https://www.flickr.com/photos/zzascape/3693810753,data/desktop_scenes_batch3/manifest.csv
https://flickr.com/photos/zzascape/3693812581,https://www.flickr.com/photos/zzascape/3693812581,data/desktop_scenes_batch3/manifest.csv
https://n2t.net/ark:/65665/ng49ca746b3-6dca-704b-e053-15f76fa0b4fa,https://n2t.net/ark:/65665/ng49ca746b3-6dca-704b-e053-15f76fa0b4fa,data/desktop_scenes_batch2/manifest.csv
https://nmaahc.si.edu/object/nmaahc_2021.13.4,https://nmaahc.si.edu/object/nmaahc_2021.13.4,data/desktop_scenes_batch2/manifest.csv
https://rawpixel.com/image/13974230/image-paper-airplane-wood,https://www.rawpixel.com/image/13974230/image-paper-airplane-wood,data/desktop_scenes_batch2/manifest.csv
https://rawpixel.com/image/14264025/miss-mary-warner-her-night-table-heinrich-kuhn,https://www.rawpixel.com/image/14264025/miss-mary-warner-her-night-table-heinrich-kuhn,data/desktop_scenes_batch2/manifest.csv
https://rawpixel.com/image/3283658/free-photo-image-sunglasses-cactus-home-office,https://www.rawpixel.com/image/3283658/free-photo-image-sunglasses-cactus-home-office,data/desktop_scenes_batch2/manifest.csv
https://rawpixel.com/image/3293671/free-photo-image-blossom-cc0-couch,https://www.rawpixel.com/image/3293671/free-photo-image-blossom-cc0-couch,data/desktop_scenes_batch2/manifest.csv
https://rawpixel.com/image/3302181/free-photo-image-interior-design-living-room-art-flowers-table,https://www.rawpixel.com/image/3302181/free-photo-image-interior-design-living-room-art-flowers-table,data/desktop_scenes_batch2/manifest.csv
https://rawpixel.com/image/432985/free-photo-image-office-coffee-desk,https://www.rawpixel.com/image/432985/free-photo-image-office-coffee-desk,data/desktop_scenes_batch2/manifest.csv
https://rawpixel.com/image/5905589/photo-image-background-phone-public-domain,https://www.rawpixel.com/image/5905589/photo-image-background-phone-public-domain,data/desktop_scenes_batch2/manifest.csv
https://rawpixel.com/image/5913988/image-background-public-domain-notebook,https://www.rawpixel.com/image/5913988/image-background-public-domain-notebook,data/desktop_scenes_batch2/manifest.csv
https://rawpixel.com/image/5914507/image-background-public-domain-technology,https://www.rawpixel.com/image/5914507/image-background-public-domain-technology,data/desktop_scenes_batch2/manifest.csv
https://rawpixel.com/image/5916667/image-flower-public-domain-nature,https://www.rawpixel.com/image/5916667/image-flower-public-domain-nature,data/desktop_scenes_batch2/manifest.csv
https://rawpixel.com/image/5921373/photo-image-public-domain-brush-beauty,https://www.rawpixel.com/image/5921373/photo-image-public-domain-brush-beauty,data/desktop_scenes_batch2/manifest.csv
https://rawpixel.com/image/5921515/photo-image-background-public-domain-technology,https://www.rawpixel.com/image/5921515/photo-image-background-public-domain-technology,data/desktop_scenes_batch2/manifest.csv
https://rawpixel.com/image/5923563/photo-image-public-domain-pen-table,https://www.rawpixel.com/image/5923563/photo-image-public-domain-pen-table,data/desktop_scenes_batch2/manifest.csv
https://rawpixel.com/image/5924358/craft-tools-free-public-domain-cc0-photo,https://www.rawpixel.com/image/5924358/craft-tools-free-public-domain-cc0-photo,data/desktop_scenes_batch2/manifest.csv
https://rawpixel.com/image/5926217/photo-image-flowers-public-domain-note,https://www.rawpixel.com/image/5926217/photo-image-flowers-public-domain-note,data/desktop_scenes_batch2/manifest.csv
https://rawpixel.com/image/5945278/free-public-domain-cc0-photo,https://www.rawpixel.com/image/5945278/free-public-domain-cc0-photo,data/desktop_scenes_batch2/manifest.csv
https://rawpixel.com/image/5955518/free-public-domain-cc0-photo,https://www.rawpixel.com/image/5955518/free-public-domain-cc0-photo,data/desktop_scenes_batch2/manifest.csv
https://rawpixel.com/image/5968175/cake-tea-book-cafe,https://www.rawpixel.com/image/5968175/cake-tea-book-cafe,data/desktop_scenes_batch2/manifest.csv
https://rawpixel.com/image/5969821/pencils-table,https://www.rawpixel.com/image/5969821/pencils-table,data/desktop_scenes_batch2/manifest.csv
https://shopify.com/stock-photos/photos/a-bowl-of-noodles-sits-in-front-of-a-laptop-on-a-desk,https://www.shopify.com/stock-photos/photos/a-bowl-of-noodles-sits-in-front-of-a-laptop-on-a-desk,data/desktop_scenes_batch2/manifest.csv
https://shopify.com/stock-photos/photos/a-desktop-covered-in-laptop-coffee-stains-and-post-it-notes,https://www.shopify.com/stock-photos/photos/a-desktop-covered-in-laptop-coffee-stains-and-post-it-notes,data/provider_probe_shopify/manifest.csv
https://shopify.com/stock-photos/photos/a-detailed-wedding-table-setting,https://www.shopify.com/stock-photos/photos/a-detailed-wedding-table-setting,data/desktop_scenes_batch2/manifest.csv
https://shopify.com/stock-photos/photos/administrative-assistant-sign,https://www.shopify.com/stock-photos/photos/administrative-assistant-sign,data/desktop_scenes_batch2/manifest.csv
https://shopify.com/stock-photos/photos/afternoon-picnic-table-reading,https://www.shopify.com/stock-photos/photos/afternoon-picnic-table-reading,data/desktop_scenes_batch2/manifest.csv
https://shopify.com/stock-photos/photos/an-outdoor-patio-with-a-rollin-with-my-homies-sign,https://www.shopify.com/stock-photos/photos/an-outdoor-patio-with-a-rollin-with-my-homies-sign,data/desktop_scenes_batch2/manifest.csv
https://shopify.com/stock-photos/photos/angled-view-of-clean-desk-and-chair-setup,https://www.shopify.com/stock-photos/photos/angled-view-of-clean-desk-and-chair-setup,data/desktop_scenes/manifest.csv
https://shopify.com/stock-photos/photos/artist-designer-at-work,https://www.shopify.com/stock-photos/photos/artist-designer-at-work,data/provider_probe_shopify/manifest.csv
https://shopify.com/stock-photos/photos/artsy-layout-with-a-book-and-coffee,https://www.shopify.com/stock-photos/photos/artsy-layout-with-a-book-and-coffee,data/provider_probe_shopify/manifest.csv
https://shopify.com/stock-photos/photos/cafe-cup-on-wood-table,https://www.shopify.com/stock-photos/photos/cafe-cup-on-wood-table,data/desktop_scenes_batch2/manifest.csv
https://shopify.com/stock-photos/photos/carved-chinese-characters,https://www.shopify.com/stock-photos/photos/carved-chinese-characters,data/desktop_scenes_batch2/manifest.csv
https://shopify.com/stock-photos/photos/close-up-white-mug-filled-with-coffee-on-a-desk,https://www.shopify.com/stock-photos/photos/close-up-white-mug-filled-with-coffee-on-a-desk,data/provider_probe_shopify/manifest.csv
https://shopify.com/stock-photos/photos/coffee-cup-on-table-top,https://www.shopify.com/stock-photos/photos/coffee-cup-on-table-top,data/desktop_scenes_batch2/manifest.csv
https://shopify.com/stock-photos/photos/coffee-cup-on-wooden-table,https://www.shopify.com/stock-photos/photos/coffee-cup-on-wooden-table,data/desktop_scenes_batch2/manifest.csv
https://shopify.com/stock-photos/photos/colourful-buildings-frame-outdoor-dining-in-a-piazza-in-italy,https://www.shopify.com/stock-photos/photos/colourful-buildings-frame-outdoor-dining-in-a-piazza-in-italy,data/desktop_scenes_batch2/manifest.csv
https://shopify.com/stock-photos/photos/corner-table-with-ivy,https://www.shopify.com/stock-photos/photos/corner-table-with-ivy,data/desktop_scenes_batch2/manifest.csv
https://shopify.com/stock-photos/photos/creative-designers-desk,https://www.shopify.com/stock-photos/photos/creative-designers-desk,data/desktop_scenes/manifest.csv
https://shopify.com/stock-photos/photos/desert-picnic-stop,https://www.shopify.com/stock-photos/photos/desert-picnic-stop,data/desktop_scenes_batch2/manifest.csv
https://shopify.com/stock-photos/photos/designers-desk-flatlay,https://www.shopify.com/stock-photos/photos/designers-desk-flatlay,data/desktop_scenes/manifest.csv
https://shopify.com/stock-photos/photos/desk-and-chair-look-out-to-the-city-below,https://www.shopify.com/stock-photos/photos/desk-and-chair-look-out-to-the-city-below,data/desktop_scenes/manifest.csv
https://shopify.com/stock-photos/photos/desk-flat-lay-complete-with-coffee,https://www.shopify.com/stock-photos/photos/desk-flat-lay-complete-with-coffee,data/desktop_scenes/manifest.csv
https://shopify.com/stock-photos/photos/desk-in-teal-and-white-room,https://www.shopify.com/stock-photos/photos/desk-in-teal-and-white-room,data/desktop_scenes/manifest.csv
https://shopify.com/stock-photos/photos/desk-setup-with-motivational-poster,https://www.shopify.com/stock-photos/photos/desk-setup-with-motivational-poster,data/desktop_scenes/manifest.csv
https://shopify.com/stock-photos/photos/eastern-dining-at-candle-light,https://www.shopify.com/stock-photos/photos/eastern-dining-at-candle-light,data/desktop_scenes_batch2/manifest.csv
https://shopify.com/stock-photos/photos/flatlay-of-coffee-and-computer-on-wooden-surface,https://www.shopify.com/stock-photos/photos/flatlay-of-coffee-and-computer-on-wooden-surface,data/provider_probe_shopify/manifest.csv
https://shopify.com/stock-photos/photos/front-facing-view-of-clean-desk-and-chair-setup,https://www.shopify.com/stock-photos/photos/front-facing-view-of-clean-desk-and-chair-setup,data/desktop_scenes/manifest.csv
https://shopify.com/stock-photos/photos/front-facing-view-of-clean-desk-setup,https://www.shopify.com/stock-photos/photos/front-facing-view-of-clean-desk-setup,data/desktop_scenes/manifest.csv
https://shopify.com/stock-photos/photos/front-facing-view-of-minimal-desk-setup,https://www.shopify.com/stock-photos/photos/front-facing-view-of-minimal-desk-setup,data/desktop_scenes/manifest.csv
https://shopify.com/stock-photos/photos/intimate-table-for-two,https://www.shopify.com/stock-photos/photos/intimate-table-for-two,data/desktop_scenes_batch2/manifest.csv
https://shopify.com/stock-photos/photos/ivy-hanging-over-table,https://www.shopify.com/stock-photos/photos/ivy-hanging-over-table,data/desktop_scenes_batch2/manifest.csv
https://shopify.com/stock-photos/photos/man-at-computer-looking-at-graphs-drinking-coffee,https://www.shopify.com/stock-photos/photos/man-at-computer-looking-at-graphs-drinking-coffee,data/desktop_scenes/manifest.csv
https://shopify.com/stock-photos/photos/man-at-desk-looking-at-his-newspaper,https://www.shopify.com/stock-photos/photos/man-at-desk-looking-at-his-newspaper,data/desktop_scenes/manifest.csv
https://shopify.com/stock-photos/photos/man-at-desk-writing-on-ipad-with-stylus,https://www.shopify.com/stock-photos/photos/man-at-desk-writing-on-ipad-with-stylus,data/desktop_scenes/manifest.csv
https://shopify.com/stock-photos/photos/modern-tableware-design-in-outdoor-setting,https://www.shopify.com/stock-photos/photos/modern-tableware-design-in-outdoor-setting,data/desktop_scenes_batch2/manifest.csv
https://shopify.com/stock-photos/photos/objects-on-a-desk-throw-shadows-from-a-lamp,https://www.shopify.com/stock-photos/photos/objects-on-a-desk-throw-shadows-from-a-lamp,data/desktop_scenes/manifest.csv
https://shopify.com/stock-photos/photos/open-door-in-dining-area-of-cabin,https://www.shopify.com/stock-photos/photos/open-door-in-dining-area-of-cabin,data/desktop_scenes_batch2/manifest.csv
https://shopify.com/stock-photos/photos/perfect-picnic-in-park-by-the-shore,https://www.shopify.com/stock-photos/photos/perfect-picnic-in-park-by-the-shore,data/desktop_scenes_batch2/manifest.csv
https://shopify.com/stock-photos/photos/person-laying-on-picnic-table-in-black-and-white,https://www.shopify.com/stock-photos/photos/person-laying-on-picnic-table-in-black-and-white,data/desktop_scenes_batch2/manifest.csv
https://shopify.com/stock-photos/photos/picnic-tables-in-a-snowy-park,https://www.shopify.com/stock-photos/photos/picnic-tables-in-a-snowy-park,data/desktop_scenes_batch2/manifest.csv
https://shopify.com/stock-photos/photos/pouring-coffee-closeup,https://www.shopify.com/stock-photos/photos/pouring-coffee-closeup,data/desktop_scenes_batch2/manifest.csv
https://shopify.com/stock-photos/photos/pretty-picnic-table-in-park,https://www.shopify.com/stock-photos/photos/pretty-picnic-table-in-park,data/desktop_scenes_batch2/manifest.csv
https://shopify.com/stock-photos/photos/rear-view-of-jewelers-desk,https://www.shopify.com/stock-photos/photos/rear-view-of-jewelers-desk,data/desktop_scenes_batch2/manifest.csv
https://shopify.com/stock-photos/photos/rose-wine-on-table,https://www.shopify.com/stock-photos/photos/rose-wine-on-table,data/desktop_scenes_batch2/manifest.csv
https://shopify.com/stock-photos/photos/sofa-and-coffee-table-on-large-balcony,https://www.shopify.com/stock-photos/photos/sofa-and-coffee-table-on-large-balcony,data/desktop_scenes_batch2/manifest.csv
https://shopify.com/stock-photos/photos/stack-of-books-and-candles-on-a-lounge-coffee-table,https://www.shopify.com/stock-photos/photos/stack-of-books-and-candles-on-a-lounge-coffee-table,data/desktop_scenes_batch2/manifest.csv
https://shopify.com/stock-photos/photos/summer-dinner-party-setup,https://www.shopify.com/stock-photos/photos/summer-dinner-party-setup,data/desktop_scenes_batch2/manifest.csv
https://shopify.com/stock-photos/photos/table-for-two,https://www.shopify.com/stock-photos/photos/table-for-two,data/desktop_scenes_batch2/manifest.csv
https://shopify.com/stock-photos/photos/table-with-iced-coffee-and-a-cell-phone-face-down,https://www.shopify.com/stock-photos/photos/table-with-iced-coffee-and-a-cell-phone-face-down,data/desktop_scenes_batch2/manifest.csv
https://shopify.com/stock-photos/photos/teachers-desk-calendar,https://www.shopify.com/stock-photos/photos/teachers-desk-calendar,data/desktop_scenes/manifest.csv
https://shopify.com/stock-photos/photos/the-bride-the-groom-the-table,https://www.shopify.com/stock-photos/photos/the-bride-the-groom-the-table,data/desktop_scenes_batch2/manifest.csv
https://shopify.com/stock-photos/photos/typing-at-desk,https://www.shopify.com/stock-photos/photos/typing-at-desk,data/desktop_scenes_batch2/manifest.csv
https://shopify.com/stock-photos/photos/view-of-a-computer-desk-as-seen-from-above,https://www.shopify.com/stock-photos/photos/view-of-a-computer-desk-as-seen-from-above,data/provider_probe_shopify/manifest.csv
https://shopify.com/stock-photos/photos/white-wine-and-picnic-basket-with-flowers,https://www.shopify.com/stock-photos/photos/white-wine-and-picnic-basket-with-flowers,data/desktop_scenes_batch2/manifest.csv
https://shopify.com/stock-photos/photos/woman-reading-on-picnic-blanket,https://www.shopify.com/stock-photos/photos/woman-reading-on-picnic-blanket,data/desktop_scenes_batch2/manifest.csv
https://shopify.com/stock-photos/photos/woman-works-at-desk,https://www.shopify.com/stock-photos/photos/woman-works-at-desk,data/desktop_scenes_batch2/manifest.csv
https://shopify.com/stock-photos/photos/wooden-table-with-a-scale-and-pour-over-coffee,https://www.shopify.com/stock-photos/photos/wooden-table-with-a-scale-and-pour-over-coffee,data/desktop_scenes_batch2/manifest.csv
https://shopify.com/stock-photos/photos/wooden-table-with-latte-and-open-book-with-glasses,https://www.shopify.com/stock-photos/photos/wooden-table-with-latte-and-open-book-with-glasses,data/desktop_scenes_batch2/manifest.csv
https://shopify.com/stock-photos/photos/young-boy-drawing-on-coffee-table,https://www.shopify.com/stock-photos/photos/young-boy-drawing-on-coffee-table,data/desktop_scenes_batch2/manifest.csv
https://stocksnap.io/photo/beauty-salon-0AA03E91E8,https://stocksnap.io/photo/beauty-salon-0AA03E91E8,data/desktop_scenes_batch2/manifest.csv
https://stocksnap.io/photo/book-reading-3D00OXTKSD,https://stocksnap.io/photo/book-reading-3D00OXTKSD,data/desktop_scenes_batch2/manifest.csv
https://stocksnap.io/photo/books-knowledge-Q9KNRI9EU2,https://stocksnap.io/photo/books-knowledge-Q9KNRI9EU2,data/desktop_scenes_batch2/manifest.csv
https://stocksnap.io/photo/bowl-apples-2SHBGB4ZCZ,https://stocksnap.io/photo/bowl-apples-2SHBGB4ZCZ,data/desktop_scenes_batch2/manifest.csv
https://stocksnap.io/photo/business-office-NFQXL48U22,https://stocksnap.io/photo/business-office-NFQXL48U22,data/desktop_scenes_batch2/manifest.csv
https://stocksnap.io/photo/cafe-window-NDIQFBYIHR,https://stocksnap.io/photo/cafe-window-NDIQFBYIHR,data/desktop_scenes_batch2/manifest.csv
https://stocksnap.io/photo/coffee-flowers-96XIPRZQ6Z,https://stocksnap.io/photo/coffee-flowers-96XIPRZQ6Z,data/desktop_scenes_batch2/manifest.csv
https://stocksnap.io/photo/cooking-ingredients-573HXXCQWB,https://stocksnap.io/photo/cooking-ingredients-573HXXCQWB,data/desktop_scenes_batch2/manifest.csv
https://stocksnap.io/photo/cup-flatlay-FCPVTTJJLS,https://stocksnap.io/photo/cup-flatlay-FCPVTTJJLS,data/desktop_scenes_batch2/manifest.csv
https://stocksnap.io/photo/cup-flatlay-OSD32NBXHE,https://stocksnap.io/photo/cup-flatlay-OSD32NBXHE,data/desktop_scenes_batch2/manifest.csv
https://stocksnap.io/photo/desktop-computer-B4145FFE64,https://stocksnap.io/photo/desktop-computer-B4145FFE64,data/desktop_scenes_batch2/manifest.csv
https://stocksnap.io/photo/domain-seo-KIJQ4DNA7K,https://stocksnap.io/photo/domain-seo-KIJQ4DNA7K,data/desktop_scenes_batch2/manifest.csv
https://stocksnap.io/photo/flatlay-coffee-XEHZ3E3S25,https://stocksnap.io/photo/flatlay-coffee-XEHZ3E3S25,data/desktop_scenes_batch2/manifest.csv
https://stocksnap.io/photo/flower-arrangment-LQS5SHPEF0,https://stocksnap.io/photo/flower-arrangment-LQS5SHPEF0,data/desktop_scenes_batch2/manifest.csv
https://stocksnap.io/photo/fresh-juice-HLK7EK6OLI,https://stocksnap.io/photo/fresh-juice-HLK7EK6OLI,data/desktop_scenes_batch2/manifest.csv
https://stocksnap.io/photo/furniture-table-D7CB4MUN1O,https://stocksnap.io/photo/furniture-table-D7CB4MUN1O,data/desktop_scenes_batch2/manifest.csv
https://stocksnap.io/photo/journal-notepad-DPKNIIN5X3,https://stocksnap.io/photo/journal-notepad-DPKNIIN5X3,data/desktop_scenes_batch2/manifest.csv
https://stocksnap.io/photo/laptop-apple-N6NK9J8V0A,https://stocksnap.io/photo/laptop-apple-N6NK9J8V0A,data/desktop_scenes_batch2/manifest.csv
https://stocksnap.io/photo/laptop-mac-OR7D4PANCK,https://stocksnap.io/photo/laptop-mac-OR7D4PANCK,data/desktop_scenes_batch2/manifest.csv
https://stocksnap.io/photo/laptop-marble-PIBKIKTJ81,https://stocksnap.io/photo/laptop-marble-PIBKIKTJ81,data/desktop_scenes_batch2/manifest.csv
https://stocksnap.io/photo/laptop-top-YR1I6HCCOP,https://stocksnap.io/photo/laptop-top-YR1I6HCCOP,data/desktop_scenes_batch2/manifest.csv
https://stocksnap.io/photo/laptops-macbook-568E3E34AE,https://stocksnap.io/photo/laptops-macbook-568E3E34AE,data/desktop_scenes_batch2/manifest.csv
https://stocksnap.io/photo/lifestyle-office-0DW7NPB8RO,https://stocksnap.io/photo/lifestyle-office-0DW7NPB8RO,data/desktop_scenes_batch2/manifest.csv
https://stocksnap.io/photo/lifestyle-office-YXZ67J94XL,https://stocksnap.io/photo/lifestyle-office-YXZ67J94XL,data/desktop_scenes_batch2/manifest.csv
https://stocksnap.io/photo/macbook-laptop-05KLL3H3Y2,https://stocksnap.io/photo/macbook-laptop-05KLL3H3Y2,data/desktop_scenes_batch2/manifest.csv
https://stocksnap.io/photo/macbook-laptop-DWLWL9USBG,https://stocksnap.io/photo/macbook-laptop-DWLWL9USBG,data/desktop_scenes/manifest.csv
https://stocksnap.io/photo/macbook-laptop-RT7CEKDRRK,https://stocksnap.io/photo/macbook-laptop-RT7CEKDRRK,data/desktop_scenes_batch2/manifest.csv
https://stocksnap.io/photo/minimal-office-CZWGWFXJYB,https://stocksnap.io/photo/minimal-office-CZWGWFXJYB,data/desktop_scenes_batch2/manifest.csv
https://stocksnap.io/photo/notebook-notepad-UUY821MG70,https://stocksnap.io/photo/notebook-notepad-UUY821MG70,data/desktop_scenes_batch2/manifest.csv
https://stocksnap.io/photo/office-work-0XSI6G2KM2,https://stocksnap.io/photo/office-work-0XSI6G2KM2,data/desktop_scenes_batch2/manifest.csv
https://stocksnap.io/photo/office-work-13UNSPJHCZ,https://stocksnap.io/photo/office-work-13UNSPJHCZ,data/desktop_scenes_batch2/manifest.csv
https://stocksnap.io/photo/office-work-3TJ6NCTIRT,https://stocksnap.io/photo/office-work-3TJ6NCTIRT,data/desktop_scenes_batch2/manifest.csv
https://stocksnap.io/photo/office-work-42H3JH8QI5,https://stocksnap.io/photo/office-work-42H3JH8QI5,data/desktop_scenes_batch2/manifest.csv
https://stocksnap.io/photo/office-work-8C8OQBT89V,https://stocksnap.io/photo/office-work-8C8OQBT89V,data/desktop_scenes_batch2/manifest.csv
https://stocksnap.io/photo/office-work-8P6GFHP0LU,https://stocksnap.io/photo/office-work-8P6GFHP0LU,data/desktop_scenes_batch2/manifest.csv
https://stocksnap.io/photo/office-work-91WZ32J28K,https://stocksnap.io/photo/office-work-91WZ32J28K,data/desktop_scenes_batch2/manifest.csv
https://stocksnap.io/photo/office-work-DB8D7GBTJH,https://stocksnap.io/photo/office-work-DB8D7GBTJH,data/desktop_scenes_batch2/manifest.csv
https://stocksnap.io/photo/office-work-L0B2V4NBWP,https://stocksnap.io/photo/office-work-L0B2V4NBWP,data/desktop_scenes_batch2/manifest.csv
https://stocksnap.io/photo/office-work-QK8UF7C718,https://stocksnap.io/photo/office-work-QK8UF7C718,data/desktop_scenes_batch2/manifest.csv
https://stocksnap.io/photo/office-work-V9MJ5T4TUU,https://stocksnap.io/photo/office-work-V9MJ5T4TUU,data/desktop_scenes_batch2/manifest.csv
https://stocksnap.io/photo/office-work-VHXFNKMU96,https://stocksnap.io/photo/office-work-VHXFNKMU96,data/desktop_scenes_batch2/manifest.csv
https://stocksnap.io/photo/paint-supplies-TCHBOFXNQ1,https://stocksnap.io/photo/paint-supplies-TCHBOFXNQ1,data/desktop_scenes_batch2/manifest.csv
https://stocksnap.io/photo/paper-note-QOXXE6MGO8,https://stocksnap.io/photo/paper-note-QOXXE6MGO8,data/desktop_scenes_batch2/manifest.csv
https://stocksnap.io/photo/pink-flower-ADCKZU8DRE,https://stocksnap.io/photo/pink-flower-ADCKZU8DRE,data/desktop_scenes_batch2/manifest.csv
https://stocksnap.io/photo/seo-ppc-9699Y6WKLD,https://stocksnap.io/photo/seo-ppc-9699Y6WKLD,data/desktop_scenes_batch2/manifest.csv
https://stocksnap.io/photo/team-meeting-69TMH4ITIE,https://stocksnap.io/photo/team-meeting-69TMH4ITIE,data/desktop_scenes_batch2/manifest.csv
https://stocksnap.io/photo/top-laptop-DWQKYDVEKD,https://stocksnap.io/photo/top-laptop-DWQKYDVEKD,data/desktop_scenes_batch2/manifest.csv
https://stocksnap.io/photo/top-workspace-MY9TVNEESX,https://stocksnap.io/photo/top-workspace-MY9TVNEESX,data/desktop_scenes_batch2/manifest.csv
https://stocksnap.io/photo/workspace-office-PGVJOGCJSO,https://stocksnap.io/photo/workspace-office-PGVJOGCJSO,data/desktop_scenes_batch2/manifest.csv
https://stocksnap.io/photo/writing-desk-E8VATIYGAF,https://stocksnap.io/photo/writing-desk-E8VATIYGAF,data/desktop_scenes_batch2/manifest.csv
https://stocksnap.io/photo/writing-drawing-8Y0EDX4VP9,https://stocksnap.io/photo/writing-drawing-8Y0EDX4VP9,data/desktop_scenes_batch2/manifest.csv
https://wordpress.org/photos/photo/42267aba73,https://wordpress.org/photos/photo/42267aba73/,data/desktop_scenes_batch2/manifest.csv
https://wordpress.org/photos/photo/58666fbbf9,https://wordpress.org/photos/photo/58666fbbf9/,data/desktop_scenes_batch2/manifest.csv
https://wordpress.org/photos/photo/65168ca7ef,https://wordpress.org/photos/photo/65168ca7ef/,data/desktop_scenes_batch2/manifest.csv
